-- phpMyAdmin SQL Dump
-- version 4.9.7
-- https://www.phpmyadmin.net/
--
-- Hôte : localhost:3306
-- Généré le : lun. 11 juil. 2022 à 00:33
-- Version du serveur :  10.2.44-MariaDB-cll-lve
-- Version de PHP : 7.4.30

SET SQL_MODE = "NO_AUTO_VALUE_ON_ZERO";
SET AUTOCOMMIT = 0;
START TRANSACTION;
SET time_zone = "+00:00";


/*!40101 SET @OLD_CHARACTER_SET_CLIENT=@@CHARACTER_SET_CLIENT */;
/*!40101 SET @OLD_CHARACTER_SET_RESULTS=@@CHARACTER_SET_RESULTS */;
/*!40101 SET @OLD_COLLATION_CONNECTION=@@COLLATION_CONNECTION */;
/*!40101 SET NAMES utf8mb4 */;

--
-- Base de données : `sdsttcom_gesteq`
--

-- --------------------------------------------------------

--
-- Structure de la table `feuille 1`
--

CREATE TABLE `feuille 1` (
  `A` varchar(10) DEFAULT NULL,
  `B` varchar(15) DEFAULT NULL,
  `C` varchar(9) DEFAULT NULL,
  `D` int(3) DEFAULT NULL,
  `E` varchar(10) DEFAULT NULL,
  `F` varchar(10) DEFAULT NULL,
  `G` varchar(10) DEFAULT NULL,
  `H` varchar(10) DEFAULT NULL,
  `I` varchar(10) DEFAULT NULL,
  `J` varchar(10) DEFAULT NULL
) ENGINE=InnoDB DEFAULT CHARSET=utf8;

--
-- Déchargement des données de la table `feuille 1`
--

INSERT INTO `feuille 1` (`A`, `B`, `C`, `D`, `E`, `F`, `G`, `H`, `I`, `J`) VALUES
(NULL, 'CADALEN', 'SACHA', 500, NULL, NULL, NULL, NULL, NULL, NULL),
(NULL, 'CONQ', 'ENZO', 500, NULL, NULL, NULL, NULL, NULL, NULL),
(NULL, 'CRENN', 'ADRIEN', 532, NULL, NULL, NULL, NULL, NULL, NULL),
(NULL, 'DEPAUW', 'Maxence', 500, NULL, NULL, NULL, NULL, NULL, NULL),
(NULL, 'DIREUR', 'EWEN', 734, NULL, NULL, NULL, NULL, NULL, NULL),
(NULL, 'FABREGUES', 'CHARLY', 500, NULL, NULL, NULL, NULL, NULL, NULL),
(NULL, 'FAUJOUR', 'EWAN', 524, NULL, NULL, NULL, NULL, NULL, NULL),
(NULL, 'FERNANDEZ', 'Lucas', 500, NULL, NULL, NULL, NULL, NULL, NULL),
(NULL, 'FERNANDEZ', 'Romain', 500, NULL, NULL, NULL, NULL, NULL, NULL),
(NULL, 'GREFFARD', 'Leslie', 500, NULL, NULL, NULL, NULL, NULL, NULL),
(NULL, 'HALLEGOUET', 'INES', 603, NULL, NULL, NULL, NULL, NULL, NULL),
(NULL, 'HALLEGOUET', 'AXEL', 500, NULL, NULL, NULL, NULL, NULL, NULL),
(NULL, 'HALLEGOUET', 'Lohan', 500, NULL, NULL, NULL, NULL, NULL, NULL),
(NULL, 'KEROMNES', 'CELIAN', 501, NULL, NULL, NULL, NULL, NULL, NULL),
(NULL, 'LE ROY', 'ALEXANDRE', 500, NULL, NULL, NULL, NULL, NULL, NULL),
(NULL, 'LE ROY', 'Florian', 500, NULL, NULL, NULL, NULL, NULL, NULL),
(NULL, 'LEAL BROCARD', 'GWENOLE', 630, NULL, NULL, NULL, NULL, NULL, NULL),
(NULL, 'LUCAS', 'CLEMENT', 744, NULL, NULL, NULL, NULL, NULL, NULL),
(NULL, 'MARADHOUR', 'Néouss', 500, NULL, NULL, NULL, NULL, NULL, NULL),
(NULL, 'MOAL LAGADEC', 'VICTORIEN', 500, NULL, NULL, NULL, NULL, NULL, NULL),
(NULL, 'PELLEAU', 'NOA', 710, NULL, NULL, NULL, NULL, NULL, NULL),
(NULL, 'PERREAU', 'LEMMY', 500, NULL, NULL, NULL, NULL, NULL, NULL),
(NULL, 'PERROT', 'Juliette', 500, NULL, NULL, NULL, NULL, NULL, NULL),
(NULL, 'PHILIPPOT', 'DAMIEN', 500, NULL, NULL, NULL, NULL, NULL, NULL),
(NULL, 'QUERE', 'TESS', 500, NULL, NULL, NULL, NULL, NULL, NULL),
(NULL, 'RAGUENES', 'MAYLINE', 500, NULL, NULL, NULL, NULL, NULL, NULL),
(NULL, 'RENAUD', 'NOAM', 500, NULL, NULL, NULL, NULL, NULL, NULL),
(NULL, 'ROBITZER', 'Josué', 500, NULL, NULL, NULL, NULL, NULL, NULL),
(NULL, 'ROIGNANT-MORVAN', 'EWEN', 500, NULL, NULL, NULL, NULL, NULL, NULL),
(NULL, 'SIMON', 'SHYREL', 500, NULL, NULL, NULL, NULL, NULL, NULL),
(NULL, 'STEPHAN', 'JADE', 500, NULL, NULL, NULL, NULL, NULL, NULL),
(NULL, 'VALLIER', 'ELODIE', 639, NULL, NULL, NULL, NULL, NULL, NULL),
(NULL, 'VIENNOT', 'AUDREY', 636, NULL, NULL, NULL, NULL, NULL, NULL),
(NULL, 'VIENNOT', 'PAUL', 617, NULL, NULL, NULL, NULL, NULL, NULL);

-- --------------------------------------------------------

--
-- Structure de la table `table_adversaire`
--

CREATE TABLE `table_adversaire` (
  `id_adversaire` int(11) NOT NULL,
  `id_adversaire_club_a` int(11) NOT NULL,
  `num_equipe` int(11) NOT NULL,
  `id_domext` int(11) NOT NULL,
  `divers_adversaire` varchar(255) NOT NULL
) ENGINE=InnoDB DEFAULT CHARSET=utf8;

--
-- Déchargement des données de la table `table_adversaire`
--

INSERT INTO `table_adversaire` (`id_adversaire`, `id_adversaire_club_a`, `num_equipe`, `id_domext`, `divers_adversaire`) VALUES
(1, 13, 1, 2, ''),
(2, 19, 1, 2, ''),
(3, 9, 1, 2, ''),
(4, 16, 1, 2, ''),
(5, 7, 2, 1, ''),
(6, 17, 3, 2, ''),
(7, 19, 2, 2, ''),
(8, 2, 1, 1, ''),
(9, 17, 1, 1, ''),
(10, 13, 1, 1, ''),
(11, 20, 1, 1, ''),
(12, 20, 3, 1, ''),
(13, 5, 2, 2, ''),
(14, 2, 1, 1, ''),
(15, 5, 2, 1, ''),
(16, 4, 8, 1, ''),
(17, 4, 1, 2, ''),
(18, 17, 1, 2, ''),
(19, 4, 4, 2, ''),
(20, 22, 1, 2, ''),
(21, 13, 4, 1, ''),
(22, 20, 2, 2, ''),
(23, 20, 3, 2, ''),
(24, 13, 5, 2, ''),
(25, 2, -1, 1, ''),
(26, 4, 1, 1, ''),
(27, 9, 2, 1, ''),
(28, 13, 3, 1, ''),
(29, 9, 7, 2, ''),
(30, 21, 1, 1, ''),
(31, 23, 1, 1, ''),
(32, 13, 4, 1, ''),
(33, 4, 2, 2, ''),
(34, 2, -1, 1, ''),
(35, 4, 3, 2, ''),
(36, 21, 1, 2, ''),
(37, 4, 8, 1, ''),
(38, 22, 2, 2, ''),
(39, 14, 2, 2, ''),
(40, 4, 8, 2, ''),
(41, 24, 2, 2, ''),
(42, 24, 1, 1, ''),
(43, 4, 5, 2, ''),
(44, 4, 7, 2, ''),
(45, 2, -1, 1, ''),
(46, 4, 7, 2, ''),
(47, 2, 1, 1, ''),
(48, 13, 5, 1, ''),
(49, 19, 1, 1, ''),
(50, 4, 2, 2, ''),
(51, 2, -1, 1, ''),
(52, 19, 2, 1, ''),
(53, 2, -1, 1, ''),
(54, 13, 2, 1, ''),
(55, 13, 3, 1, ''),
(56, 13, 4, 2, ''),
(57, 1, 1, 1, ''),
(58, 1, 1, 1, ''),
(59, 1, 1, 1, ''),
(60, 1, 1, 1, ''),
(61, 1, 1, 1, ''),
(62, 1, 1, 1, ''),
(63, 1, 1, 1, ''),
(64, 1, 1, 1, ''),
(65, 1, 1, 1, ''),
(66, 1, 1, 1, ''),
(67, 1, 1, 1, ''),
(68, 1, 1, 1, ''),
(69, 1, 1, 1, ''),
(70, 1, 1, 1, ''),
(71, 1, 1, 1, ''),
(72, 1, 1, 1, ''),
(73, 1, 1, 1, ''),
(74, 1, 1, 1, ''),
(75, 1, 1, 1, ''),
(76, 1, 1, 1, ''),
(77, 1, 1, 1, ''),
(78, 1, 1, 1, ''),
(79, 1, 1, 1, ''),
(80, 1, 1, 1, ''),
(81, 1, 1, 1, ''),
(82, 1, 1, 1, ''),
(83, 1, 1, 1, ''),
(84, 1, 1, 1, ''),
(85, 1, 1, 1, ''),
(86, 1, 1, 1, ''),
(87, 1, 1, 1, ''),
(88, 1, 1, 1, ''),
(89, 1, 1, 1, ''),
(90, 1, 1, 1, ''),
(91, 1, 1, 1, ''),
(92, 1, 1, 1, ''),
(93, 1, 1, 1, ''),
(94, 1, 1, 1, ''),
(95, 1, 1, 1, ''),
(96, 1, 1, 1, ''),
(97, 1, 1, 1, ''),
(98, 1, 1, 1, ''),
(99, 1, 1, 1, ''),
(100, 1, 1, 1, ''),
(101, 1, 1, 1, ''),
(102, 1, 1, 1, ''),
(103, 1, 1, 1, ''),
(104, 1, 1, 1, ''),
(105, 1, 1, 1, ''),
(106, 1, 1, 1, ''),
(107, 1, 1, 1, ''),
(108, 1, 1, 1, ''),
(109, 1, 1, 1, ''),
(110, 1, 1, 1, ''),
(111, 1, 1, 1, ''),
(112, 1, 1, 1, ''),
(113, 1, 1, 1, ''),
(114, 1, 1, 1, ''),
(115, 1, 1, 1, ''),
(116, 1, 1, 1, ''),
(117, 1, 1, 1, ''),
(118, 1, 1, 1, ''),
(119, 1, 1, 1, ''),
(120, 1, 1, 1, ''),
(121, 1, 1, 1, ''),
(122, 1, 1, 1, ''),
(123, 1, 1, 1, ''),
(124, 1, 1, 1, ''),
(125, 1, 1, 1, ''),
(126, 1, 1, 1, ''),
(127, 1, 1, 1, ''),
(128, 1, 1, 1, ''),
(129, 1, 1, 1, ''),
(130, 1, 1, 1, ''),
(131, 1, 1, 1, ''),
(132, 1, 1, 1, ''),
(133, 1, 1, 1, ''),
(134, 1, 1, 1, ''),
(135, 1, 1, 1, ''),
(136, 1, 1, 1, ''),
(137, 1, 1, 1, ''),
(138, 1, 1, 1, ''),
(139, 1, 1, 1, ''),
(140, 1, 1, 1, ''),
(141, 1, 1, 1, ''),
(142, 1, 1, 1, ''),
(143, 1, 1, 1, ''),
(144, 1, 1, 1, ''),
(145, 1, 1, 1, ''),
(146, 1, 1, 1, ''),
(147, 1, 1, 1, ''),
(148, 1, 1, 1, ''),
(149, 1, 1, 1, ''),
(150, 1, 1, 1, ''),
(151, 1, 1, 1, ''),
(152, 1, 1, 1, ''),
(153, 1, 1, 1, ''),
(154, 1, 1, 1, ''),
(155, 1, 1, 1, ''),
(156, 1, 1, 1, ''),
(157, 1, 1, 1, ''),
(158, 1, 1, 1, ''),
(159, 1, 1, 1, ''),
(160, 1, 1, 1, ''),
(161, 1, 1, 1, ''),
(162, 1, 1, 1, ''),
(163, 1, 1, 1, ''),
(164, 1, 1, 1, ''),
(165, 1, 1, 1, ''),
(166, 1, 1, 1, ''),
(167, 1, 1, 1, ''),
(168, 1, 1, 1, ''),
(169, 1, 1, 1, ''),
(170, 1, 1, 1, ''),
(171, 1, 1, 1, ''),
(172, 1, 1, 1, ''),
(173, 1, 1, 1, ''),
(174, 1, 1, 1, ''),
(175, 1, 1, 1, ''),
(176, 1, 1, 1, ''),
(177, 1, 1, 1, ''),
(178, 1, 1, 1, ''),
(179, 1, 1, 1, ''),
(180, 1, 1, 1, ''),
(181, 1, 1, 1, ''),
(182, 1, 1, 1, ''),
(183, 1, 1, 1, ''),
(184, 1, 1, 1, ''),
(185, 1, 1, 1, ''),
(186, 1, 1, 1, ''),
(187, 1, 1, 1, ''),
(188, 1, 1, 1, ''),
(189, 1, 1, 1, ''),
(190, 1, 1, 1, ''),
(191, 1, 1, 1, ''),
(192, 1, 1, 1, ''),
(193, 1, 1, 1, ''),
(194, 1, 1, 1, ''),
(195, 1, 1, 1, ''),
(196, 1, 1, 1, ''),
(197, 1, 1, 1, ''),
(198, 1, 1, 1, ''),
(199, 1, 1, 1, ''),
(200, 1, 1, 1, ''),
(201, 1, 1, 1, ''),
(202, 1, 1, 1, ''),
(203, 1, 1, 1, ''),
(204, 1, 1, 1, ''),
(205, 1, 1, 1, ''),
(206, 1, 1, 1, ''),
(207, 1, 1, 1, ''),
(208, 1, 1, 1, ''),
(209, 1, 1, 1, ''),
(210, 1, 1, 1, ''),
(211, 1, 1, 1, ''),
(212, 1, 1, 1, ''),
(213, 1, 1, 1, ''),
(214, 1, 1, 1, ''),
(215, 1, 1, 1, ''),
(216, 1, 1, 1, ''),
(217, 1, 1, 1, ''),
(218, 1, 1, 1, ''),
(219, 1, 1, 1, ''),
(220, 1, 1, 1, ''),
(221, 1, 1, 1, ''),
(222, 1, 1, 1, ''),
(223, 1, 1, 1, ''),
(224, 1, 1, 1, ''),
(225, 1, 1, 1, ''),
(226, 1, 1, 1, ''),
(227, 1, 1, 1, ''),
(228, 1, 1, 1, ''),
(229, 1, 1, 1, ''),
(230, 1, 1, 1, ''),
(231, 1, 1, 1, ''),
(232, 1, 1, 1, ''),
(233, 1, 1, 1, ''),
(234, 1, 1, 1, ''),
(235, 1, 1, 1, ''),
(236, 1, 1, 1, ''),
(237, 1, 1, 1, ''),
(238, 1, 1, 1, ''),
(239, 1, 1, 1, ''),
(240, 1, 1, 1, ''),
(241, 1, 1, 1, ''),
(242, 1, 1, 1, ''),
(243, 1, 1, 1, ''),
(244, 1, 1, 1, ''),
(245, 1, 1, 1, ''),
(246, 1, 1, 1, ''),
(247, 1, 1, 1, ''),
(248, 1, 1, 1, ''),
(249, 1, 1, 1, ''),
(250, 1, 1, 1, ''),
(251, 1, 1, 1, ''),
(252, 1, 1, 1, ''),
(253, 1, 1, 1, ''),
(254, 1, 1, 1, ''),
(255, 1, 1, 1, ''),
(256, 1, 1, 1, ''),
(257, 1, 1, 1, ''),
(258, 1, 1, 1, ''),
(259, 1, 1, 1, ''),
(260, 1, 1, 1, ''),
(261, 1, 1, 1, ''),
(262, 1, 1, 1, ''),
(263, 1, 1, 1, ''),
(264, 1, 1, 1, ''),
(265, 1, 1, 1, ''),
(266, 1, 1, 1, ''),
(267, 1, 1, 1, ''),
(268, 1, 1, 1, ''),
(269, 1, 1, 1, ''),
(270, 1, 1, 1, ''),
(271, 1, 1, 1, ''),
(272, 1, 1, 1, ''),
(273, 1, 1, 1, ''),
(274, 1, 1, 1, ''),
(275, 1, 1, 1, ''),
(276, 1, 1, 1, ''),
(277, 1, 1, 1, ''),
(278, 1, 1, 1, ''),
(279, 1, 1, 1, ''),
(280, 1, 1, 1, ''),
(281, 1, 1, 1, ''),
(282, 1, 1, 1, ''),
(283, 1, 1, 1, ''),
(284, 1, 1, 1, ''),
(285, 1, 1, 1, ''),
(286, 1, 1, 1, ''),
(287, 1, 1, 1, ''),
(288, 1, 1, 1, ''),
(289, 1, 1, 1, ''),
(290, 1, 1, 1, ''),
(291, 1, 1, 1, ''),
(292, 1, 1, 1, ''),
(293, 1, 1, 1, ''),
(294, 1, 1, 1, ''),
(295, 1, 1, 1, ''),
(296, 1, 1, 1, ''),
(297, 1, 1, 1, ''),
(298, 1, 1, 1, ''),
(299, 1, 1, 1, ''),
(300, 1, 1, 1, ''),
(301, 1, 1, 1, ''),
(302, 1, 1, 1, ''),
(303, 1, 1, 1, ''),
(304, 1, 1, 1, ''),
(305, 1, 1, 1, ''),
(306, 1, 1, 1, ''),
(307, 1, 1, 1, ''),
(308, 1, 1, 1, ''),
(309, 1, 1, 1, ''),
(310, 1, 1, 1, ''),
(311, 1, 1, 1, ''),
(312, 1, 1, 1, ''),
(313, 1, 1, 1, ''),
(314, 1, 1, 1, ''),
(315, 1, 1, 1, ''),
(316, 1, 1, 1, ''),
(317, 1, 1, 1, ''),
(318, 1, 1, 1, ''),
(319, 1, 1, 1, ''),
(320, 1, 1, 1, ''),
(321, 1, 1, 1, ''),
(322, 1, 1, 1, ''),
(323, 1, 1, 1, ''),
(324, 1, 1, 1, ''),
(325, 1, 1, 1, ''),
(326, 1, 1, 1, ''),
(327, 1, 1, 1, ''),
(328, 1, 1, 1, ''),
(329, 1, 1, 1, ''),
(330, 1, 1, 1, ''),
(331, 1, 1, 1, ''),
(332, 1, 1, 1, ''),
(333, 1, 1, 1, ''),
(334, 1, 1, 1, ''),
(335, 1, 1, 1, ''),
(336, 1, 1, 1, ''),
(337, 1, 1, 1, ''),
(338, 2, 1, 1, ''),
(339, 3, 1, 1, ''),
(340, 4, 1, 1, ''),
(341, 5, 1, 1, ''),
(342, 6, 1, 1, ''),
(343, 7, 1, 1, ''),
(344, 8, 1, 1, ''),
(345, 9, 1, 1, ''),
(346, 10, 1, 1, ''),
(347, 11, 1, 1, ''),
(348, 12, 1, 1, ''),
(349, 13, 1, 1, ''),
(350, 14, 1, 1, ''),
(351, 15, 1, 1, ''),
(352, 16, 1, 1, ''),
(353, 17, 1, 1, ''),
(354, 18, 1, 1, ''),
(355, 19, 1, 1, ''),
(356, 20, 1, 1, ''),
(357, 21, 1, 1, ''),
(358, 22, 1, 1, ''),
(359, 23, 1, 1, ''),
(360, 24, 1, 1, ''),
(361, 25, 1, 1, ''),
(362, 26, 1, 1, ''),
(363, 27, 1, 1, ''),
(364, 28, 1, 1, ''),
(365, 29, 1, 1, ''),
(366, 30, 1, 1, ''),
(367, 31, 1, 1, ''),
(368, 32, 1, 1, ''),
(369, 33, 1, 1, ''),
(370, 34, 1, 1, ''),
(371, 1, 1, 1, ''),
(372, 35, 1, 1, ''),
(373, 2, 1, 1, ''),
(374, 36, 1, 1, ''),
(375, 3, 1, 1, ''),
(376, 37, 1, 1, ''),
(377, 4, 1, 1, ''),
(378, 38, 1, 1, ''),
(379, 5, 1, 1, ''),
(380, 39, 1, 1, ''),
(381, 6, 1, 1, ''),
(382, 40, 1, 1, ''),
(383, 7, 1, 1, ''),
(384, 41, 1, 1, ''),
(385, 8, 1, 1, ''),
(386, 42, 1, 1, ''),
(387, 9, 1, 1, ''),
(388, 43, 1, 1, ''),
(389, 10, 1, 1, ''),
(390, 44, 1, 1, ''),
(391, 11, 1, 1, ''),
(392, 45, 1, 1, ''),
(393, 12, 1, 1, ''),
(394, 13, 1, 1, ''),
(395, 14, 1, 1, ''),
(396, 15, 1, 1, ''),
(397, 16, 1, 1, ''),
(398, 17, 1, 1, ''),
(399, 18, 1, 1, ''),
(400, 19, 1, 1, ''),
(401, 20, 1, 1, ''),
(402, 21, 1, 1, ''),
(403, 22, 1, 1, ''),
(404, 23, 1, 1, ''),
(405, 24, 1, 1, ''),
(406, 25, 1, 1, ''),
(407, 26, 1, 1, ''),
(408, 27, 1, 1, ''),
(409, 28, 1, 1, ''),
(410, 29, 1, 1, ''),
(411, 30, 1, 1, ''),
(412, 31, 1, 1, ''),
(413, 32, 1, 1, ''),
(414, 33, 1, 1, ''),
(415, 34, 1, 1, ''),
(416, 35, 1, 1, ''),
(417, 36, 1, 1, ''),
(418, 37, 1, 1, ''),
(419, 38, 1, 1, ''),
(420, 39, 1, 1, ''),
(421, 40, 1, 1, ''),
(422, 41, 1, 1, ''),
(423, 42, 1, 1, ''),
(424, 43, 1, 1, ''),
(425, 44, 1, 1, ''),
(426, 45, 1, 1, ''),
(427, 46, 1, 1, ''),
(428, 47, 1, 1, ''),
(429, 48, 1, 1, ''),
(430, 49, 1, 1, ''),
(431, 50, 1, 1, ''),
(432, 1, 1, 1, ''),
(433, 1, 1, 1, ''),
(434, 1, 1, 1, ''),
(435, 1, 1, 1, ''),
(436, 1, 1, 1, ''),
(437, 1, 1, 1, ''),
(438, 1, 1, 1, ''),
(439, 1, 1, 1, ''),
(440, 1, 1, 1, ''),
(441, 1, 1, 1, ''),
(442, 1, 1, 1, ''),
(443, 1, 1, 1, ''),
(444, 1, 1, 1, ''),
(445, 1, 1, 1, ''),
(446, 1, 1, 1, ''),
(447, 1, 1, 1, ''),
(448, 1, 1, 1, ''),
(449, 1, 1, 1, ''),
(450, 1, 1, 1, ''),
(451, 1, 1, 1, ''),
(452, 1, 1, 1, ''),
(453, 1, 1, 1, ''),
(454, 1, 1, 1, ''),
(455, 1, 1, 1, ''),
(456, 1, 1, 1, ''),
(457, 1, 1, 1, ''),
(458, 1, 1, 1, ''),
(459, 1, 1, 1, ''),
(460, 1, 1, 1, ''),
(461, 1, 1, 1, ''),
(462, 1, 1, 1, ''),
(463, 1, 1, 1, ''),
(464, 1, 1, 1, ''),
(465, 1, 1, 1, ''),
(466, 1, 1, 1, ''),
(467, 1, 1, 1, ''),
(468, 1, 1, 1, ''),
(469, 1, 1, 1, ''),
(470, 1, 1, 1, ''),
(471, 1, 1, 1, ''),
(472, 1, 1, 1, ''),
(473, 1, 1, 1, ''),
(474, 1, 1, 1, ''),
(475, 1, 1, 1, ''),
(476, 1, 1, 1, ''),
(477, 1, 1, 1, ''),
(478, 1, 1, 1, ''),
(479, 1, 1, 1, ''),
(480, 1, 1, 1, ''),
(481, 1, 1, 1, ''),
(482, 1, 1, 1, ''),
(483, 1, 1, 1, ''),
(484, 1, 1, 1, ''),
(485, 1, 1, 1, ''),
(486, 1, 1, 1, ''),
(487, 1, 1, 1, ''),
(488, 1, 1, 1, ''),
(489, 1, 1, 1, ''),
(490, 1, 1, 1, ''),
(491, 1, 1, 1, ''),
(492, 1, 1, 1, ''),
(493, 1, 1, 1, ''),
(494, 1, 1, 1, ''),
(495, 1, 1, 1, ''),
(496, 1, 1, 1, ''),
(497, 1, 1, 1, ''),
(498, 1, 1, 1, ''),
(499, 1, 1, 1, ''),
(500, 1, 1, 1, ''),
(501, 1, 1, 1, ''),
(502, 1, 1, 1, ''),
(503, 1, 1, 1, ''),
(504, 1, 1, 1, ''),
(505, 1, 1, 1, ''),
(506, 1, 1, 1, ''),
(507, 1, 1, 1, ''),
(508, 1, 1, 1, ''),
(509, 1, 1, 1, ''),
(510, 1, 1, 1, ''),
(511, 1, 1, 1, ''),
(512, 1, 1, 1, ''),
(513, 1, 1, 1, ''),
(514, 1, 1, 1, ''),
(515, 1, 1, 1, ''),
(516, 1, 1, 1, ''),
(517, 1, 1, 1, ''),
(518, 1, 1, 1, ''),
(519, 1, 1, 1, ''),
(520, 1, 1, 1, ''),
(521, 1, 1, 1, ''),
(522, 1, 1, 1, ''),
(523, 1, 1, 1, ''),
(524, 1, 1, 1, ''),
(525, 1, 1, 1, ''),
(526, 1, 1, 1, ''),
(527, 1, 1, 1, ''),
(528, 1, 1, 1, ''),
(529, 1, 1, 1, ''),
(530, 1, 1, 1, ''),
(531, 1, 1, 1, ''),
(532, 1, 1, 1, ''),
(533, 1, 1, 1, ''),
(534, 1, 1, 1, ''),
(535, 1, 1, 1, ''),
(536, 1, 1, 1, ''),
(537, 1, 1, 1, ''),
(538, 1, 1, 1, ''),
(539, 1, 1, 1, ''),
(540, 1, 1, 1, ''),
(541, 1, 1, 1, ''),
(542, 1, 1, 1, ''),
(543, 1, 1, 1, ''),
(544, 1, 1, 1, ''),
(545, 1, 1, 1, ''),
(546, 1, 1, 1, ''),
(547, 1, 1, 1, ''),
(548, 1, 1, 1, ''),
(549, 1, 1, 1, ''),
(550, 1, 1, 1, ''),
(551, 1, 1, 1, ''),
(552, 1, 1, 1, ''),
(553, 1, 1, 1, ''),
(554, 1, 1, 1, ''),
(555, 1, 1, 1, ''),
(556, 1, 1, 1, ''),
(557, 1, 1, 1, ''),
(558, 1, 1, 1, ''),
(559, 1, 1, 1, ''),
(560, 1, 1, 1, ''),
(561, 1, 1, 1, ''),
(562, 1, 1, 1, ''),
(563, 1, 1, 1, ''),
(564, 1, 1, 1, ''),
(565, 1, 1, 1, ''),
(566, 1, 1, 1, ''),
(567, 1, 1, 1, ''),
(568, 1, 1, 1, ''),
(569, 1, 1, 1, ''),
(570, 1, 1, 1, ''),
(571, 1, 1, 1, ''),
(572, 1, 1, 1, ''),
(573, 1, 1, 1, ''),
(574, 1, 1, 1, ''),
(575, 1, 1, 1, ''),
(576, 1, 1, 1, ''),
(577, 1, 1, 1, ''),
(578, 1, 1, 1, ''),
(579, 1, 1, 1, ''),
(580, 1, 1, 1, ''),
(581, 1, 1, 1, ''),
(582, 1, 1, 1, ''),
(583, 1, 1, 1, ''),
(584, 1, 1, 1, ''),
(585, 1, 1, 1, ''),
(586, 1, 1, 1, ''),
(587, 1, 1, 1, ''),
(588, 1, 1, 1, ''),
(589, 1, 1, 1, ''),
(590, 1, 1, 1, ''),
(591, 1, 1, 1, ''),
(592, 1, 1, 1, ''),
(593, 1, 1, 1, ''),
(594, 1, 1, 1, ''),
(595, 1, 1, 1, ''),
(596, 1, 1, 1, ''),
(597, 1, 1, 1, ''),
(598, 1, 1, 1, ''),
(599, 1, 1, 1, ''),
(600, 1, 1, 1, ''),
(601, 1, 1, 1, ''),
(602, 1, 1, 1, ''),
(603, 1, 1, 1, ''),
(604, 1, 1, 1, ''),
(605, 1, 1, 1, ''),
(606, 1, 1, 1, ''),
(607, 1, 1, 1, ''),
(608, 1, 1, 1, ''),
(609, 1, 1, 1, ''),
(610, 1, 1, 1, ''),
(611, 1, 1, 1, ''),
(612, 1, 1, 1, ''),
(613, 1, 1, 1, ''),
(614, 1, 1, 1, ''),
(615, 1, 1, 1, ''),
(616, 1, 1, 1, ''),
(617, 1, 1, 1, ''),
(618, 1, 1, 1, ''),
(619, 1, 1, 1, ''),
(620, 1, 1, 1, ''),
(621, 1, 1, 1, ''),
(622, 1, 1, 1, ''),
(623, 1, 1, 1, ''),
(624, 1, 1, 1, ''),
(625, 1, 1, 1, ''),
(626, 1, 1, 1, ''),
(627, 1, 1, 1, ''),
(628, 1, 1, 1, ''),
(629, 1, 1, 1, ''),
(630, 1, 1, 1, ''),
(631, 1, 1, 1, ''),
(632, 1, 1, 1, ''),
(633, 1, 1, 1, ''),
(634, 1, 1, 1, ''),
(635, 1, 1, 1, ''),
(636, 1, 1, 1, ''),
(637, 1, 1, 1, ''),
(638, 1, 1, 1, ''),
(639, 1, 1, 1, ''),
(640, 1, 1, 1, ''),
(641, 1, 1, 1, ''),
(642, 1, 1, 1, ''),
(643, 1, 1, 1, ''),
(644, 1, 1, 1, ''),
(645, 1, 1, 1, ''),
(646, 1, 1, 1, ''),
(647, 1, 1, 1, ''),
(648, 1, 1, 1, ''),
(649, 1, 1, 1, ''),
(650, 1, 1, 1, ''),
(651, 1, 1, 1, ''),
(652, 1, 1, 1, ''),
(653, 1, 1, 1, ''),
(654, 1, 1, 1, ''),
(655, 1, 1, 1, ''),
(656, 1, 1, 1, ''),
(657, 1, 1, 1, ''),
(658, 1, 1, 1, ''),
(659, 1, 1, 1, ''),
(660, 1, 1, 1, ''),
(661, 1, 1, 1, ''),
(662, 1, 1, 1, ''),
(663, 1, 1, 1, ''),
(664, 1, 1, 1, ''),
(665, 1, 1, 1, ''),
(666, 1, 1, 1, ''),
(667, 1, 1, 1, ''),
(668, 1, 1, 1, ''),
(669, 1, 1, 1, ''),
(670, 1, 1, 1, ''),
(671, 1, 1, 1, ''),
(672, 1, 1, 1, ''),
(673, 1, 1, 1, ''),
(674, 1, 1, 1, ''),
(675, 1, 1, 1, ''),
(676, 1, 1, 1, ''),
(677, 1, 1, 1, ''),
(678, 1, 1, 1, ''),
(679, 1, 1, 1, ''),
(680, 1, 1, 1, ''),
(681, 1, 1, 1, ''),
(682, 1, 1, 1, ''),
(683, 1, 1, 1, ''),
(684, 1, 1, 1, ''),
(685, 1, 1, 1, ''),
(686, 1, 1, 1, ''),
(687, 1, 1, 1, ''),
(688, 1, 1, 1, ''),
(689, 1, 1, 1, ''),
(690, 1, 1, 1, ''),
(691, 1, 1, 1, ''),
(692, 1, 1, 1, ''),
(693, 1, 1, 1, ''),
(694, 1, 1, 1, ''),
(695, 1, 1, 1, ''),
(696, 1, 1, 1, ''),
(697, 1, 1, 1, ''),
(698, 1, 1, 1, ''),
(699, 1, 1, 1, ''),
(700, 1, 1, 1, ''),
(701, 1, 1, 1, ''),
(702, 1, 1, 1, ''),
(703, 1, 1, 1, ''),
(704, 1, 1, 1, ''),
(705, 1, 1, 1, ''),
(706, 1, 1, 1, ''),
(707, 1, 1, 1, ''),
(708, 1, 1, 1, ''),
(709, 1, 1, 1, ''),
(710, 1, 1, 1, ''),
(711, 1, 1, 1, ''),
(712, 1, 1, 1, ''),
(713, 1, 1, 1, ''),
(714, 1, 1, 1, ''),
(715, 1, 1, 1, ''),
(716, 1, 1, 1, ''),
(717, 1, 1, 1, ''),
(718, 1, 1, 1, ''),
(719, 1, 1, 1, ''),
(720, 1, 1, 1, ''),
(721, 1, 1, 1, ''),
(722, 1, 1, 1, ''),
(723, 1, 1, 1, ''),
(724, 1, 1, 1, ''),
(725, 1, 1, 1, ''),
(726, 1, 1, 1, ''),
(727, 1, 1, 1, ''),
(728, 1, 1, 1, ''),
(729, 1, 1, 1, ''),
(730, 1, 1, 1, ''),
(731, 1, 1, 1, ''),
(732, 1, 1, 1, ''),
(733, 1, 1, 1, ''),
(734, 1, 1, 1, ''),
(735, 1, 1, 1, ''),
(736, 1, 1, 1, ''),
(737, 1, 1, 1, ''),
(738, 1, 1, 1, ''),
(739, 1, 1, 1, ''),
(740, 1, 1, 1, ''),
(741, 1, 1, 1, ''),
(742, 1, 1, 1, ''),
(743, 1, 1, 1, ''),
(744, 1, 1, 1, ''),
(745, 1, 1, 1, ''),
(746, 1, 1, 1, ''),
(747, 1, 1, 1, ''),
(748, 1, 1, 1, ''),
(749, 1, 1, 1, ''),
(750, 1, 1, 1, ''),
(751, 1, 1, 1, ''),
(752, 1, 1, 1, ''),
(753, 1, 1, 1, ''),
(754, 1, 1, 1, ''),
(755, 1, 1, 1, ''),
(756, 1, 1, 1, ''),
(757, 1, 1, 1, ''),
(758, 1, 1, 1, ''),
(759, 1, 1, 1, ''),
(760, 1, 1, 1, ''),
(761, 1, 1, 1, ''),
(762, 1, 1, 1, ''),
(763, 1, 1, 1, ''),
(764, 1, 1, 1, ''),
(765, 1, 1, 1, ''),
(766, 1, 1, 1, ''),
(767, 1, 1, 1, ''),
(768, 1, 1, 1, ''),
(769, 1, 1, 1, ''),
(770, 1, 1, 1, ''),
(771, 1, 1, 1, ''),
(772, 1, 1, 1, ''),
(773, 1, 1, 1, ''),
(774, 1, 1, 1, ''),
(775, 1, 1, 1, ''),
(776, 1, 1, 1, ''),
(777, 1, 1, 1, ''),
(778, 1, 1, 1, ''),
(779, 1, 1, 1, ''),
(780, 1, 1, 1, ''),
(781, 1, 1, 1, ''),
(782, 1, 1, 1, ''),
(783, 1, 1, 1, ''),
(784, 1, 1, 1, ''),
(785, 1, 1, 1, ''),
(786, 1, 1, 1, ''),
(787, 1, 1, 1, ''),
(788, 1, 1, 1, ''),
(789, 1, 1, 1, ''),
(790, 1, 1, 1, ''),
(791, 1, 1, 1, ''),
(792, 1, 1, 1, ''),
(793, 1, 1, 1, ''),
(794, 1, 1, 1, ''),
(795, 1, 1, 1, ''),
(796, 1, 1, 1, ''),
(797, 1, 1, 1, ''),
(798, 1, 1, 1, ''),
(799, 1, 1, 1, ''),
(800, 1, 1, 1, ''),
(801, 1, 1, 1, ''),
(802, 1, 1, 1, ''),
(803, 1, 1, 1, ''),
(804, 1, 1, 1, ''),
(805, 1, 1, 1, ''),
(806, 1, 1, 1, ''),
(807, 1, 1, 1, ''),
(808, 1, 1, 1, ''),
(809, 1, 1, 1, ''),
(810, 1, 1, 1, ''),
(811, 1, 1, 1, ''),
(812, 1, 1, 1, ''),
(813, 1, 1, 1, ''),
(814, 1, 1, 1, ''),
(815, 1, 1, 1, ''),
(816, 1, 1, 1, ''),
(817, 1, 1, 1, ''),
(818, 1, 1, 1, ''),
(819, 1, 1, 1, ''),
(820, 1, 1, 1, ''),
(821, 1, 1, 1, ''),
(822, 1, 1, 1, ''),
(823, 1, 1, 1, ''),
(824, 1, 1, 1, ''),
(825, 1, 1, 1, ''),
(826, 1, 1, 1, ''),
(827, 1, 1, 1, ''),
(828, 1, 1, 1, ''),
(829, 1, 1, 1, ''),
(830, 1, 1, 1, ''),
(831, 1, 1, 1, ''),
(832, 1, 1, 1, ''),
(833, 1, 1, 1, ''),
(834, 1, 1, 1, ''),
(835, 1, 1, 1, ''),
(836, 1, 1, 1, ''),
(837, 1, 1, 1, ''),
(838, 1, 1, 1, ''),
(839, 1, 1, 1, ''),
(840, 1, 1, 1, ''),
(841, 1, 1, 1, ''),
(842, 1, 1, 1, ''),
(843, 1, 1, 1, ''),
(844, 1, 1, 1, ''),
(845, 1, 1, 1, ''),
(846, 1, 1, 1, ''),
(847, 1, 1, 1, ''),
(848, 1, 1, 1, ''),
(849, 1, 1, 1, ''),
(850, 1, 1, 1, ''),
(851, 1, 1, 1, ''),
(852, 1, 1, 1, ''),
(853, 1, 1, 1, ''),
(854, 1, 1, 1, ''),
(855, 1, 1, 1, ''),
(856, 1, 1, 1, ''),
(857, 1, 1, 1, ''),
(858, 1, 1, 1, ''),
(859, 1, 1, 1, ''),
(860, 1, 1, 1, ''),
(861, 1, 1, 1, ''),
(862, 1, 1, 1, ''),
(863, 1, 1, 1, ''),
(864, 1, 1, 1, ''),
(865, 1, 1, 1, ''),
(866, 1, 1, 1, ''),
(867, 1, 1, 1, ''),
(868, 1, 1, 1, ''),
(869, 1, 1, 1, ''),
(870, 1, 1, 1, ''),
(871, 1, 1, 1, ''),
(872, 1, 1, 1, ''),
(873, 1, 1, 1, ''),
(874, 1, 1, 1, ''),
(875, 1, 1, 1, ''),
(876, 1, 1, 1, ''),
(877, 1, 1, 1, ''),
(878, 1, 1, 1, ''),
(879, 1, 1, 1, ''),
(880, 1, 1, 1, ''),
(881, 1, 1, 1, ''),
(882, 1, 1, 1, ''),
(883, 1, 1, 1, ''),
(884, 1, 1, 1, ''),
(885, 1, 1, 1, ''),
(886, 1, 1, 1, ''),
(887, 1, 1, 1, ''),
(888, 1, 1, 1, ''),
(889, 1, 1, 1, ''),
(890, 1, 1, 1, ''),
(891, 1, 1, 1, ''),
(892, 1, 1, 1, ''),
(893, 1, 1, 1, ''),
(894, 1, 1, 1, ''),
(895, 1, 1, 1, ''),
(896, 1, 1, 1, ''),
(897, 1, 1, 1, ''),
(898, 1, 1, 1, ''),
(899, 1, 1, 1, ''),
(900, 1, 1, 1, ''),
(901, 1, 1, 1, ''),
(902, 1, 1, 1, ''),
(903, 1, 1, 1, ''),
(904, 1, 1, 1, ''),
(905, 1, 1, 1, ''),
(906, 1, 1, 1, ''),
(907, 1, 1, 1, ''),
(908, 1, 1, 1, ''),
(909, 1, 1, 1, ''),
(910, 1, 1, 1, ''),
(911, 1, 1, 1, '');

-- --------------------------------------------------------

--
-- Structure de la table `table_centrale`
--

CREATE TABLE `table_centrale` (
  `id_table` int(11) NOT NULL,
  `date` int(11) NOT NULL,
  `joueur` int(11) NOT NULL,
  `championnat` int(11) NOT NULL,
  `niveau_championnat` int(11) NOT NULL,
  `poule` int(11) NOT NULL,
  `etat_joueur_initial` int(11) NOT NULL,
  `etat_joueur_final` int(11) NOT NULL,
  `equipe_sdstt` int(11) NOT NULL,
  `equipe_adversaire` int(11) NOT NULL,
  `domext` int(11) NOT NULL,
  `rendez_vous` int(11) NOT NULL,
  `horaire_rendez_vous` time NOT NULL
) ENGINE=InnoDB DEFAULT CHARSET=utf8;

--
-- Déchargement des données de la table `table_centrale`
--

INSERT INTO `table_centrale` (`id_table`, `date`, `joueur`, `championnat`, `niveau_championnat`, `poule`, `etat_joueur_initial`, `etat_joueur_final`, `equipe_sdstt`, `equipe_adversaire`, `domext`, `rendez_vous`, `horaire_rendez_vous`) VALUES
(1, 1, 1, 0, 2, 2, 2, 11, 1, 1, 1, 1, '00:00:00'),
(2, 1, 2, 0, 2, 2, 2, 11, 1, 1, 1, 1, '00:00:00'),
(3, 1, 3, 0, 2, 2, 2, 11, 1, 1, 1, 1, '00:00:00'),
(4, 1, 4, 0, 2, 2, 2, 11, 1, 1, 1, 1, '00:00:00'),
(5, 1, 5, 0, 2, 2, 3, 1, 1, 1, 1, 1, '00:00:00'),
(6, 1, 6, 0, 2, 2, 2, 11, 1, 1, 1, 1, '00:00:00'),
(7, 1, 7, 0, 2, 2, 2, 11, 1, 1, 1, 1, '00:00:00'),
(8, 1, 8, 0, 2, 2, 2, 10, 1, 1, 1, 1, '00:00:00'),
(9, 1, 9, 0, 2, 2, 2, 10, 1, 1, 1, 1, '00:00:00'),
(10, 1, 10, 0, 2, 2, 2, 11, 1, 1, 1, 1, '00:00:00'),
(11, 1, 11, 0, 2, 2, 3, 1, 1, 1, 1, 1, '00:00:00'),
(12, 1, 12, 0, 2, 2, 2, 1, 1, 1, 1, 1, '00:00:00'),
(13, 1, 13, 0, 2, 2, 2, 11, 1, 1, 1, 1, '00:00:00'),
(14, 1, 14, 0, 2, 2, 2, 10, 1, 1, 1, 1, '00:00:00'),
(15, 1, 15, 0, 2, 2, 2, 11, 1, 1, 1, 1, '00:00:00'),
(16, 1, 16, 0, 2, 2, 1, 1, 1, 1, 1, 1, '00:00:00'),
(17, 1, 17, 0, 2, 2, 3, 1, 1, 1, 1, 1, '00:00:00'),
(18, 1, 18, 0, 2, 2, 2, 11, 1, 1, 1, 1, '00:00:00'),
(19, 1, 19, 0, 2, 2, 3, 1, 1, 1, 1, 1, '00:00:00'),
(20, 1, 20, 0, 2, 2, 2, 11, 1, 1, 1, 1, '00:00:00'),
(21, 1, 21, 0, 2, 2, 3, 1, 1, 1, 1, 1, '00:00:00'),
(22, 1, 22, 0, 2, 2, 1, 1, 1, 1, 1, 1, '00:00:00'),
(23, 1, 23, 0, 2, 2, 1, 1, 1, 1, 1, 1, '00:00:00'),
(24, 1, 24, 0, 2, 2, 1, 1, 1, 1, 1, 1, '00:00:00'),
(25, 1, 25, 0, 2, 2, 1, 1, 1, 1, 1, 1, '00:00:00'),
(26, 1, 26, 0, 2, 2, 1, 1, 1, 1, 1, 1, '00:00:00'),
(27, 1, 27, 0, 2, 2, 1, 1, 1, 1, 1, 1, '00:00:00'),
(28, 1, 28, 0, 2, 2, 1, 1, 1, 1, 1, 1, '00:00:00'),
(29, 1, 29, 0, 2, 2, 1, 1, 1, 1, 1, 1, '00:00:00'),
(30, 1, 30, 0, 2, 2, 1, 1, 1, 1, 1, 1, '00:00:00'),
(31, 1, 31, 0, 2, 2, 1, 1, 1, 1, 1, 1, '00:00:00'),
(32, 1, 32, 0, 2, 2, 1, 1, 1, 1, 1, 1, '00:00:00'),
(33, 1, 33, 0, 2, 2, 1, 1, 1, 1, 1, 1, '00:00:00'),
(34, 1, 34, 0, 2, 2, 1, 1, 1, 1, 1, 1, '00:00:00'),
(35, 1, 35, 0, 2, 2, 1, 1, 1, 1, 1, 1, '00:00:00'),
(36, 1, 36, 0, 2, 2, 1, 1, 1, 1, 1, 1, '00:00:00'),
(37, 1, 37, 0, 2, 2, 1, 1, 1, 1, 1, 1, '00:00:00'),
(38, 1, 38, 0, 2, 2, 1, 1, 1, 1, 1, 1, '00:00:00'),
(39, 1, 39, 0, 2, 2, 1, 1, 1, 1, 1, 1, '00:00:00'),
(40, 1, 40, 0, 2, 2, 1, 1, 1, 1, 1, 1, '00:00:00'),
(41, 1, 41, 0, 2, 2, 1, 1, 1, 1, 1, 1, '00:00:00'),
(42, 1, 42, 0, 2, 2, 1, 1, 1, 1, 1, 1, '00:00:00'),
(43, 1, 43, 0, 2, 2, 1, 1, 1, 1, 1, 1, '00:00:00'),
(44, 1, 44, 0, 2, 2, 1, 1, 1, 1, 1, 1, '00:00:00'),
(45, 1, 45, 0, 2, 2, 1, 1, 1, 1, 1, 1, '00:00:00'),
(46, 1, 46, 0, 2, 2, 1, 1, 1, 1, 1, 1, '00:00:00'),
(47, 1, 47, 0, 2, 2, 1, 1, 1, 1, 1, 1, '00:00:00'),
(48, 1, 48, 0, 2, 2, 1, 1, 1, 1, 1, 1, '00:00:00'),
(49, 1, 49, 0, 2, 2, 1, 1, 1, 1, 1, 1, '00:00:00'),
(50, 1, 1, 0, 2, 2, 2, 10, 2, 2, 1, 1, '00:00:00'),
(51, 1, 2, 0, 2, 2, 2, 10, 2, 2, 1, 1, '00:00:00'),
(52, 1, 3, 0, 2, 2, 2, 11, 2, 2, 1, 1, '00:00:00'),
(53, 1, 4, 0, 2, 2, 2, 11, 2, 2, 1, 1, '00:00:00'),
(54, 1, 5, 0, 2, 2, 3, 1, 2, 2, 1, 1, '00:00:00'),
(55, 1, 6, 0, 2, 2, 2, 11, 2, 2, 1, 1, '00:00:00'),
(56, 1, 7, 0, 2, 2, 2, 10, 2, 2, 1, 1, '00:00:00'),
(57, 1, 8, 0, 2, 2, 2, 11, 2, 2, 1, 1, '00:00:00'),
(58, 1, 9, 0, 2, 2, 2, 11, 2, 2, 1, 1, '00:00:00'),
(59, 1, 10, 0, 2, 2, 2, 11, 2, 2, 1, 1, '00:00:00'),
(60, 1, 11, 0, 2, 2, 3, 1, 2, 2, 1, 1, '00:00:00'),
(61, 1, 12, 0, 2, 2, 2, 1, 2, 2, 1, 1, '00:00:00'),
(62, 1, 13, 0, 2, 2, 2, 11, 2, 2, 1, 1, '00:00:00'),
(63, 1, 14, 0, 2, 2, 2, 11, 2, 2, 1, 1, '00:00:00'),
(64, 1, 15, 0, 2, 2, 2, 11, 2, 2, 1, 1, '00:00:00'),
(65, 1, 16, 0, 2, 2, 1, 1, 2, 2, 1, 1, '00:00:00'),
(66, 1, 17, 0, 2, 2, 3, 1, 2, 2, 1, 1, '00:00:00'),
(67, 1, 18, 0, 2, 2, 2, 11, 2, 2, 1, 1, '00:00:00'),
(68, 1, 19, 0, 2, 2, 3, 1, 2, 2, 1, 1, '00:00:00'),
(69, 1, 20, 0, 2, 2, 2, 11, 2, 2, 1, 1, '00:00:00'),
(70, 1, 21, 0, 2, 2, 3, 1, 2, 2, 1, 1, '00:00:00'),
(71, 1, 22, 0, 2, 2, 1, 1, 2, 2, 1, 1, '00:00:00'),
(72, 1, 23, 0, 2, 2, 1, 1, 2, 2, 1, 1, '00:00:00'),
(73, 1, 24, 0, 2, 2, 1, 1, 2, 2, 1, 1, '00:00:00'),
(74, 1, 25, 0, 2, 2, 1, 1, 2, 2, 1, 1, '00:00:00'),
(75, 1, 26, 0, 2, 2, 1, 1, 2, 2, 1, 1, '00:00:00'),
(76, 1, 27, 0, 2, 2, 1, 1, 2, 2, 1, 1, '00:00:00'),
(77, 1, 28, 0, 2, 2, 1, 1, 2, 2, 1, 1, '00:00:00'),
(78, 1, 29, 0, 2, 2, 1, 1, 2, 2, 1, 1, '00:00:00'),
(79, 1, 30, 0, 2, 2, 1, 1, 2, 2, 1, 1, '00:00:00'),
(80, 1, 31, 0, 2, 2, 1, 1, 2, 2, 1, 1, '00:00:00'),
(81, 1, 32, 0, 2, 2, 1, 1, 2, 2, 1, 1, '00:00:00'),
(82, 1, 33, 0, 2, 2, 1, 1, 2, 2, 1, 1, '00:00:00'),
(83, 1, 34, 0, 2, 2, 1, 1, 2, 2, 1, 1, '00:00:00'),
(84, 1, 35, 0, 2, 2, 1, 1, 2, 2, 1, 1, '00:00:00'),
(85, 1, 36, 0, 2, 2, 1, 1, 2, 2, 1, 1, '00:00:00'),
(86, 1, 37, 0, 2, 2, 1, 1, 2, 2, 1, 1, '00:00:00'),
(87, 1, 38, 0, 2, 2, 1, 1, 2, 2, 1, 1, '00:00:00'),
(88, 1, 39, 0, 2, 2, 1, 1, 2, 2, 1, 1, '00:00:00'),
(89, 1, 40, 0, 2, 2, 1, 1, 2, 2, 1, 1, '00:00:00'),
(90, 1, 41, 0, 2, 2, 1, 1, 2, 2, 1, 1, '00:00:00'),
(91, 1, 42, 0, 2, 2, 1, 1, 2, 2, 1, 1, '00:00:00'),
(92, 1, 43, 0, 2, 2, 1, 1, 2, 2, 1, 1, '00:00:00'),
(93, 1, 44, 0, 2, 2, 1, 1, 2, 2, 1, 1, '00:00:00'),
(94, 1, 45, 0, 2, 2, 1, 1, 2, 2, 1, 1, '00:00:00'),
(95, 1, 46, 0, 2, 2, 1, 1, 2, 2, 1, 1, '00:00:00'),
(96, 1, 47, 0, 2, 2, 1, 1, 2, 2, 1, 1, '00:00:00'),
(97, 1, 48, 0, 2, 2, 1, 1, 2, 2, 1, 1, '00:00:00'),
(98, 1, 49, 0, 2, 2, 1, 1, 2, 2, 1, 1, '00:00:00'),
(99, 1, 1, 0, 3, 2, 2, 11, 3, 3, 1, 1, '00:00:00'),
(100, 1, 2, 0, 3, 2, 2, 11, 3, 3, 1, 1, '00:00:00'),
(101, 1, 3, 0, 3, 2, 2, 11, 3, 3, 1, 1, '00:00:00'),
(102, 1, 4, 0, 3, 2, 2, 10, 3, 3, 1, 1, '00:00:00'),
(103, 1, 5, 0, 3, 2, 3, 1, 3, 3, 1, 1, '00:00:00'),
(104, 1, 6, 0, 3, 2, 2, 11, 3, 3, 1, 1, '00:00:00'),
(105, 1, 7, 0, 3, 2, 2, 11, 3, 3, 1, 1, '00:00:00'),
(106, 1, 8, 0, 3, 2, 2, 11, 3, 3, 1, 1, '00:00:00'),
(107, 1, 9, 0, 3, 2, 2, 11, 3, 3, 1, 1, '00:00:00'),
(108, 1, 10, 0, 3, 2, 2, 11, 3, 3, 1, 1, '00:00:00'),
(109, 1, 11, 0, 3, 2, 3, 1, 3, 3, 1, 1, '00:00:00'),
(110, 1, 12, 0, 3, 2, 2, 1, 3, 3, 1, 1, '00:00:00'),
(111, 1, 13, 0, 3, 2, 2, 10, 3, 3, 1, 1, '00:00:00'),
(112, 1, 14, 0, 3, 2, 2, 11, 3, 3, 1, 1, '00:00:00'),
(113, 1, 15, 0, 3, 2, 2, 11, 3, 3, 1, 1, '00:00:00'),
(114, 1, 16, 0, 3, 2, 1, 1, 3, 3, 1, 1, '00:00:00'),
(115, 1, 17, 0, 3, 2, 3, 1, 3, 3, 1, 1, '00:00:00'),
(116, 1, 18, 0, 3, 2, 2, 11, 3, 3, 1, 1, '00:00:00'),
(117, 1, 19, 0, 3, 2, 3, 1, 3, 3, 1, 1, '00:00:00'),
(118, 1, 20, 0, 3, 2, 2, 11, 3, 3, 1, 1, '00:00:00'),
(119, 1, 21, 0, 3, 2, 3, 1, 3, 3, 1, 1, '00:00:00'),
(120, 1, 22, 0, 3, 2, 1, 1, 3, 3, 1, 1, '00:00:00'),
(121, 1, 23, 0, 3, 2, 1, 1, 3, 3, 1, 1, '00:00:00'),
(122, 1, 24, 0, 3, 2, 1, 1, 3, 3, 1, 1, '00:00:00'),
(123, 1, 25, 0, 3, 2, 1, 1, 3, 3, 1, 1, '00:00:00'),
(124, 1, 26, 0, 3, 2, 1, 1, 3, 3, 1, 1, '00:00:00'),
(125, 1, 27, 0, 3, 2, 1, 1, 3, 3, 1, 1, '00:00:00'),
(126, 1, 28, 0, 3, 2, 1, 1, 3, 3, 1, 1, '00:00:00'),
(127, 1, 29, 0, 3, 2, 1, 1, 3, 3, 1, 1, '00:00:00'),
(128, 1, 30, 0, 3, 2, 1, 1, 3, 3, 1, 1, '00:00:00'),
(129, 1, 31, 0, 3, 2, 1, 1, 3, 3, 1, 1, '00:00:00'),
(130, 1, 32, 0, 3, 2, 1, 1, 3, 3, 1, 1, '00:00:00'),
(131, 1, 33, 0, 3, 2, 1, 1, 3, 3, 1, 1, '00:00:00'),
(132, 1, 34, 0, 3, 2, 1, 1, 3, 3, 1, 1, '00:00:00'),
(133, 1, 35, 0, 3, 2, 1, 1, 3, 3, 1, 1, '00:00:00'),
(134, 1, 36, 0, 3, 2, 1, 1, 3, 3, 1, 1, '00:00:00'),
(135, 1, 37, 0, 3, 2, 1, 1, 3, 3, 1, 1, '00:00:00'),
(136, 1, 38, 0, 3, 2, 1, 1, 3, 3, 1, 1, '00:00:00'),
(137, 1, 39, 0, 3, 2, 1, 1, 3, 3, 1, 1, '00:00:00'),
(138, 1, 40, 0, 3, 2, 1, 1, 3, 3, 1, 1, '00:00:00'),
(139, 1, 41, 0, 3, 2, 1, 1, 3, 3, 1, 1, '00:00:00'),
(140, 1, 42, 0, 3, 2, 1, 1, 3, 3, 1, 1, '00:00:00'),
(141, 1, 43, 0, 3, 2, 1, 1, 3, 3, 1, 1, '00:00:00'),
(142, 1, 44, 0, 3, 2, 1, 1, 3, 3, 1, 1, '00:00:00'),
(143, 1, 45, 0, 3, 2, 1, 1, 3, 3, 1, 1, '00:00:00'),
(144, 1, 46, 0, 3, 2, 1, 1, 3, 3, 1, 1, '00:00:00'),
(145, 1, 47, 0, 3, 2, 1, 1, 3, 3, 1, 1, '00:00:00'),
(146, 1, 48, 0, 3, 2, 1, 1, 3, 3, 1, 1, '00:00:00'),
(147, 1, 49, 0, 3, 2, 1, 1, 3, 3, 1, 1, '00:00:00'),
(148, 1, 1, 0, 5, 3, 2, 11, 4, 4, 1, 1, '00:00:00'),
(149, 1, 2, 0, 5, 3, 2, 11, 4, 4, 1, 1, '00:00:00'),
(150, 1, 3, 0, 5, 3, 2, 10, 4, 4, 1, 1, '00:00:00'),
(151, 1, 4, 0, 5, 3, 2, 11, 4, 4, 1, 1, '00:00:00'),
(152, 1, 5, 0, 5, 3, 3, 1, 4, 4, 1, 1, '00:00:00'),
(153, 1, 6, 0, 5, 3, 2, 11, 4, 4, 1, 1, '00:00:00'),
(154, 1, 7, 0, 5, 3, 2, 11, 4, 4, 1, 1, '00:00:00'),
(155, 1, 8, 0, 5, 3, 2, 11, 4, 4, 1, 1, '00:00:00'),
(156, 1, 9, 0, 5, 3, 2, 11, 4, 4, 1, 1, '00:00:00'),
(157, 1, 10, 0, 5, 3, 2, 10, 4, 4, 1, 1, '00:00:00'),
(158, 1, 11, 0, 5, 3, 3, 1, 4, 4, 1, 1, '00:00:00'),
(159, 1, 12, 0, 5, 3, 2, 1, 4, 4, 1, 1, '00:00:00'),
(160, 1, 13, 0, 5, 3, 2, 11, 4, 4, 1, 1, '00:00:00'),
(161, 1, 14, 0, 5, 3, 2, 11, 4, 4, 1, 1, '00:00:00'),
(162, 1, 15, 0, 5, 3, 2, 10, 4, 4, 1, 1, '00:00:00'),
(163, 1, 16, 0, 5, 3, 1, 1, 4, 4, 1, 1, '00:00:00'),
(164, 1, 17, 0, 5, 3, 3, 1, 4, 4, 1, 1, '00:00:00'),
(165, 1, 18, 0, 5, 3, 2, 11, 4, 4, 1, 1, '00:00:00'),
(166, 1, 19, 0, 5, 3, 3, 1, 4, 4, 1, 1, '00:00:00'),
(167, 1, 20, 0, 5, 3, 2, 11, 4, 4, 1, 1, '00:00:00'),
(168, 1, 21, 0, 5, 3, 3, 1, 4, 4, 1, 1, '00:00:00'),
(169, 1, 22, 0, 5, 3, 1, 1, 4, 4, 1, 1, '00:00:00'),
(170, 1, 23, 0, 5, 3, 1, 1, 4, 4, 1, 1, '00:00:00'),
(171, 1, 24, 0, 5, 3, 1, 1, 4, 4, 1, 1, '00:00:00'),
(172, 1, 25, 0, 5, 3, 1, 1, 4, 4, 1, 1, '00:00:00'),
(173, 1, 26, 0, 5, 3, 1, 1, 4, 4, 1, 1, '00:00:00'),
(174, 1, 27, 0, 5, 3, 1, 1, 4, 4, 1, 1, '00:00:00'),
(175, 1, 28, 0, 5, 3, 1, 1, 4, 4, 1, 1, '00:00:00'),
(176, 1, 29, 0, 5, 3, 1, 1, 4, 4, 1, 1, '00:00:00'),
(177, 1, 30, 0, 5, 3, 1, 1, 4, 4, 1, 1, '00:00:00'),
(178, 1, 31, 0, 5, 3, 1, 1, 4, 4, 1, 1, '00:00:00'),
(179, 1, 32, 0, 5, 3, 1, 1, 4, 4, 1, 1, '00:00:00'),
(180, 1, 33, 0, 5, 3, 1, 1, 4, 4, 1, 1, '00:00:00'),
(181, 1, 34, 0, 5, 3, 1, 1, 4, 4, 1, 1, '00:00:00'),
(182, 1, 35, 0, 5, 3, 1, 1, 4, 4, 1, 1, '00:00:00'),
(183, 1, 36, 0, 5, 3, 1, 1, 4, 4, 1, 1, '00:00:00'),
(184, 1, 37, 0, 5, 3, 1, 1, 4, 4, 1, 1, '00:00:00'),
(185, 1, 38, 0, 5, 3, 1, 1, 4, 4, 1, 1, '00:00:00'),
(186, 1, 39, 0, 5, 3, 1, 1, 4, 4, 1, 1, '00:00:00'),
(187, 1, 40, 0, 5, 3, 1, 1, 4, 4, 1, 1, '00:00:00'),
(188, 1, 41, 0, 5, 3, 1, 1, 4, 4, 1, 1, '00:00:00'),
(189, 1, 42, 0, 5, 3, 1, 1, 4, 4, 1, 1, '00:00:00'),
(190, 1, 43, 0, 5, 3, 1, 1, 4, 4, 1, 1, '00:00:00'),
(191, 1, 44, 0, 5, 3, 1, 1, 4, 4, 1, 1, '00:00:00'),
(192, 1, 45, 0, 5, 3, 1, 1, 4, 4, 1, 1, '00:00:00'),
(193, 1, 46, 0, 5, 3, 1, 1, 4, 4, 1, 1, '00:00:00'),
(194, 1, 47, 0, 5, 3, 1, 1, 4, 4, 1, 1, '00:00:00'),
(195, 1, 48, 0, 5, 3, 1, 1, 4, 4, 1, 1, '00:00:00'),
(196, 1, 49, 0, 5, 3, 1, 1, 4, 4, 1, 1, '00:00:00'),
(197, 1, 1, 0, 6, 2, 2, 11, 5, 5, 1, 1, '00:00:00'),
(198, 1, 2, 0, 6, 2, 2, 11, 5, 5, 1, 1, '00:00:00'),
(199, 1, 3, 0, 6, 2, 2, 11, 5, 5, 1, 1, '00:00:00'),
(200, 1, 4, 0, 6, 2, 2, 11, 5, 5, 1, 1, '00:00:00'),
(201, 1, 5, 0, 6, 2, 3, 1, 5, 5, 1, 1, '00:00:00'),
(202, 1, 6, 0, 6, 2, 2, 10, 5, 5, 1, 1, '00:00:00'),
(203, 1, 7, 0, 6, 2, 2, 11, 5, 5, 1, 1, '00:00:00'),
(204, 1, 8, 0, 6, 2, 2, 11, 5, 5, 1, 1, '00:00:00'),
(205, 1, 9, 0, 6, 2, 2, 11, 5, 5, 1, 1, '00:00:00'),
(206, 1, 10, 0, 6, 2, 2, 11, 5, 5, 1, 1, '00:00:00'),
(207, 1, 11, 0, 6, 2, 3, 1, 5, 5, 1, 1, '00:00:00'),
(208, 1, 12, 0, 6, 2, 2, 1, 5, 5, 1, 1, '00:00:00'),
(209, 1, 13, 0, 6, 2, 2, 11, 5, 5, 1, 1, '00:00:00'),
(210, 1, 14, 0, 6, 2, 2, 11, 5, 5, 1, 1, '00:00:00'),
(211, 1, 15, 0, 6, 2, 2, 11, 5, 5, 1, 1, '00:00:00'),
(212, 1, 16, 0, 6, 2, 1, 1, 5, 5, 1, 1, '00:00:00'),
(213, 1, 17, 0, 6, 2, 3, 1, 5, 5, 1, 1, '00:00:00'),
(214, 1, 18, 0, 6, 2, 2, 10, 5, 5, 1, 1, '00:00:00'),
(215, 1, 19, 0, 6, 2, 3, 1, 5, 5, 1, 1, '00:00:00'),
(216, 1, 20, 0, 6, 2, 2, 10, 5, 5, 1, 1, '00:00:00'),
(217, 1, 21, 0, 6, 2, 3, 1, 5, 5, 1, 1, '00:00:00'),
(218, 1, 22, 0, 6, 2, 1, 1, 5, 5, 1, 1, '00:00:00'),
(219, 1, 23, 0, 6, 2, 1, 1, 5, 5, 1, 1, '00:00:00'),
(220, 1, 24, 0, 6, 2, 1, 1, 5, 5, 1, 1, '00:00:00'),
(221, 1, 25, 0, 6, 2, 1, 1, 5, 5, 1, 1, '00:00:00'),
(222, 1, 26, 0, 6, 2, 1, 1, 5, 5, 1, 1, '00:00:00'),
(223, 1, 27, 0, 6, 2, 1, 1, 5, 5, 1, 1, '00:00:00'),
(224, 1, 28, 0, 6, 2, 1, 1, 5, 5, 1, 1, '00:00:00'),
(225, 1, 29, 0, 6, 2, 1, 1, 5, 5, 1, 1, '00:00:00'),
(226, 1, 30, 0, 6, 2, 1, 1, 5, 5, 1, 1, '00:00:00'),
(227, 1, 31, 0, 6, 2, 1, 1, 5, 5, 1, 1, '00:00:00'),
(228, 1, 32, 0, 6, 2, 1, 1, 5, 5, 1, 1, '00:00:00'),
(229, 1, 33, 0, 6, 2, 1, 1, 5, 5, 1, 1, '00:00:00'),
(230, 1, 34, 0, 6, 2, 1, 1, 5, 5, 1, 1, '00:00:00'),
(231, 1, 35, 0, 6, 2, 1, 1, 5, 5, 1, 1, '00:00:00'),
(232, 1, 36, 0, 6, 2, 1, 1, 5, 5, 1, 1, '00:00:00'),
(233, 1, 37, 0, 6, 2, 1, 1, 5, 5, 1, 1, '00:00:00'),
(234, 1, 38, 0, 6, 2, 1, 1, 5, 5, 1, 1, '00:00:00'),
(235, 1, 39, 0, 6, 2, 1, 1, 5, 5, 1, 1, '00:00:00'),
(236, 1, 40, 0, 6, 2, 1, 1, 5, 5, 1, 1, '00:00:00'),
(237, 1, 41, 0, 6, 2, 1, 1, 5, 5, 1, 1, '00:00:00'),
(238, 1, 42, 0, 6, 2, 1, 1, 5, 5, 1, 1, '00:00:00'),
(239, 1, 43, 0, 6, 2, 1, 1, 5, 5, 1, 1, '00:00:00'),
(240, 1, 44, 0, 6, 2, 1, 1, 5, 5, 1, 1, '00:00:00'),
(241, 1, 45, 0, 6, 2, 1, 1, 5, 5, 1, 1, '00:00:00'),
(242, 1, 46, 0, 6, 2, 1, 1, 5, 5, 1, 1, '00:00:00'),
(243, 1, 47, 0, 6, 2, 1, 1, 5, 5, 1, 1, '00:00:00'),
(244, 1, 48, 0, 6, 2, 1, 1, 5, 5, 1, 1, '00:00:00'),
(245, 1, 49, 0, 6, 2, 1, 1, 5, 5, 1, 1, '00:00:00'),
(246, 2, 1, 0, 2, 2, 2, 11, 1, 9, 1, 3, '13:30:00'),
(247, 2, 2, 0, 2, 2, 3, 1, 1, 9, 1, 3, '13:30:00'),
(248, 2, 3, 0, 2, 2, 3, 1, 1, 9, 1, 3, '13:30:00'),
(249, 2, 4, 0, 2, 2, 3, 1, 1, 9, 1, 3, '13:30:00'),
(250, 2, 5, 0, 2, 2, 2, 11, 1, 9, 1, 3, '13:30:00'),
(251, 2, 6, 0, 2, 2, 2, 1, 1, 9, 1, 3, '13:30:00'),
(252, 2, 7, 0, 2, 2, 2, 11, 1, 9, 1, 3, '13:30:00'),
(253, 2, 8, 0, 2, 2, 2, 10, 1, 9, 1, 3, '13:30:00'),
(254, 2, 9, 0, 2, 2, 2, 10, 1, 9, 1, 3, '13:30:00'),
(255, 2, 10, 0, 2, 2, 2, 11, 1, 9, 1, 3, '13:30:00'),
(256, 2, 11, 0, 2, 2, 2, 11, 1, 9, 1, 3, '13:30:00'),
(257, 2, 12, 0, 2, 2, 3, 1, 1, 9, 1, 3, '13:30:00'),
(258, 2, 13, 0, 2, 2, 2, 11, 1, 9, 1, 3, '13:30:00'),
(259, 2, 14, 0, 2, 2, 2, 10, 1, 9, 1, 3, '13:30:00'),
(260, 2, 15, 0, 2, 2, 2, 11, 1, 9, 1, 3, '13:30:00'),
(261, 2, 16, 0, 2, 2, 1, 1, 1, 9, 1, 3, '13:30:00'),
(262, 2, 17, 0, 2, 2, 2, 11, 1, 9, 1, 3, '13:30:00'),
(263, 2, 18, 0, 2, 2, 1, 1, 1, 9, 1, 3, '13:30:00'),
(264, 2, 19, 0, 2, 2, 2, 11, 1, 9, 1, 3, '13:30:00'),
(265, 2, 20, 0, 2, 2, 2, 1, 1, 9, 1, 3, '13:30:00'),
(266, 2, 21, 0, 2, 2, 2, 11, 1, 9, 1, 3, '13:30:00'),
(267, 2, 22, 0, 2, 2, 1, 1, 1, 9, 1, 3, '13:30:00'),
(268, 2, 23, 0, 2, 2, 1, 1, 1, 9, 1, 3, '13:30:00'),
(269, 2, 24, 0, 2, 2, 1, 1, 1, 9, 1, 3, '13:30:00'),
(270, 2, 25, 0, 2, 2, 1, 1, 1, 9, 1, 3, '13:30:00'),
(271, 2, 26, 0, 2, 2, 1, 1, 1, 9, 1, 3, '13:30:00'),
(272, 2, 27, 0, 2, 2, 1, 1, 1, 9, 1, 3, '13:30:00'),
(273, 2, 28, 0, 2, 2, 1, 1, 1, 9, 1, 3, '13:30:00'),
(274, 2, 29, 0, 2, 2, 1, 1, 1, 9, 1, 3, '13:30:00'),
(275, 2, 30, 0, 2, 2, 1, 1, 1, 9, 1, 3, '13:30:00'),
(276, 2, 31, 0, 2, 2, 1, 1, 1, 9, 1, 3, '13:30:00'),
(277, 2, 32, 0, 2, 2, 1, 1, 1, 9, 1, 3, '13:30:00'),
(278, 2, 33, 0, 2, 2, 1, 1, 1, 9, 1, 3, '13:30:00'),
(279, 2, 34, 0, 2, 2, 1, 1, 1, 9, 1, 3, '13:30:00'),
(280, 2, 35, 0, 2, 2, 1, 1, 1, 9, 1, 3, '13:30:00'),
(281, 2, 36, 0, 2, 2, 1, 1, 1, 9, 1, 3, '13:30:00'),
(282, 2, 37, 0, 2, 2, 1, 1, 1, 9, 1, 3, '13:30:00'),
(283, 2, 38, 0, 2, 2, 1, 1, 1, 9, 1, 3, '13:30:00'),
(284, 2, 39, 0, 2, 2, 1, 1, 1, 9, 1, 3, '13:30:00'),
(285, 2, 40, 0, 2, 2, 1, 1, 1, 9, 1, 3, '13:30:00'),
(286, 2, 41, 0, 2, 2, 1, 1, 1, 9, 1, 3, '13:30:00'),
(287, 2, 42, 0, 2, 2, 1, 1, 1, 9, 1, 3, '13:30:00'),
(288, 2, 43, 0, 2, 2, 1, 1, 1, 9, 1, 3, '13:30:00'),
(289, 2, 44, 0, 2, 2, 1, 1, 1, 9, 1, 3, '13:30:00'),
(290, 2, 45, 0, 2, 2, 1, 1, 1, 9, 1, 3, '13:30:00'),
(291, 2, 46, 0, 2, 2, 1, 1, 1, 9, 1, 3, '13:30:00'),
(292, 2, 47, 0, 2, 2, 1, 1, 1, 9, 1, 3, '13:30:00'),
(293, 2, 48, 0, 2, 2, 1, 1, 1, 9, 1, 3, '13:30:00'),
(294, 2, 49, 0, 2, 2, 1, 1, 1, 9, 1, 3, '13:30:00'),
(295, 2, 1, 0, 2, 2, 2, 10, 2, 10, 1, 3, '13:30:00'),
(296, 2, 2, 0, 2, 2, 3, 1, 2, 10, 1, 3, '13:30:00'),
(297, 2, 3, 0, 2, 2, 3, 1, 2, 10, 1, 3, '13:30:00'),
(298, 2, 4, 0, 2, 2, 3, 1, 2, 10, 1, 3, '13:30:00'),
(299, 2, 5, 0, 2, 2, 2, 11, 2, 10, 1, 3, '13:30:00'),
(300, 2, 6, 0, 2, 2, 2, 1, 2, 10, 1, 3, '13:30:00'),
(301, 2, 7, 0, 2, 2, 2, 10, 2, 10, 1, 3, '13:30:00'),
(302, 2, 8, 0, 2, 2, 2, 11, 2, 10, 1, 3, '13:30:00'),
(303, 2, 9, 0, 2, 2, 2, 11, 2, 10, 1, 3, '13:30:00'),
(304, 2, 10, 0, 2, 2, 2, 11, 2, 10, 1, 3, '13:30:00'),
(305, 2, 11, 0, 2, 2, 2, 11, 2, 10, 1, 3, '13:30:00'),
(306, 2, 12, 0, 2, 2, 3, 1, 2, 10, 1, 3, '13:30:00'),
(307, 2, 13, 0, 2, 2, 2, 10, 2, 10, 1, 3, '13:30:00'),
(308, 2, 14, 0, 2, 2, 2, 11, 2, 10, 1, 3, '13:30:00'),
(309, 2, 15, 0, 2, 2, 2, 11, 2, 10, 1, 3, '13:30:00'),
(310, 2, 16, 0, 2, 2, 1, 1, 2, 10, 1, 3, '13:30:00'),
(311, 2, 17, 0, 2, 2, 2, 11, 2, 10, 1, 3, '13:30:00'),
(312, 2, 18, 0, 2, 2, 1, 1, 2, 10, 1, 3, '13:30:00'),
(313, 2, 19, 0, 2, 2, 2, 11, 2, 10, 1, 3, '13:30:00'),
(314, 2, 20, 0, 2, 2, 2, 1, 2, 10, 1, 3, '13:30:00'),
(315, 2, 21, 0, 2, 2, 2, 11, 2, 10, 1, 3, '13:30:00'),
(316, 2, 22, 0, 2, 2, 1, 1, 2, 10, 1, 3, '13:30:00'),
(317, 2, 23, 0, 2, 2, 1, 1, 2, 10, 1, 3, '13:30:00'),
(318, 2, 24, 0, 2, 2, 1, 1, 2, 10, 1, 3, '13:30:00'),
(319, 2, 25, 0, 2, 2, 1, 1, 2, 10, 1, 3, '13:30:00'),
(320, 2, 26, 0, 2, 2, 1, 1, 2, 10, 1, 3, '13:30:00'),
(321, 2, 27, 0, 2, 2, 1, 1, 2, 10, 1, 3, '13:30:00'),
(322, 2, 28, 0, 2, 2, 1, 1, 2, 10, 1, 3, '13:30:00'),
(323, 2, 29, 0, 2, 2, 1, 1, 2, 10, 1, 3, '13:30:00'),
(324, 2, 30, 0, 2, 2, 1, 1, 2, 10, 1, 3, '13:30:00'),
(325, 2, 31, 0, 2, 2, 1, 1, 2, 10, 1, 3, '13:30:00'),
(326, 2, 32, 0, 2, 2, 1, 1, 2, 10, 1, 3, '13:30:00'),
(327, 2, 33, 0, 2, 2, 1, 1, 2, 10, 1, 3, '13:30:00'),
(328, 2, 34, 0, 2, 2, 1, 1, 2, 10, 1, 3, '13:30:00'),
(329, 2, 35, 0, 2, 2, 1, 1, 2, 10, 1, 3, '13:30:00'),
(330, 2, 36, 0, 2, 2, 1, 1, 2, 10, 1, 3, '13:30:00'),
(331, 2, 37, 0, 2, 2, 1, 1, 2, 10, 1, 3, '13:30:00'),
(332, 2, 38, 0, 2, 2, 1, 1, 2, 10, 1, 3, '13:30:00'),
(333, 2, 39, 0, 2, 2, 1, 1, 2, 10, 1, 3, '13:30:00'),
(334, 2, 40, 0, 2, 2, 1, 1, 2, 10, 1, 3, '13:30:00'),
(335, 2, 41, 0, 2, 2, 1, 1, 2, 10, 1, 3, '13:30:00'),
(336, 2, 42, 0, 2, 2, 1, 1, 2, 10, 1, 3, '13:30:00'),
(337, 2, 43, 0, 2, 2, 1, 1, 2, 10, 1, 3, '13:30:00'),
(338, 2, 44, 0, 2, 2, 1, 1, 2, 10, 1, 3, '13:30:00'),
(339, 2, 45, 0, 2, 2, 1, 1, 2, 10, 1, 3, '13:30:00'),
(340, 2, 46, 0, 2, 2, 1, 1, 2, 10, 1, 3, '13:30:00'),
(341, 2, 47, 0, 2, 2, 1, 1, 2, 10, 1, 3, '13:30:00'),
(342, 2, 48, 0, 2, 2, 1, 1, 2, 10, 1, 3, '13:30:00'),
(343, 2, 49, 0, 2, 2, 1, 1, 2, 10, 1, 3, '13:30:00'),
(344, 2, 1, 0, 3, 2, 2, 11, 3, 11, 1, 3, '13:30:00'),
(345, 2, 2, 0, 3, 2, 3, 1, 3, 11, 1, 3, '13:30:00'),
(346, 2, 3, 0, 3, 2, 3, 1, 3, 11, 1, 3, '13:30:00'),
(347, 2, 4, 0, 3, 2, 3, 1, 3, 11, 1, 3, '13:30:00'),
(348, 2, 5, 0, 3, 2, 2, 10, 3, 11, 1, 3, '13:30:00'),
(349, 2, 6, 0, 3, 2, 2, 1, 3, 11, 1, 3, '13:30:00'),
(350, 2, 7, 0, 3, 2, 2, 11, 3, 11, 1, 3, '13:30:00'),
(351, 2, 8, 0, 3, 2, 2, 11, 3, 11, 1, 3, '13:30:00'),
(352, 2, 9, 0, 3, 2, 2, 11, 3, 11, 1, 3, '13:30:00'),
(353, 2, 10, 0, 3, 2, 2, 11, 3, 11, 1, 3, '13:30:00'),
(354, 2, 11, 0, 3, 2, 2, 10, 3, 11, 1, 3, '13:30:00'),
(355, 2, 12, 0, 3, 2, 3, 1, 3, 11, 1, 3, '13:30:00'),
(356, 2, 13, 0, 3, 2, 2, 11, 3, 11, 1, 3, '13:30:00'),
(357, 2, 14, 0, 3, 2, 2, 11, 3, 11, 1, 3, '13:30:00'),
(358, 2, 15, 0, 3, 2, 2, 11, 3, 11, 1, 3, '13:30:00'),
(359, 2, 16, 0, 3, 2, 1, 1, 3, 11, 1, 3, '13:30:00'),
(360, 2, 17, 0, 3, 2, 2, 11, 3, 11, 1, 3, '13:30:00'),
(361, 2, 18, 0, 3, 2, 1, 1, 3, 11, 1, 3, '13:30:00'),
(362, 2, 19, 0, 3, 2, 2, 11, 3, 11, 1, 3, '13:30:00'),
(363, 2, 20, 0, 3, 2, 2, 1, 3, 11, 1, 3, '13:30:00'),
(364, 2, 21, 0, 3, 2, 2, 11, 3, 11, 1, 3, '13:30:00'),
(365, 2, 22, 0, 3, 2, 1, 1, 3, 11, 1, 3, '13:30:00'),
(366, 2, 23, 0, 3, 2, 1, 1, 3, 11, 1, 3, '13:30:00'),
(367, 2, 24, 0, 3, 2, 1, 1, 3, 11, 1, 3, '13:30:00'),
(368, 2, 25, 0, 3, 2, 1, 1, 3, 11, 1, 3, '13:30:00'),
(369, 2, 26, 0, 3, 2, 1, 1, 3, 11, 1, 3, '13:30:00'),
(370, 2, 27, 0, 3, 2, 1, 1, 3, 11, 1, 3, '13:30:00'),
(371, 2, 28, 0, 3, 2, 1, 1, 3, 11, 1, 3, '13:30:00'),
(372, 2, 29, 0, 3, 2, 1, 1, 3, 11, 1, 3, '13:30:00'),
(373, 2, 30, 0, 3, 2, 1, 1, 3, 11, 1, 3, '13:30:00'),
(374, 2, 31, 0, 3, 2, 1, 1, 3, 11, 1, 3, '13:30:00'),
(375, 2, 32, 0, 3, 2, 1, 1, 3, 11, 1, 3, '13:30:00'),
(376, 2, 33, 0, 3, 2, 1, 1, 3, 11, 1, 3, '13:30:00'),
(377, 2, 34, 0, 3, 2, 1, 1, 3, 11, 1, 3, '13:30:00'),
(378, 2, 35, 0, 3, 2, 1, 1, 3, 11, 1, 3, '13:30:00'),
(379, 2, 36, 0, 3, 2, 1, 1, 3, 11, 1, 3, '13:30:00'),
(380, 2, 37, 0, 3, 2, 1, 1, 3, 11, 1, 3, '13:30:00'),
(381, 2, 38, 0, 3, 2, 1, 1, 3, 11, 1, 3, '13:30:00'),
(382, 2, 39, 0, 3, 2, 1, 1, 3, 11, 1, 3, '13:30:00'),
(383, 2, 40, 0, 3, 2, 1, 1, 3, 11, 1, 3, '13:30:00'),
(384, 2, 41, 0, 3, 2, 1, 1, 3, 11, 1, 3, '13:30:00'),
(385, 2, 42, 0, 3, 2, 1, 1, 3, 11, 1, 3, '13:30:00'),
(386, 2, 43, 0, 3, 2, 1, 1, 3, 11, 1, 3, '13:30:00'),
(387, 2, 44, 0, 3, 2, 1, 1, 3, 11, 1, 3, '13:30:00'),
(388, 2, 45, 0, 3, 2, 1, 1, 3, 11, 1, 3, '13:30:00'),
(389, 2, 46, 0, 3, 2, 1, 1, 3, 11, 1, 3, '13:30:00'),
(390, 2, 47, 0, 3, 2, 1, 1, 3, 11, 1, 3, '13:30:00'),
(391, 2, 48, 0, 3, 2, 1, 1, 3, 11, 1, 3, '13:30:00'),
(392, 2, 49, 0, 3, 2, 1, 1, 3, 11, 1, 3, '13:30:00'),
(393, 2, 1, 0, 5, 3, 2, 11, 4, 12, 1, 3, '13:30:00'),
(394, 2, 2, 0, 5, 3, 3, 1, 4, 12, 1, 3, '13:30:00'),
(395, 2, 3, 0, 5, 3, 3, 1, 4, 12, 1, 3, '13:30:00'),
(396, 2, 4, 0, 5, 3, 3, 1, 4, 12, 1, 3, '13:30:00'),
(397, 2, 5, 0, 5, 3, 2, 11, 4, 12, 1, 3, '13:30:00'),
(398, 2, 6, 0, 5, 3, 2, 1, 4, 12, 1, 3, '13:30:00'),
(399, 2, 7, 0, 5, 3, 2, 11, 4, 12, 1, 3, '13:30:00'),
(400, 2, 8, 0, 5, 3, 2, 11, 4, 12, 1, 3, '13:30:00'),
(401, 2, 9, 0, 5, 3, 2, 11, 4, 12, 1, 3, '13:30:00'),
(402, 2, 10, 0, 5, 3, 2, 10, 4, 12, 1, 3, '13:30:00'),
(403, 2, 11, 0, 5, 3, 2, 11, 4, 12, 1, 3, '13:30:00'),
(404, 2, 12, 0, 5, 3, 3, 1, 4, 12, 1, 3, '13:30:00'),
(405, 2, 13, 0, 5, 3, 2, 11, 4, 12, 1, 3, '13:30:00'),
(406, 2, 14, 0, 5, 3, 2, 11, 4, 12, 1, 3, '13:30:00'),
(407, 2, 15, 0, 5, 3, 2, 10, 4, 12, 1, 3, '13:30:00'),
(408, 2, 16, 0, 5, 3, 1, 1, 4, 12, 1, 3, '13:30:00'),
(409, 2, 17, 0, 5, 3, 2, 11, 4, 12, 1, 3, '13:30:00'),
(410, 2, 18, 0, 5, 3, 1, 1, 4, 12, 1, 3, '13:30:00'),
(411, 2, 19, 0, 5, 3, 2, 11, 4, 12, 1, 3, '13:30:00'),
(412, 2, 20, 0, 5, 3, 2, 1, 4, 12, 1, 3, '13:30:00'),
(413, 2, 21, 0, 5, 3, 2, 11, 4, 12, 1, 3, '13:30:00'),
(414, 2, 22, 0, 5, 3, 1, 1, 4, 12, 1, 3, '13:30:00'),
(415, 2, 23, 0, 5, 3, 1, 1, 4, 12, 1, 3, '13:30:00'),
(416, 2, 24, 0, 5, 3, 1, 1, 4, 12, 1, 3, '13:30:00'),
(417, 2, 25, 0, 5, 3, 1, 1, 4, 12, 1, 3, '13:30:00'),
(418, 2, 26, 0, 5, 3, 1, 1, 4, 12, 1, 3, '13:30:00'),
(419, 2, 27, 0, 5, 3, 1, 1, 4, 12, 1, 3, '13:30:00'),
(420, 2, 28, 0, 5, 3, 1, 1, 4, 12, 1, 3, '13:30:00'),
(421, 2, 29, 0, 5, 3, 1, 1, 4, 12, 1, 3, '13:30:00'),
(422, 2, 30, 0, 5, 3, 1, 1, 4, 12, 1, 3, '13:30:00'),
(423, 2, 31, 0, 5, 3, 1, 1, 4, 12, 1, 3, '13:30:00'),
(424, 2, 32, 0, 5, 3, 1, 1, 4, 12, 1, 3, '13:30:00'),
(425, 2, 33, 0, 5, 3, 1, 1, 4, 12, 1, 3, '13:30:00'),
(426, 2, 34, 0, 5, 3, 1, 1, 4, 12, 1, 3, '13:30:00'),
(427, 2, 35, 0, 5, 3, 1, 1, 4, 12, 1, 3, '13:30:00'),
(428, 2, 36, 0, 5, 3, 1, 1, 4, 12, 1, 3, '13:30:00'),
(429, 2, 37, 0, 5, 3, 1, 1, 4, 12, 1, 3, '13:30:00'),
(430, 2, 38, 0, 5, 3, 1, 1, 4, 12, 1, 3, '13:30:00'),
(431, 2, 39, 0, 5, 3, 1, 1, 4, 12, 1, 3, '13:30:00'),
(432, 2, 40, 0, 5, 3, 1, 1, 4, 12, 1, 3, '13:30:00'),
(433, 2, 41, 0, 5, 3, 1, 1, 4, 12, 1, 3, '13:30:00'),
(434, 2, 42, 0, 5, 3, 1, 1, 4, 12, 1, 3, '13:30:00'),
(435, 2, 43, 0, 5, 3, 1, 1, 4, 12, 1, 3, '13:30:00'),
(436, 2, 44, 0, 5, 3, 1, 1, 4, 12, 1, 3, '13:30:00'),
(437, 2, 45, 0, 5, 3, 1, 1, 4, 12, 1, 3, '13:30:00'),
(438, 2, 46, 0, 5, 3, 1, 1, 4, 12, 1, 3, '13:30:00'),
(439, 2, 47, 0, 5, 3, 1, 1, 4, 12, 1, 3, '13:30:00'),
(440, 2, 48, 0, 5, 3, 1, 1, 4, 12, 1, 3, '13:30:00'),
(441, 2, 49, 0, 5, 3, 1, 1, 4, 12, 1, 3, '13:30:00'),
(442, 2, 1, 0, 6, 2, 2, 11, 5, 13, 1, 3, '13:00:00'),
(443, 2, 2, 0, 6, 2, 3, 1, 5, 13, 1, 3, '13:00:00'),
(444, 2, 3, 0, 6, 2, 3, 1, 5, 13, 1, 3, '13:00:00'),
(445, 2, 4, 0, 6, 2, 3, 1, 5, 13, 1, 3, '13:00:00'),
(446, 2, 5, 0, 6, 2, 2, 11, 5, 13, 1, 3, '13:00:00'),
(447, 2, 6, 0, 6, 2, 2, 1, 5, 13, 1, 3, '13:00:00'),
(448, 2, 7, 0, 6, 2, 2, 11, 5, 13, 1, 3, '13:00:00'),
(449, 2, 8, 0, 6, 2, 2, 11, 5, 13, 1, 3, '13:00:00'),
(450, 2, 9, 0, 6, 2, 2, 11, 5, 13, 1, 3, '13:00:00'),
(451, 2, 10, 0, 6, 2, 2, 11, 5, 13, 1, 3, '13:00:00'),
(452, 2, 11, 0, 6, 2, 2, 11, 5, 13, 1, 3, '13:00:00'),
(453, 2, 12, 0, 6, 2, 3, 1, 5, 13, 1, 3, '13:00:00'),
(454, 2, 13, 0, 6, 2, 2, 11, 5, 13, 1, 3, '13:00:00'),
(455, 2, 14, 0, 6, 2, 2, 11, 5, 13, 1, 3, '13:00:00'),
(456, 2, 15, 0, 6, 2, 2, 11, 5, 13, 1, 3, '13:00:00'),
(457, 2, 16, 0, 6, 2, 1, 1, 5, 13, 1, 3, '13:00:00'),
(458, 2, 17, 0, 6, 2, 2, 10, 5, 13, 1, 3, '13:00:00'),
(459, 2, 18, 0, 6, 2, 1, 1, 5, 13, 1, 3, '13:00:00'),
(460, 2, 19, 0, 6, 2, 2, 10, 5, 13, 1, 3, '13:00:00'),
(461, 2, 20, 0, 6, 2, 2, 1, 5, 13, 1, 3, '13:00:00'),
(462, 2, 21, 0, 6, 2, 2, 10, 5, 13, 1, 3, '13:00:00'),
(463, 2, 22, 0, 6, 2, 1, 1, 5, 13, 1, 3, '13:00:00'),
(464, 2, 23, 0, 6, 2, 1, 1, 5, 13, 1, 3, '13:00:00'),
(465, 2, 24, 0, 6, 2, 1, 1, 5, 13, 1, 3, '13:00:00'),
(466, 2, 25, 0, 6, 2, 1, 1, 5, 13, 1, 3, '13:00:00'),
(467, 2, 26, 0, 6, 2, 1, 1, 5, 13, 1, 3, '13:00:00'),
(468, 2, 27, 0, 6, 2, 1, 1, 5, 13, 1, 3, '13:00:00'),
(469, 2, 28, 0, 6, 2, 1, 1, 5, 13, 1, 3, '13:00:00'),
(470, 2, 29, 0, 6, 2, 1, 1, 5, 13, 1, 3, '13:00:00'),
(471, 2, 30, 0, 6, 2, 1, 1, 5, 13, 1, 3, '13:00:00'),
(472, 2, 31, 0, 6, 2, 1, 1, 5, 13, 1, 3, '13:00:00'),
(473, 2, 32, 0, 6, 2, 1, 1, 5, 13, 1, 3, '13:00:00'),
(474, 2, 33, 0, 6, 2, 1, 1, 5, 13, 1, 3, '13:00:00'),
(475, 2, 34, 0, 6, 2, 1, 1, 5, 13, 1, 3, '13:00:00'),
(476, 2, 35, 0, 6, 2, 1, 1, 5, 13, 1, 3, '13:00:00'),
(477, 2, 36, 0, 6, 2, 1, 1, 5, 13, 1, 3, '13:00:00'),
(478, 2, 37, 0, 6, 2, 1, 1, 5, 13, 1, 3, '13:00:00'),
(479, 2, 38, 0, 6, 2, 1, 1, 5, 13, 1, 3, '13:00:00'),
(480, 2, 39, 0, 6, 2, 1, 1, 5, 13, 1, 3, '13:00:00'),
(481, 2, 40, 0, 6, 2, 1, 1, 5, 13, 1, 3, '13:00:00'),
(482, 2, 41, 0, 6, 2, 1, 1, 5, 13, 1, 3, '13:00:00'),
(483, 2, 42, 0, 6, 2, 1, 1, 5, 13, 1, 3, '13:00:00'),
(484, 2, 43, 0, 6, 2, 1, 1, 5, 13, 1, 3, '13:00:00'),
(485, 2, 44, 0, 6, 2, 1, 1, 5, 13, 1, 3, '13:00:00'),
(486, 2, 45, 0, 6, 2, 1, 1, 5, 13, 1, 3, '13:00:00'),
(487, 2, 46, 0, 6, 2, 1, 1, 5, 13, 1, 3, '13:00:00'),
(488, 2, 47, 0, 6, 2, 1, 1, 5, 13, 1, 3, '13:00:00'),
(489, 2, 48, 0, 6, 2, 1, 1, 5, 13, 1, 3, '13:00:00'),
(490, 2, 49, 0, 6, 2, 1, 1, 5, 13, 1, 3, '13:00:00'),
(491, 3, 1, 0, 2, 2, 2, 10, 1, 17, 1, 3, '13:15:00'),
(492, 3, 2, 0, 2, 2, 2, 11, 1, 17, 1, 3, '13:15:00'),
(493, 3, 3, 0, 2, 2, 2, 11, 1, 17, 1, 3, '13:15:00'),
(494, 3, 4, 0, 2, 2, 2, 11, 1, 17, 1, 3, '13:15:00'),
(495, 3, 5, 0, 2, 2, 3, 1, 1, 17, 1, 3, '13:15:00'),
(496, 3, 6, 0, 2, 2, 2, 11, 1, 17, 1, 3, '13:15:00'),
(497, 3, 7, 0, 2, 2, 2, 11, 1, 17, 1, 3, '13:15:00'),
(498, 3, 8, 0, 2, 2, 2, 10, 1, 17, 1, 3, '13:15:00'),
(499, 3, 9, 0, 2, 2, 3, 1, 1, 17, 1, 3, '13:15:00'),
(500, 3, 10, 0, 2, 2, 3, 1, 1, 17, 1, 3, '13:15:00'),
(501, 3, 11, 0, 2, 2, 2, 11, 1, 17, 1, 3, '13:15:00'),
(502, 3, 12, 0, 2, 2, 2, 11, 1, 17, 1, 3, '13:15:00'),
(503, 3, 13, 0, 2, 2, 2, 11, 1, 17, 1, 3, '13:15:00'),
(504, 3, 14, 0, 2, 2, 2, 10, 1, 17, 1, 3, '13:15:00'),
(505, 3, 15, 0, 2, 2, 1, 1, 1, 17, 1, 3, '13:15:00'),
(506, 3, 16, 0, 2, 2, 1, 1, 1, 17, 1, 3, '13:15:00'),
(507, 3, 17, 0, 2, 2, 1, 1, 1, 17, 1, 3, '13:15:00'),
(508, 3, 18, 0, 2, 2, 2, 11, 1, 17, 1, 3, '13:15:00'),
(509, 3, 19, 0, 2, 2, 2, 1, 1, 17, 1, 3, '13:15:00'),
(510, 3, 20, 0, 2, 2, 2, 1, 1, 17, 1, 3, '13:15:00'),
(511, 3, 21, 0, 2, 2, 2, 11, 1, 17, 1, 3, '13:15:00'),
(512, 3, 22, 0, 2, 2, 2, 1, 1, 17, 1, 3, '13:15:00'),
(513, 3, 23, 0, 2, 2, 1, 1, 1, 17, 1, 3, '13:15:00'),
(514, 3, 24, 0, 2, 2, 1, 1, 1, 17, 1, 3, '13:15:00'),
(515, 3, 25, 0, 2, 2, 1, 1, 1, 17, 1, 3, '13:15:00'),
(516, 3, 26, 0, 2, 2, 1, 1, 1, 17, 1, 3, '13:15:00'),
(517, 3, 27, 0, 2, 2, 1, 1, 1, 17, 1, 3, '13:15:00'),
(518, 3, 28, 0, 2, 2, 1, 1, 1, 17, 1, 3, '13:15:00'),
(519, 3, 29, 0, 2, 2, 1, 1, 1, 17, 1, 3, '13:15:00'),
(520, 3, 30, 0, 2, 2, 1, 1, 1, 17, 1, 3, '13:15:00'),
(521, 3, 31, 0, 2, 2, 1, 1, 1, 17, 1, 3, '13:15:00'),
(522, 3, 32, 0, 2, 2, 1, 1, 1, 17, 1, 3, '13:15:00'),
(523, 3, 33, 0, 2, 2, 1, 1, 1, 17, 1, 3, '13:15:00'),
(524, 3, 34, 0, 2, 2, 1, 1, 1, 17, 1, 3, '13:15:00'),
(525, 3, 35, 0, 2, 2, 1, 1, 1, 17, 1, 3, '13:15:00'),
(526, 3, 36, 0, 2, 2, 1, 1, 1, 17, 1, 3, '13:15:00'),
(527, 3, 37, 0, 2, 2, 1, 1, 1, 17, 1, 3, '13:15:00'),
(528, 3, 38, 0, 2, 2, 1, 1, 1, 17, 1, 3, '13:15:00'),
(529, 3, 39, 0, 2, 2, 1, 1, 1, 17, 1, 3, '13:15:00'),
(530, 3, 40, 0, 2, 2, 1, 1, 1, 17, 1, 3, '13:15:00'),
(531, 3, 41, 0, 2, 2, 1, 1, 1, 17, 1, 3, '13:15:00'),
(532, 3, 42, 0, 2, 2, 1, 1, 1, 17, 1, 3, '13:15:00'),
(533, 3, 43, 0, 2, 2, 1, 1, 1, 17, 1, 3, '13:15:00'),
(534, 3, 44, 0, 2, 2, 1, 1, 1, 17, 1, 3, '13:15:00'),
(535, 3, 45, 0, 2, 2, 1, 1, 1, 17, 1, 3, '13:15:00'),
(536, 3, 46, 0, 2, 2, 1, 1, 1, 17, 1, 3, '13:15:00'),
(537, 3, 47, 0, 2, 2, 1, 1, 1, 17, 1, 3, '13:15:00'),
(538, 3, 48, 0, 2, 2, 1, 1, 1, 17, 1, 3, '13:15:00'),
(539, 3, 49, 0, 2, 2, 1, 1, 1, 17, 1, 3, '13:15:00'),
(540, 3, 1, 0, 2, 2, 2, 11, 2, 18, 1, 2, '13:30:00'),
(541, 3, 2, 0, 2, 2, 2, 11, 2, 18, 1, 2, '13:30:00'),
(542, 3, 3, 0, 2, 2, 2, 11, 2, 18, 1, 2, '13:30:00'),
(543, 3, 4, 0, 2, 2, 2, 11, 2, 18, 1, 2, '13:30:00'),
(544, 3, 5, 0, 2, 2, 3, 1, 2, 18, 1, 2, '13:30:00'),
(545, 3, 6, 0, 2, 2, 2, 11, 2, 18, 1, 2, '13:30:00'),
(546, 3, 7, 0, 2, 2, 2, 10, 2, 18, 1, 2, '13:30:00'),
(547, 3, 8, 0, 2, 2, 2, 11, 2, 18, 1, 2, '13:30:00'),
(548, 3, 9, 0, 2, 2, 3, 1, 2, 18, 1, 2, '13:30:00'),
(549, 3, 10, 0, 2, 2, 3, 1, 2, 18, 1, 2, '13:30:00'),
(550, 3, 11, 0, 2, 2, 2, 11, 2, 18, 1, 2, '13:30:00'),
(551, 3, 12, 0, 2, 2, 2, 11, 2, 18, 1, 2, '13:30:00'),
(552, 3, 13, 0, 2, 2, 2, 10, 2, 18, 1, 2, '13:30:00'),
(553, 3, 14, 0, 2, 2, 2, 11, 2, 18, 1, 2, '13:30:00'),
(554, 3, 15, 0, 2, 2, 1, 1, 2, 18, 1, 2, '13:30:00'),
(555, 3, 16, 0, 2, 2, 1, 1, 2, 18, 1, 2, '13:30:00'),
(556, 3, 17, 0, 2, 2, 1, 1, 2, 18, 1, 2, '13:30:00'),
(557, 3, 18, 0, 2, 2, 2, 11, 2, 18, 1, 2, '13:30:00'),
(558, 3, 19, 0, 2, 2, 2, 1, 2, 18, 1, 2, '13:30:00'),
(559, 3, 20, 0, 2, 2, 2, 1, 2, 18, 1, 2, '13:30:00'),
(560, 3, 21, 0, 2, 2, 2, 11, 2, 18, 1, 2, '13:30:00'),
(561, 3, 22, 0, 2, 2, 2, 1, 2, 18, 1, 2, '13:30:00'),
(562, 3, 23, 0, 2, 2, 1, 1, 2, 18, 1, 2, '13:30:00'),
(563, 3, 24, 0, 2, 2, 1, 1, 2, 18, 1, 2, '13:30:00'),
(564, 3, 25, 0, 2, 2, 1, 1, 2, 18, 1, 2, '13:30:00'),
(565, 3, 26, 0, 2, 2, 1, 1, 2, 18, 1, 2, '13:30:00'),
(566, 3, 27, 0, 2, 2, 1, 1, 2, 18, 1, 2, '13:30:00'),
(567, 3, 28, 0, 2, 2, 1, 1, 2, 18, 1, 2, '13:30:00'),
(568, 3, 29, 0, 2, 2, 1, 1, 2, 18, 1, 2, '13:30:00'),
(569, 3, 30, 0, 2, 2, 1, 1, 2, 18, 1, 2, '13:30:00'),
(570, 3, 31, 0, 2, 2, 1, 1, 2, 18, 1, 2, '13:30:00'),
(571, 3, 32, 0, 2, 2, 1, 1, 2, 18, 1, 2, '13:30:00'),
(572, 3, 33, 0, 2, 2, 1, 1, 2, 18, 1, 2, '13:30:00'),
(573, 3, 34, 0, 2, 2, 1, 1, 2, 18, 1, 2, '13:30:00'),
(574, 3, 35, 0, 2, 2, 1, 1, 2, 18, 1, 2, '13:30:00'),
(575, 3, 36, 0, 2, 2, 1, 1, 2, 18, 1, 2, '13:30:00'),
(576, 3, 37, 0, 2, 2, 1, 1, 2, 18, 1, 2, '13:30:00'),
(577, 3, 38, 0, 2, 2, 1, 1, 2, 18, 1, 2, '13:30:00'),
(578, 3, 39, 0, 2, 2, 1, 1, 2, 18, 1, 2, '13:30:00'),
(579, 3, 40, 0, 2, 2, 1, 1, 2, 18, 1, 2, '13:30:00'),
(580, 3, 41, 0, 2, 2, 1, 1, 2, 18, 1, 2, '13:30:00'),
(581, 3, 42, 0, 2, 2, 1, 1, 2, 18, 1, 2, '13:30:00'),
(582, 3, 43, 0, 2, 2, 1, 1, 2, 18, 1, 2, '13:30:00'),
(583, 3, 44, 0, 2, 2, 1, 1, 2, 18, 1, 2, '13:30:00'),
(584, 3, 45, 0, 2, 2, 1, 1, 2, 18, 1, 2, '13:30:00'),
(585, 3, 46, 0, 2, 2, 1, 1, 2, 18, 1, 2, '13:30:00'),
(586, 3, 47, 0, 2, 2, 1, 1, 2, 18, 1, 2, '13:30:00'),
(587, 3, 48, 0, 2, 2, 1, 1, 2, 18, 1, 2, '13:30:00'),
(588, 3, 49, 0, 2, 2, 1, 1, 2, 18, 1, 2, '13:30:00'),
(589, 3, 1, 0, 3, 2, 2, 11, 3, 19, 1, 3, '13:15:00'),
(590, 3, 2, 0, 3, 2, 2, 10, 3, 19, 1, 3, '13:15:00'),
(591, 3, 3, 0, 3, 2, 2, 11, 3, 19, 1, 3, '13:15:00'),
(592, 3, 4, 0, 3, 2, 2, 11, 3, 19, 1, 3, '13:15:00'),
(593, 3, 5, 0, 3, 2, 3, 1, 3, 19, 1, 3, '13:15:00'),
(594, 3, 6, 0, 3, 2, 2, 11, 3, 19, 1, 3, '13:15:00'),
(595, 3, 7, 0, 3, 2, 2, 11, 3, 19, 1, 3, '13:15:00'),
(596, 3, 8, 0, 3, 2, 2, 11, 3, 19, 1, 3, '13:15:00'),
(597, 3, 9, 0, 3, 2, 3, 1, 3, 19, 1, 3, '13:15:00'),
(598, 3, 10, 0, 3, 2, 3, 1, 3, 19, 1, 3, '13:15:00'),
(599, 3, 11, 0, 3, 2, 2, 10, 3, 19, 1, 3, '13:15:00'),
(600, 3, 12, 0, 3, 2, 2, 11, 3, 19, 1, 3, '13:15:00'),
(601, 3, 13, 0, 3, 2, 2, 11, 3, 19, 1, 3, '13:15:00'),
(602, 3, 14, 0, 3, 2, 2, 11, 3, 19, 1, 3, '13:15:00'),
(603, 3, 15, 0, 3, 2, 1, 1, 3, 19, 1, 3, '13:15:00'),
(604, 3, 16, 0, 3, 2, 1, 1, 3, 19, 1, 3, '13:15:00'),
(605, 3, 17, 0, 3, 2, 1, 1, 3, 19, 1, 3, '13:15:00'),
(606, 3, 18, 0, 3, 2, 2, 11, 3, 19, 1, 3, '13:15:00'),
(607, 3, 19, 0, 3, 2, 2, 1, 3, 19, 1, 3, '13:15:00'),
(608, 3, 20, 0, 3, 2, 2, 1, 3, 19, 1, 3, '13:15:00'),
(609, 3, 21, 0, 3, 2, 2, 11, 3, 19, 1, 3, '13:15:00'),
(610, 3, 22, 0, 3, 2, 2, 1, 3, 19, 1, 3, '13:15:00'),
(611, 3, 23, 0, 3, 2, 1, 1, 3, 19, 1, 3, '13:15:00'),
(612, 3, 24, 0, 3, 2, 1, 1, 3, 19, 1, 3, '13:15:00'),
(613, 3, 25, 0, 3, 2, 1, 1, 3, 19, 1, 3, '13:15:00'),
(614, 3, 26, 0, 3, 2, 1, 1, 3, 19, 1, 3, '13:15:00'),
(615, 3, 27, 0, 3, 2, 1, 1, 3, 19, 1, 3, '13:15:00'),
(616, 3, 28, 0, 3, 2, 1, 1, 3, 19, 1, 3, '13:15:00'),
(617, 3, 29, 0, 3, 2, 1, 1, 3, 19, 1, 3, '13:15:00'),
(618, 3, 30, 0, 3, 2, 1, 1, 3, 19, 1, 3, '13:15:00'),
(619, 3, 31, 0, 3, 2, 1, 1, 3, 19, 1, 3, '13:15:00'),
(620, 3, 32, 0, 3, 2, 1, 1, 3, 19, 1, 3, '13:15:00'),
(621, 3, 33, 0, 3, 2, 1, 1, 3, 19, 1, 3, '13:15:00'),
(622, 3, 34, 0, 3, 2, 1, 1, 3, 19, 1, 3, '13:15:00'),
(623, 3, 35, 0, 3, 2, 1, 1, 3, 19, 1, 3, '13:15:00'),
(624, 3, 36, 0, 3, 2, 1, 1, 3, 19, 1, 3, '13:15:00'),
(625, 3, 37, 0, 3, 2, 1, 1, 3, 19, 1, 3, '13:15:00'),
(626, 3, 38, 0, 3, 2, 1, 1, 3, 19, 1, 3, '13:15:00'),
(627, 3, 39, 0, 3, 2, 1, 1, 3, 19, 1, 3, '13:15:00'),
(628, 3, 40, 0, 3, 2, 1, 1, 3, 19, 1, 3, '13:15:00'),
(629, 3, 41, 0, 3, 2, 1, 1, 3, 19, 1, 3, '13:15:00'),
(630, 3, 42, 0, 3, 2, 1, 1, 3, 19, 1, 3, '13:15:00'),
(631, 3, 43, 0, 3, 2, 1, 1, 3, 19, 1, 3, '13:15:00'),
(632, 3, 44, 0, 3, 2, 1, 1, 3, 19, 1, 3, '13:15:00'),
(633, 3, 45, 0, 3, 2, 1, 1, 3, 19, 1, 3, '13:15:00'),
(634, 3, 46, 0, 3, 2, 1, 1, 3, 19, 1, 3, '13:15:00'),
(635, 3, 47, 0, 3, 2, 1, 1, 3, 19, 1, 3, '13:15:00'),
(636, 3, 48, 0, 3, 2, 1, 1, 3, 19, 1, 3, '13:15:00'),
(637, 3, 49, 0, 3, 2, 1, 1, 3, 19, 1, 3, '13:15:00'),
(638, 3, 1, 0, 5, 3, 2, 11, 4, 20, 1, 3, '13:00:00'),
(639, 3, 2, 0, 5, 3, 2, 11, 4, 20, 1, 3, '13:00:00'),
(640, 3, 3, 0, 5, 3, 2, 10, 4, 20, 1, 3, '13:00:00'),
(641, 3, 4, 0, 5, 3, 2, 10, 4, 20, 1, 3, '13:00:00'),
(642, 3, 5, 0, 5, 3, 3, 1, 4, 20, 1, 3, '13:00:00'),
(643, 3, 6, 0, 5, 3, 2, 11, 4, 20, 1, 3, '13:00:00'),
(644, 3, 7, 0, 5, 3, 2, 11, 4, 20, 1, 3, '13:00:00'),
(645, 3, 8, 0, 5, 3, 2, 11, 4, 20, 1, 3, '13:00:00'),
(646, 3, 9, 0, 5, 3, 3, 1, 4, 20, 1, 3, '13:00:00'),
(647, 3, 10, 0, 5, 3, 3, 1, 4, 20, 1, 3, '13:00:00'),
(648, 3, 11, 0, 5, 3, 2, 11, 4, 20, 1, 3, '13:00:00'),
(649, 3, 12, 0, 5, 3, 2, 10, 4, 20, 1, 3, '13:00:00'),
(650, 3, 13, 0, 5, 3, 2, 11, 4, 20, 1, 3, '13:00:00'),
(651, 3, 14, 0, 5, 3, 2, 11, 4, 20, 1, 3, '13:00:00'),
(652, 3, 15, 0, 5, 3, 1, 1, 4, 20, 1, 3, '13:00:00'),
(653, 3, 16, 0, 5, 3, 1, 1, 4, 20, 1, 3, '13:00:00'),
(654, 3, 17, 0, 5, 3, 1, 1, 4, 20, 1, 3, '13:00:00'),
(655, 3, 18, 0, 5, 3, 2, 11, 4, 20, 1, 3, '13:00:00'),
(656, 3, 19, 0, 5, 3, 2, 1, 4, 20, 1, 3, '13:00:00'),
(657, 3, 20, 0, 5, 3, 2, 1, 4, 20, 1, 3, '13:00:00'),
(658, 3, 21, 0, 5, 3, 2, 11, 4, 20, 1, 3, '13:00:00'),
(659, 3, 22, 0, 5, 3, 2, 1, 4, 20, 1, 3, '13:00:00'),
(660, 3, 23, 0, 5, 3, 1, 1, 4, 20, 1, 3, '13:00:00'),
(661, 3, 24, 0, 5, 3, 1, 1, 4, 20, 1, 3, '13:00:00'),
(662, 3, 25, 0, 5, 3, 1, 1, 4, 20, 1, 3, '13:00:00'),
(663, 3, 26, 0, 5, 3, 1, 1, 4, 20, 1, 3, '13:00:00'),
(664, 3, 27, 0, 5, 3, 1, 1, 4, 20, 1, 3, '13:00:00'),
(665, 3, 28, 0, 5, 3, 1, 1, 4, 20, 1, 3, '13:00:00'),
(666, 3, 29, 0, 5, 3, 1, 1, 4, 20, 1, 3, '13:00:00'),
(667, 3, 30, 0, 5, 3, 1, 1, 4, 20, 1, 3, '13:00:00'),
(668, 3, 31, 0, 5, 3, 1, 1, 4, 20, 1, 3, '13:00:00'),
(669, 3, 32, 0, 5, 3, 1, 1, 4, 20, 1, 3, '13:00:00'),
(670, 3, 33, 0, 5, 3, 1, 1, 4, 20, 1, 3, '13:00:00'),
(671, 3, 34, 0, 5, 3, 1, 1, 4, 20, 1, 3, '13:00:00'),
(672, 3, 35, 0, 5, 3, 1, 1, 4, 20, 1, 3, '13:00:00'),
(673, 3, 36, 0, 5, 3, 1, 1, 4, 20, 1, 3, '13:00:00'),
(674, 3, 37, 0, 5, 3, 1, 1, 4, 20, 1, 3, '13:00:00'),
(675, 3, 38, 0, 5, 3, 1, 1, 4, 20, 1, 3, '13:00:00'),
(676, 3, 39, 0, 5, 3, 1, 1, 4, 20, 1, 3, '13:00:00'),
(677, 3, 40, 0, 5, 3, 1, 1, 4, 20, 1, 3, '13:00:00'),
(678, 3, 41, 0, 5, 3, 1, 1, 4, 20, 1, 3, '13:00:00'),
(679, 3, 42, 0, 5, 3, 1, 1, 4, 20, 1, 3, '13:00:00'),
(680, 3, 43, 0, 5, 3, 1, 1, 4, 20, 1, 3, '13:00:00'),
(681, 3, 44, 0, 5, 3, 1, 1, 4, 20, 1, 3, '13:00:00'),
(682, 3, 45, 0, 5, 3, 1, 1, 4, 20, 1, 3, '13:00:00'),
(683, 3, 46, 0, 5, 3, 1, 1, 4, 20, 1, 3, '13:00:00'),
(684, 3, 47, 0, 5, 3, 1, 1, 4, 20, 1, 3, '13:00:00'),
(685, 3, 48, 0, 5, 3, 1, 1, 4, 20, 1, 3, '13:00:00'),
(686, 3, 49, 0, 5, 3, 1, 1, 4, 20, 1, 3, '13:00:00'),
(687, 3, 1, 0, 6, 2, 2, 11, 5, 21, 1, 3, '13:30:00'),
(688, 3, 2, 0, 6, 2, 2, 11, 5, 21, 1, 3, '13:30:00'),
(689, 3, 3, 0, 6, 2, 2, 11, 5, 21, 1, 3, '13:30:00'),
(690, 3, 4, 0, 6, 2, 2, 11, 5, 21, 1, 3, '13:30:00'),
(691, 3, 5, 0, 6, 2, 3, 1, 5, 21, 1, 3, '13:30:00'),
(692, 3, 6, 0, 6, 2, 2, 10, 5, 21, 1, 3, '13:30:00'),
(693, 3, 7, 0, 6, 2, 2, 11, 5, 21, 1, 3, '13:30:00'),
(694, 3, 8, 0, 6, 2, 2, 11, 5, 21, 1, 3, '13:30:00'),
(695, 3, 9, 0, 6, 2, 3, 1, 5, 21, 1, 3, '13:30:00'),
(696, 3, 10, 0, 6, 2, 3, 1, 5, 21, 1, 3, '13:30:00'),
(697, 3, 11, 0, 6, 2, 2, 11, 5, 21, 1, 3, '13:30:00'),
(698, 3, 12, 0, 6, 2, 2, 11, 5, 21, 1, 3, '13:30:00'),
(699, 3, 13, 0, 6, 2, 2, 11, 5, 21, 1, 3, '13:30:00'),
(700, 3, 14, 0, 6, 2, 2, 11, 5, 21, 1, 3, '13:30:00'),
(701, 3, 15, 0, 6, 2, 1, 1, 5, 21, 1, 3, '13:30:00'),
(702, 3, 16, 0, 6, 2, 1, 1, 5, 21, 1, 3, '13:30:00'),
(703, 3, 17, 0, 6, 2, 1, 1, 5, 21, 1, 3, '13:30:00'),
(704, 3, 18, 0, 6, 2, 2, 10, 5, 21, 1, 3, '13:30:00'),
(705, 3, 19, 0, 6, 2, 2, 1, 5, 21, 1, 3, '13:30:00'),
(706, 3, 20, 0, 6, 2, 2, 1, 5, 21, 1, 3, '13:30:00'),
(707, 3, 21, 0, 6, 2, 2, 10, 5, 21, 1, 3, '13:30:00'),
(708, 3, 22, 0, 6, 2, 2, 1, 5, 21, 1, 3, '13:30:00'),
(709, 3, 23, 0, 6, 2, 1, 1, 5, 21, 1, 3, '13:30:00'),
(710, 3, 24, 0, 6, 2, 1, 1, 5, 21, 1, 3, '13:30:00'),
(711, 3, 25, 0, 6, 2, 1, 1, 5, 21, 1, 3, '13:30:00'),
(712, 3, 26, 0, 6, 2, 1, 1, 5, 21, 1, 3, '13:30:00'),
(713, 3, 27, 0, 6, 2, 1, 1, 5, 21, 1, 3, '13:30:00'),
(714, 3, 28, 0, 6, 2, 1, 1, 5, 21, 1, 3, '13:30:00'),
(715, 3, 29, 0, 6, 2, 1, 1, 5, 21, 1, 3, '13:30:00'),
(716, 3, 30, 0, 6, 2, 1, 1, 5, 21, 1, 3, '13:30:00'),
(717, 3, 31, 0, 6, 2, 1, 1, 5, 21, 1, 3, '13:30:00'),
(718, 3, 32, 0, 6, 2, 1, 1, 5, 21, 1, 3, '13:30:00'),
(719, 3, 33, 0, 6, 2, 1, 1, 5, 21, 1, 3, '13:30:00'),
(720, 3, 34, 0, 6, 2, 1, 1, 5, 21, 1, 3, '13:30:00'),
(721, 3, 35, 0, 6, 2, 1, 1, 5, 21, 1, 3, '13:30:00'),
(722, 3, 36, 0, 6, 2, 1, 1, 5, 21, 1, 3, '13:30:00'),
(723, 3, 37, 0, 6, 2, 1, 1, 5, 21, 1, 3, '13:30:00'),
(724, 3, 38, 0, 6, 2, 1, 1, 5, 21, 1, 3, '13:30:00'),
(725, 3, 39, 0, 6, 2, 1, 1, 5, 21, 1, 3, '13:30:00'),
(726, 3, 40, 0, 6, 2, 1, 1, 5, 21, 1, 3, '13:30:00'),
(727, 3, 41, 0, 6, 2, 1, 1, 5, 21, 1, 3, '13:30:00'),
(728, 3, 42, 0, 6, 2, 1, 1, 5, 21, 1, 3, '13:30:00'),
(729, 3, 43, 0, 6, 2, 1, 1, 5, 21, 1, 3, '13:30:00'),
(730, 3, 44, 0, 6, 2, 1, 1, 5, 21, 1, 3, '13:30:00'),
(731, 3, 45, 0, 6, 2, 1, 1, 5, 21, 1, 3, '13:30:00'),
(732, 3, 46, 0, 6, 2, 1, 1, 5, 21, 1, 3, '13:30:00'),
(733, 3, 47, 0, 6, 2, 1, 1, 5, 21, 1, 3, '13:30:00'),
(734, 3, 48, 0, 6, 2, 1, 1, 5, 21, 1, 3, '13:30:00'),
(735, 3, 49, 0, 6, 2, 1, 1, 5, 21, 1, 3, '13:30:00'),
(736, 4, 1, 0, 2, 2, 2, 11, 1, 25, 1, 1, '00:00:00'),
(737, 4, 2, 0, 2, 2, 2, 11, 1, 25, 1, 1, '00:00:00'),
(738, 4, 3, 0, 2, 2, 2, 11, 1, 25, 1, 1, '00:00:00'),
(739, 4, 4, 0, 2, 2, 2, 1, 1, 25, 1, 1, '00:00:00'),
(740, 4, 5, 0, 2, 2, 2, 11, 1, 25, 1, 1, '00:00:00'),
(741, 4, 6, 0, 2, 2, 2, 11, 1, 25, 1, 1, '00:00:00'),
(742, 4, 7, 0, 2, 2, 2, 11, 1, 25, 1, 1, '00:00:00'),
(743, 4, 8, 0, 2, 2, 2, 1, 1, 25, 1, 1, '00:00:00'),
(744, 4, 9, 0, 2, 2, 3, 1, 1, 25, 1, 1, '00:00:00'),
(745, 4, 10, 0, 2, 2, 3, 1, 1, 25, 1, 1, '00:00:00'),
(746, 4, 11, 0, 2, 2, 2, 1, 1, 25, 1, 1, '00:00:00'),
(747, 4, 12, 0, 2, 2, 3, 1, 1, 25, 1, 1, '00:00:00'),
(748, 4, 13, 0, 2, 2, 3, 1, 1, 25, 1, 1, '00:00:00'),
(749, 4, 14, 0, 2, 2, 2, 1, 1, 25, 1, 1, '00:00:00'),
(750, 4, 15, 0, 2, 2, 2, 11, 1, 25, 1, 1, '00:00:00'),
(751, 4, 16, 0, 2, 2, 1, 1, 1, 25, 1, 1, '00:00:00'),
(752, 4, 17, 0, 2, 2, 2, 11, 1, 25, 1, 1, '00:00:00'),
(753, 4, 18, 0, 2, 2, 2, 1, 1, 25, 1, 1, '00:00:00'),
(754, 4, 19, 0, 2, 2, 2, 11, 1, 25, 1, 1, '00:00:00'),
(755, 4, 20, 0, 2, 2, 2, 11, 1, 25, 1, 1, '00:00:00'),
(756, 4, 21, 0, 2, 2, 4, 1, 1, 25, 1, 1, '00:00:00'),
(757, 4, 22, 0, 2, 2, 2, 11, 1, 25, 1, 1, '00:00:00'),
(758, 4, 23, 0, 2, 2, 2, 1, 1, 25, 1, 1, '00:00:00'),
(759, 4, 24, 0, 2, 2, 1, 1, 1, 25, 1, 1, '00:00:00'),
(760, 4, 25, 0, 2, 2, 1, 1, 1, 25, 1, 1, '00:00:00'),
(761, 4, 26, 0, 2, 2, 1, 1, 1, 25, 1, 1, '00:00:00'),
(762, 4, 27, 0, 2, 2, 1, 1, 1, 25, 1, 1, '00:00:00'),
(763, 4, 28, 0, 2, 2, 1, 1, 1, 25, 1, 1, '00:00:00'),
(764, 4, 29, 0, 2, 2, 1, 1, 1, 25, 1, 1, '00:00:00'),
(765, 4, 30, 0, 2, 2, 1, 1, 1, 25, 1, 1, '00:00:00'),
(766, 4, 31, 0, 2, 2, 1, 1, 1, 25, 1, 1, '00:00:00'),
(767, 4, 32, 0, 2, 2, 1, 1, 1, 25, 1, 1, '00:00:00'),
(768, 4, 33, 0, 2, 2, 1, 1, 1, 25, 1, 1, '00:00:00'),
(769, 4, 34, 0, 2, 2, 1, 1, 1, 25, 1, 1, '00:00:00'),
(770, 4, 35, 0, 2, 2, 1, 1, 1, 25, 1, 1, '00:00:00'),
(771, 4, 36, 0, 2, 2, 1, 1, 1, 25, 1, 1, '00:00:00'),
(772, 4, 37, 0, 2, 2, 1, 1, 1, 25, 1, 1, '00:00:00'),
(773, 4, 38, 0, 2, 2, 1, 1, 1, 25, 1, 1, '00:00:00'),
(774, 4, 39, 0, 2, 2, 1, 1, 1, 25, 1, 1, '00:00:00'),
(775, 4, 40, 0, 2, 2, 1, 1, 1, 25, 1, 1, '00:00:00'),
(776, 4, 41, 0, 2, 2, 1, 1, 1, 25, 1, 1, '00:00:00'),
(777, 4, 42, 0, 2, 2, 1, 1, 1, 25, 1, 1, '00:00:00'),
(778, 4, 43, 0, 2, 2, 1, 1, 1, 25, 1, 1, '00:00:00'),
(779, 4, 44, 0, 2, 2, 1, 1, 1, 25, 1, 1, '00:00:00'),
(780, 4, 45, 0, 2, 2, 1, 1, 1, 25, 1, 1, '00:00:00'),
(781, 4, 46, 0, 2, 2, 1, 1, 1, 25, 1, 1, '00:00:00'),
(782, 4, 47, 0, 2, 2, 1, 1, 1, 25, 1, 1, '00:00:00'),
(783, 4, 48, 0, 2, 2, 1, 1, 1, 25, 1, 1, '00:00:00'),
(784, 4, 49, 0, 2, 2, 1, 1, 1, 25, 1, 1, '00:00:00'),
(785, 4, 1, 0, 2, 2, 2, 11, 2, 26, 1, 3, '13:30:00'),
(786, 4, 2, 0, 2, 2, 2, 10, 2, 26, 1, 3, '13:30:00'),
(787, 4, 3, 0, 2, 2, 2, 11, 2, 26, 1, 3, '13:30:00'),
(788, 4, 4, 0, 2, 2, 2, 1, 2, 26, 1, 3, '13:30:00'),
(789, 4, 5, 0, 2, 2, 2, 11, 2, 26, 1, 3, '13:30:00'),
(790, 4, 6, 0, 2, 2, 2, 11, 2, 26, 1, 3, '13:30:00'),
(791, 4, 7, 0, 2, 2, 2, 10, 2, 26, 1, 3, '13:30:00'),
(792, 4, 8, 0, 2, 2, 2, 1, 2, 26, 1, 3, '13:30:00'),
(793, 4, 9, 0, 2, 2, 3, 1, 2, 26, 1, 3, '13:30:00'),
(794, 4, 10, 0, 2, 2, 3, 1, 2, 26, 1, 3, '13:30:00'),
(795, 4, 11, 0, 2, 2, 2, 1, 2, 26, 1, 3, '13:30:00'),
(796, 4, 12, 0, 2, 2, 3, 1, 2, 26, 1, 3, '13:30:00'),
(797, 4, 13, 0, 2, 2, 3, 1, 2, 26, 1, 3, '13:30:00'),
(798, 4, 14, 0, 2, 2, 2, 1, 2, 26, 1, 3, '13:30:00'),
(799, 4, 15, 0, 2, 2, 2, 11, 2, 26, 1, 3, '13:30:00'),
(800, 4, 16, 0, 2, 2, 1, 1, 2, 26, 1, 3, '13:30:00'),
(801, 4, 17, 0, 2, 2, 2, 11, 2, 26, 1, 3, '13:30:00'),
(802, 4, 18, 0, 2, 2, 2, 1, 2, 26, 1, 3, '13:30:00'),
(803, 4, 19, 0, 2, 2, 2, 11, 2, 26, 1, 3, '13:30:00'),
(804, 4, 20, 0, 2, 2, 2, 11, 2, 26, 1, 3, '13:30:00'),
(805, 4, 21, 0, 2, 2, 4, 1, 2, 26, 1, 3, '13:30:00'),
(806, 4, 22, 0, 2, 2, 2, 10, 2, 26, 1, 3, '13:30:00'),
(807, 4, 23, 0, 2, 2, 2, 1, 2, 26, 1, 3, '13:30:00'),
(808, 4, 24, 0, 2, 2, 1, 1, 2, 26, 1, 3, '13:30:00'),
(809, 4, 25, 0, 2, 2, 1, 1, 2, 26, 1, 3, '13:30:00'),
(810, 4, 26, 0, 2, 2, 1, 1, 2, 26, 1, 3, '13:30:00'),
(811, 4, 27, 0, 2, 2, 1, 1, 2, 26, 1, 3, '13:30:00'),
(812, 4, 28, 0, 2, 2, 1, 1, 2, 26, 1, 3, '13:30:00'),
(813, 4, 29, 0, 2, 2, 1, 1, 2, 26, 1, 3, '13:30:00'),
(814, 4, 30, 0, 2, 2, 1, 1, 2, 26, 1, 3, '13:30:00'),
(815, 4, 31, 0, 2, 2, 1, 1, 2, 26, 1, 3, '13:30:00'),
(816, 4, 32, 0, 2, 2, 1, 1, 2, 26, 1, 3, '13:30:00'),
(817, 4, 33, 0, 2, 2, 1, 1, 2, 26, 1, 3, '13:30:00'),
(818, 4, 34, 0, 2, 2, 1, 1, 2, 26, 1, 3, '13:30:00'),
(819, 4, 35, 0, 2, 2, 1, 1, 2, 26, 1, 3, '13:30:00'),
(820, 4, 36, 0, 2, 2, 1, 1, 2, 26, 1, 3, '13:30:00'),
(821, 4, 37, 0, 2, 2, 1, 1, 2, 26, 1, 3, '13:30:00'),
(822, 4, 38, 0, 2, 2, 1, 1, 2, 26, 1, 3, '13:30:00'),
(823, 4, 39, 0, 2, 2, 1, 1, 2, 26, 1, 3, '13:30:00'),
(824, 4, 40, 0, 2, 2, 1, 1, 2, 26, 1, 3, '13:30:00'),
(825, 4, 41, 0, 2, 2, 1, 1, 2, 26, 1, 3, '13:30:00'),
(826, 4, 42, 0, 2, 2, 1, 1, 2, 26, 1, 3, '13:30:00'),
(827, 4, 43, 0, 2, 2, 1, 1, 2, 26, 1, 3, '13:30:00'),
(828, 4, 44, 0, 2, 2, 1, 1, 2, 26, 1, 3, '13:30:00'),
(829, 4, 45, 0, 2, 2, 1, 1, 2, 26, 1, 3, '13:30:00'),
(830, 4, 46, 0, 2, 2, 1, 1, 2, 26, 1, 3, '13:30:00'),
(831, 4, 47, 0, 2, 2, 1, 1, 2, 26, 1, 3, '13:30:00'),
(832, 4, 48, 0, 2, 2, 1, 1, 2, 26, 1, 3, '13:30:00'),
(833, 4, 49, 0, 2, 2, 1, 1, 2, 26, 1, 3, '13:30:00'),
(834, 4, 1, 0, 3, 2, 2, 10, 3, 27, 1, 3, '13:30:00'),
(835, 4, 2, 0, 3, 2, 2, 11, 3, 27, 1, 3, '13:30:00'),
(836, 4, 3, 0, 3, 2, 2, 11, 3, 27, 1, 3, '13:30:00'),
(837, 4, 4, 0, 3, 2, 2, 1, 3, 27, 1, 3, '13:30:00'),
(838, 4, 5, 0, 3, 2, 2, 10, 3, 27, 1, 3, '13:30:00'),
(839, 4, 6, 0, 3, 2, 2, 11, 3, 27, 1, 3, '13:30:00'),
(840, 4, 7, 0, 3, 2, 2, 11, 3, 27, 1, 3, '13:30:00'),
(841, 4, 8, 0, 3, 2, 2, 1, 3, 27, 1, 3, '13:30:00'),
(842, 4, 9, 0, 3, 2, 3, 1, 3, 27, 1, 3, '13:30:00'),
(843, 4, 10, 0, 3, 2, 3, 1, 3, 27, 1, 3, '13:30:00'),
(844, 4, 11, 0, 3, 2, 2, 1, 3, 27, 1, 3, '13:30:00'),
(845, 4, 12, 0, 3, 2, 3, 1, 3, 27, 1, 3, '13:30:00'),
(846, 4, 13, 0, 3, 2, 3, 1, 3, 27, 1, 3, '13:30:00'),
(847, 4, 14, 0, 3, 2, 2, 1, 3, 27, 1, 3, '13:30:00'),
(848, 4, 15, 0, 3, 2, 2, 11, 3, 27, 1, 3, '13:30:00'),
(849, 4, 16, 0, 3, 2, 1, 1, 3, 27, 1, 3, '13:30:00'),
(850, 4, 17, 0, 3, 2, 2, 11, 3, 27, 1, 3, '13:30:00'),
(851, 4, 18, 0, 3, 2, 2, 1, 3, 27, 1, 3, '13:30:00'),
(852, 4, 19, 0, 3, 2, 2, 11, 3, 27, 1, 3, '13:30:00'),
(853, 4, 20, 0, 3, 2, 2, 11, 3, 27, 1, 3, '13:30:00'),
(854, 4, 21, 0, 3, 2, 4, 1, 3, 27, 1, 3, '13:30:00'),
(855, 4, 22, 0, 3, 2, 2, 11, 3, 27, 1, 3, '13:30:00'),
(856, 4, 23, 0, 3, 2, 2, 1, 3, 27, 1, 3, '13:30:00'),
(857, 4, 24, 0, 3, 2, 1, 1, 3, 27, 1, 3, '13:30:00'),
(858, 4, 25, 0, 3, 2, 1, 1, 3, 27, 1, 3, '13:30:00'),
(859, 4, 26, 0, 3, 2, 1, 1, 3, 27, 1, 3, '13:30:00'),
(860, 4, 27, 0, 3, 2, 1, 1, 3, 27, 1, 3, '13:30:00'),
(861, 4, 28, 0, 3, 2, 1, 1, 3, 27, 1, 3, '13:30:00'),
(862, 4, 29, 0, 3, 2, 1, 1, 3, 27, 1, 3, '13:30:00'),
(863, 4, 30, 0, 3, 2, 1, 1, 3, 27, 1, 3, '13:30:00'),
(864, 4, 31, 0, 3, 2, 1, 1, 3, 27, 1, 3, '13:30:00'),
(865, 4, 32, 0, 3, 2, 1, 1, 3, 27, 1, 3, '13:30:00'),
(866, 4, 33, 0, 3, 2, 1, 1, 3, 27, 1, 3, '13:30:00'),
(867, 4, 34, 0, 3, 2, 1, 1, 3, 27, 1, 3, '13:30:00'),
(868, 4, 35, 0, 3, 2, 1, 1, 3, 27, 1, 3, '13:30:00'),
(869, 4, 36, 0, 3, 2, 1, 1, 3, 27, 1, 3, '13:30:00'),
(870, 4, 37, 0, 3, 2, 1, 1, 3, 27, 1, 3, '13:30:00'),
(871, 4, 38, 0, 3, 2, 1, 1, 3, 27, 1, 3, '13:30:00'),
(872, 4, 39, 0, 3, 2, 1, 1, 3, 27, 1, 3, '13:30:00'),
(873, 4, 40, 0, 3, 2, 1, 1, 3, 27, 1, 3, '13:30:00'),
(874, 4, 41, 0, 3, 2, 1, 1, 3, 27, 1, 3, '13:30:00'),
(875, 4, 42, 0, 3, 2, 1, 1, 3, 27, 1, 3, '13:30:00'),
(876, 4, 43, 0, 3, 2, 1, 1, 3, 27, 1, 3, '13:30:00'),
(877, 4, 44, 0, 3, 2, 1, 1, 3, 27, 1, 3, '13:30:00'),
(878, 4, 45, 0, 3, 2, 1, 1, 3, 27, 1, 3, '13:30:00'),
(879, 4, 46, 0, 3, 2, 1, 1, 3, 27, 1, 3, '13:30:00'),
(880, 4, 47, 0, 3, 2, 1, 1, 3, 27, 1, 3, '13:30:00'),
(881, 4, 48, 0, 3, 2, 1, 1, 3, 27, 1, 3, '13:30:00'),
(882, 4, 49, 0, 3, 2, 1, 1, 3, 27, 1, 3, '13:30:00'),
(883, 4, 1, 0, 5, 3, 2, 11, 4, 28, 1, 3, '13:30:00'),
(884, 4, 2, 0, 5, 3, 2, 11, 4, 28, 1, 3, '13:30:00'),
(885, 4, 3, 0, 5, 3, 2, 10, 4, 28, 1, 3, '13:30:00'),
(886, 4, 4, 0, 5, 3, 2, 1, 4, 28, 1, 3, '13:30:00'),
(887, 4, 5, 0, 5, 3, 2, 11, 4, 28, 1, 3, '13:30:00'),
(888, 4, 6, 0, 5, 3, 2, 10, 4, 28, 1, 3, '13:30:00'),
(889, 4, 7, 0, 5, 3, 2, 11, 4, 28, 1, 3, '13:30:00'),
(890, 4, 8, 0, 5, 3, 2, 1, 4, 28, 1, 3, '13:30:00'),
(891, 4, 9, 0, 5, 3, 3, 1, 4, 28, 1, 3, '13:30:00'),
(892, 4, 10, 0, 5, 3, 3, 1, 4, 28, 1, 3, '13:30:00'),
(893, 4, 11, 0, 5, 3, 2, 1, 4, 28, 1, 3, '13:30:00'),
(894, 4, 12, 0, 5, 3, 3, 1, 4, 28, 1, 3, '13:30:00'),
(895, 4, 13, 0, 5, 3, 3, 1, 4, 28, 1, 3, '13:30:00'),
(896, 4, 14, 0, 5, 3, 2, 1, 4, 28, 1, 3, '13:30:00'),
(897, 4, 15, 0, 5, 3, 2, 10, 4, 28, 1, 3, '13:30:00'),
(898, 4, 16, 0, 5, 3, 1, 1, 4, 28, 1, 3, '13:30:00'),
(899, 4, 17, 0, 5, 3, 2, 11, 4, 28, 1, 3, '13:30:00'),
(900, 4, 18, 0, 5, 3, 2, 1, 4, 28, 1, 3, '13:30:00'),
(901, 4, 19, 0, 5, 3, 2, 11, 4, 28, 1, 3, '13:30:00'),
(902, 4, 20, 0, 5, 3, 2, 11, 4, 28, 1, 3, '13:30:00'),
(903, 4, 21, 0, 5, 3, 4, 1, 4, 28, 1, 3, '13:30:00'),
(904, 4, 22, 0, 5, 3, 2, 11, 4, 28, 1, 3, '13:30:00'),
(905, 4, 23, 0, 5, 3, 2, 1, 4, 28, 1, 3, '13:30:00'),
(906, 4, 24, 0, 5, 3, 1, 1, 4, 28, 1, 3, '13:30:00'),
(907, 4, 25, 0, 5, 3, 1, 1, 4, 28, 1, 3, '13:30:00'),
(908, 4, 26, 0, 5, 3, 1, 1, 4, 28, 1, 3, '13:30:00'),
(909, 4, 27, 0, 5, 3, 1, 1, 4, 28, 1, 3, '13:30:00'),
(910, 4, 28, 0, 5, 3, 1, 1, 4, 28, 1, 3, '13:30:00'),
(911, 4, 29, 0, 5, 3, 1, 1, 4, 28, 1, 3, '13:30:00'),
(912, 4, 30, 0, 5, 3, 1, 1, 4, 28, 1, 3, '13:30:00'),
(913, 4, 31, 0, 5, 3, 1, 1, 4, 28, 1, 3, '13:30:00'),
(914, 4, 32, 0, 5, 3, 1, 1, 4, 28, 1, 3, '13:30:00'),
(915, 4, 33, 0, 5, 3, 1, 1, 4, 28, 1, 3, '13:30:00'),
(916, 4, 34, 0, 5, 3, 1, 1, 4, 28, 1, 3, '13:30:00'),
(917, 4, 35, 0, 5, 3, 1, 1, 4, 28, 1, 3, '13:30:00'),
(918, 4, 36, 0, 5, 3, 1, 1, 4, 28, 1, 3, '13:30:00'),
(919, 4, 37, 0, 5, 3, 1, 1, 4, 28, 1, 3, '13:30:00'),
(920, 4, 38, 0, 5, 3, 1, 1, 4, 28, 1, 3, '13:30:00'),
(921, 4, 39, 0, 5, 3, 1, 1, 4, 28, 1, 3, '13:30:00'),
(922, 4, 40, 0, 5, 3, 1, 1, 4, 28, 1, 3, '13:30:00'),
(923, 4, 41, 0, 5, 3, 1, 1, 4, 28, 1, 3, '13:30:00'),
(924, 4, 42, 0, 5, 3, 1, 1, 4, 28, 1, 3, '13:30:00'),
(925, 4, 43, 0, 5, 3, 1, 1, 4, 28, 1, 3, '13:30:00'),
(926, 4, 44, 0, 5, 3, 1, 1, 4, 28, 1, 3, '13:30:00'),
(927, 4, 45, 0, 5, 3, 1, 1, 4, 28, 1, 3, '13:30:00'),
(928, 4, 46, 0, 5, 3, 1, 1, 4, 28, 1, 3, '13:30:00'),
(929, 4, 47, 0, 5, 3, 1, 1, 4, 28, 1, 3, '13:30:00'),
(930, 4, 48, 0, 5, 3, 1, 1, 4, 28, 1, 3, '13:30:00'),
(931, 4, 49, 0, 5, 3, 1, 1, 4, 28, 1, 3, '13:30:00'),
(932, 4, 1, 0, 6, 2, 2, 11, 5, 29, 1, 3, '13:00:00'),
(933, 4, 2, 0, 6, 2, 2, 11, 5, 29, 1, 3, '13:00:00'),
(934, 4, 3, 0, 6, 2, 2, 11, 5, 29, 1, 3, '13:00:00'),
(935, 4, 4, 0, 6, 2, 2, 1, 5, 29, 1, 3, '13:00:00'),
(936, 4, 5, 0, 6, 2, 2, 11, 5, 29, 1, 3, '13:00:00'),
(937, 4, 6, 0, 6, 2, 2, 11, 5, 29, 1, 3, '13:00:00'),
(938, 4, 7, 0, 6, 2, 2, 11, 5, 29, 1, 3, '13:00:00'),
(939, 4, 8, 0, 6, 2, 2, 1, 5, 29, 1, 3, '13:00:00'),
(940, 4, 9, 0, 6, 2, 3, 1, 5, 29, 1, 3, '13:00:00'),
(941, 4, 10, 0, 6, 2, 3, 1, 5, 29, 1, 3, '13:00:00'),
(942, 4, 11, 0, 6, 2, 2, 1, 5, 29, 1, 3, '13:00:00'),
(943, 4, 12, 0, 6, 2, 3, 1, 5, 29, 1, 3, '13:00:00'),
(944, 4, 13, 0, 6, 2, 3, 1, 5, 29, 1, 3, '13:00:00'),
(945, 4, 14, 0, 6, 2, 2, 1, 5, 29, 1, 3, '13:00:00'),
(946, 4, 15, 0, 6, 2, 2, 11, 5, 29, 1, 3, '13:00:00'),
(947, 4, 16, 0, 6, 2, 1, 1, 5, 29, 1, 3, '13:00:00'),
(948, 4, 17, 0, 6, 2, 2, 10, 5, 29, 1, 3, '13:00:00'),
(949, 4, 18, 0, 6, 2, 2, 1, 5, 29, 1, 3, '13:00:00'),
(950, 4, 19, 0, 6, 2, 2, 10, 5, 29, 1, 3, '13:00:00'),
(951, 4, 20, 0, 6, 2, 2, 10, 5, 29, 1, 3, '13:00:00'),
(952, 4, 21, 0, 6, 2, 4, 1, 5, 29, 1, 3, '13:00:00'),
(953, 4, 22, 0, 6, 2, 2, 11, 5, 29, 1, 3, '13:00:00'),
(954, 4, 23, 0, 6, 2, 2, 1, 5, 29, 1, 3, '13:00:00'),
(955, 4, 24, 0, 6, 2, 1, 1, 5, 29, 1, 3, '13:00:00'),
(956, 4, 25, 0, 6, 2, 1, 1, 5, 29, 1, 3, '13:00:00'),
(957, 4, 26, 0, 6, 2, 1, 1, 5, 29, 1, 3, '13:00:00'),
(958, 4, 27, 0, 6, 2, 1, 1, 5, 29, 1, 3, '13:00:00'),
(959, 4, 28, 0, 6, 2, 1, 1, 5, 29, 1, 3, '13:00:00'),
(960, 4, 29, 0, 6, 2, 1, 1, 5, 29, 1, 3, '13:00:00'),
(961, 4, 30, 0, 6, 2, 1, 1, 5, 29, 1, 3, '13:00:00'),
(962, 4, 31, 0, 6, 2, 1, 1, 5, 29, 1, 3, '13:00:00'),
(963, 4, 32, 0, 6, 2, 1, 1, 5, 29, 1, 3, '13:00:00');
INSERT INTO `table_centrale` (`id_table`, `date`, `joueur`, `championnat`, `niveau_championnat`, `poule`, `etat_joueur_initial`, `etat_joueur_final`, `equipe_sdstt`, `equipe_adversaire`, `domext`, `rendez_vous`, `horaire_rendez_vous`) VALUES
(964, 4, 33, 0, 6, 2, 1, 1, 5, 29, 1, 3, '13:00:00'),
(965, 4, 34, 0, 6, 2, 1, 1, 5, 29, 1, 3, '13:00:00'),
(966, 4, 35, 0, 6, 2, 1, 1, 5, 29, 1, 3, '13:00:00'),
(967, 4, 36, 0, 6, 2, 1, 1, 5, 29, 1, 3, '13:00:00'),
(968, 4, 37, 0, 6, 2, 1, 1, 5, 29, 1, 3, '13:00:00'),
(969, 4, 38, 0, 6, 2, 1, 1, 5, 29, 1, 3, '13:00:00'),
(970, 4, 39, 0, 6, 2, 1, 1, 5, 29, 1, 3, '13:00:00'),
(971, 4, 40, 0, 6, 2, 1, 1, 5, 29, 1, 3, '13:00:00'),
(972, 4, 41, 0, 6, 2, 1, 1, 5, 29, 1, 3, '13:00:00'),
(973, 4, 42, 0, 6, 2, 1, 1, 5, 29, 1, 3, '13:00:00'),
(974, 4, 43, 0, 6, 2, 1, 1, 5, 29, 1, 3, '13:00:00'),
(975, 4, 44, 0, 6, 2, 1, 1, 5, 29, 1, 3, '13:00:00'),
(976, 4, 45, 0, 6, 2, 1, 1, 5, 29, 1, 3, '13:00:00'),
(977, 4, 46, 0, 6, 2, 1, 1, 5, 29, 1, 3, '13:00:00'),
(978, 4, 47, 0, 6, 2, 1, 1, 5, 29, 1, 3, '13:00:00'),
(979, 4, 48, 0, 6, 2, 1, 1, 5, 29, 1, 3, '13:00:00'),
(980, 4, 49, 0, 6, 2, 1, 1, 5, 29, 1, 3, '13:00:00'),
(981, 5, 1, 0, 2, 2, 2, 1, 1, 33, 1, 3, '13:20:00'),
(982, 5, 2, 0, 2, 2, 2, 1, 1, 33, 1, 3, '13:20:00'),
(983, 5, 3, 0, 2, 2, 2, 11, 1, 33, 1, 3, '13:20:00'),
(984, 5, 4, 0, 2, 2, 2, 1, 1, 33, 1, 3, '13:20:00'),
(985, 5, 5, 0, 2, 2, 2, 11, 1, 33, 1, 3, '13:20:00'),
(986, 5, 6, 0, 2, 2, 2, 1, 1, 33, 1, 3, '13:20:00'),
(987, 5, 7, 0, 2, 2, 2, 1, 1, 33, 1, 3, '13:20:00'),
(988, 5, 8, 0, 2, 2, 2, 10, 1, 33, 1, 3, '13:20:00'),
(989, 5, 9, 0, 2, 2, 2, 10, 1, 33, 1, 3, '13:20:00'),
(990, 5, 10, 0, 2, 2, 2, 11, 1, 33, 1, 3, '13:20:00'),
(991, 5, 11, 0, 2, 2, 2, 11, 1, 33, 1, 3, '13:20:00'),
(992, 5, 12, 0, 2, 2, 2, 1, 1, 33, 1, 3, '13:20:00'),
(993, 5, 13, 0, 2, 2, 2, 11, 1, 33, 1, 3, '13:20:00'),
(994, 5, 14, 0, 2, 2, 2, 10, 1, 33, 1, 3, '13:20:00'),
(995, 5, 15, 0, 2, 2, 2, 11, 1, 33, 1, 3, '13:20:00'),
(996, 5, 16, 0, 2, 2, 1, 1, 1, 33, 1, 3, '13:20:00'),
(997, 5, 17, 0, 2, 2, 1, 1, 1, 33, 1, 3, '13:20:00'),
(998, 5, 18, 0, 2, 2, 2, 1, 1, 33, 1, 3, '13:20:00'),
(999, 5, 19, 0, 2, 2, 2, 11, 1, 33, 1, 3, '13:20:00'),
(1000, 5, 20, 0, 2, 2, 2, 11, 1, 33, 1, 3, '13:20:00'),
(1001, 5, 21, 0, 2, 2, 2, 11, 1, 33, 1, 3, '13:20:00'),
(1002, 5, 22, 0, 2, 2, 2, 1, 1, 33, 1, 3, '13:20:00'),
(1003, 5, 23, 0, 2, 2, 1, 1, 1, 33, 1, 3, '13:20:00'),
(1004, 5, 24, 0, 2, 2, 1, 1, 1, 33, 1, 3, '13:20:00'),
(1005, 5, 25, 0, 2, 2, 1, 1, 1, 33, 1, 3, '13:20:00'),
(1006, 5, 26, 0, 2, 2, 1, 1, 1, 33, 1, 3, '13:20:00'),
(1007, 5, 27, 0, 2, 2, 1, 1, 1, 33, 1, 3, '13:20:00'),
(1008, 5, 28, 0, 2, 2, 1, 1, 1, 33, 1, 3, '13:20:00'),
(1009, 5, 29, 0, 2, 2, 1, 1, 1, 33, 1, 3, '13:20:00'),
(1010, 5, 30, 0, 2, 2, 1, 1, 1, 33, 1, 3, '13:20:00'),
(1011, 5, 31, 0, 2, 2, 1, 1, 1, 33, 1, 3, '13:20:00'),
(1012, 5, 32, 0, 2, 2, 1, 1, 1, 33, 1, 3, '13:20:00'),
(1013, 5, 33, 0, 2, 2, 1, 1, 1, 33, 1, 3, '13:20:00'),
(1014, 5, 34, 0, 2, 2, 1, 1, 1, 33, 1, 3, '13:20:00'),
(1015, 5, 35, 0, 2, 2, 1, 1, 1, 33, 1, 3, '13:20:00'),
(1016, 5, 36, 0, 2, 2, 1, 1, 1, 33, 1, 3, '13:20:00'),
(1017, 5, 37, 0, 2, 2, 1, 1, 1, 33, 1, 3, '13:20:00'),
(1018, 5, 38, 0, 2, 2, 1, 1, 1, 33, 1, 3, '13:20:00'),
(1019, 5, 39, 0, 2, 2, 1, 1, 1, 33, 1, 3, '13:20:00'),
(1020, 5, 40, 0, 2, 2, 1, 1, 1, 33, 1, 3, '13:20:00'),
(1021, 5, 41, 0, 2, 2, 1, 1, 1, 33, 1, 3, '13:20:00'),
(1022, 5, 42, 0, 2, 2, 1, 1, 1, 33, 1, 3, '13:20:00'),
(1023, 5, 43, 0, 2, 2, 1, 1, 1, 33, 1, 3, '13:20:00'),
(1024, 5, 44, 0, 2, 2, 1, 1, 1, 33, 1, 3, '13:20:00'),
(1025, 5, 45, 0, 2, 2, 1, 1, 1, 33, 1, 3, '13:20:00'),
(1026, 5, 46, 0, 2, 2, 1, 1, 1, 33, 1, 3, '13:20:00'),
(1027, 5, 47, 0, 2, 2, 1, 1, 1, 33, 1, 3, '13:20:00'),
(1028, 5, 48, 0, 2, 2, 1, 1, 1, 33, 1, 3, '13:20:00'),
(1029, 5, 49, 0, 2, 2, 1, 1, 1, 33, 1, 3, '13:20:00'),
(1030, 5, 1, 0, 2, 2, 2, 1, 2, 34, 1, 1, '00:00:00'),
(1031, 5, 2, 0, 2, 2, 2, 1, 2, 34, 1, 1, '00:00:00'),
(1032, 5, 3, 0, 2, 2, 2, 11, 2, 34, 1, 1, '00:00:00'),
(1033, 5, 4, 0, 2, 2, 2, 1, 2, 34, 1, 1, '00:00:00'),
(1034, 5, 5, 0, 2, 2, 2, 11, 2, 34, 1, 1, '00:00:00'),
(1035, 5, 6, 0, 2, 2, 2, 1, 2, 34, 1, 1, '00:00:00'),
(1036, 5, 7, 0, 2, 2, 2, 1, 2, 34, 1, 1, '00:00:00'),
(1037, 5, 8, 0, 2, 2, 2, 11, 2, 34, 1, 1, '00:00:00'),
(1038, 5, 9, 0, 2, 2, 2, 11, 2, 34, 1, 1, '00:00:00'),
(1039, 5, 10, 0, 2, 2, 2, 11, 2, 34, 1, 1, '00:00:00'),
(1040, 5, 11, 0, 2, 2, 2, 11, 2, 34, 1, 1, '00:00:00'),
(1041, 5, 12, 0, 2, 2, 2, 1, 2, 34, 1, 1, '00:00:00'),
(1042, 5, 13, 0, 2, 2, 2, 11, 2, 34, 1, 1, '00:00:00'),
(1043, 5, 14, 0, 2, 2, 2, 11, 2, 34, 1, 1, '00:00:00'),
(1044, 5, 15, 0, 2, 2, 2, 11, 2, 34, 1, 1, '00:00:00'),
(1045, 5, 16, 0, 2, 2, 1, 1, 2, 34, 1, 1, '00:00:00'),
(1046, 5, 17, 0, 2, 2, 1, 1, 2, 34, 1, 1, '00:00:00'),
(1047, 5, 18, 0, 2, 2, 2, 1, 2, 34, 1, 1, '00:00:00'),
(1048, 5, 19, 0, 2, 2, 2, 11, 2, 34, 1, 1, '00:00:00'),
(1049, 5, 20, 0, 2, 2, 2, 11, 2, 34, 1, 1, '00:00:00'),
(1050, 5, 21, 0, 2, 2, 2, 11, 2, 34, 1, 1, '00:00:00'),
(1051, 5, 22, 0, 2, 2, 2, 1, 2, 34, 1, 1, '00:00:00'),
(1052, 5, 23, 0, 2, 2, 1, 1, 2, 34, 1, 1, '00:00:00'),
(1053, 5, 24, 0, 2, 2, 1, 1, 2, 34, 1, 1, '00:00:00'),
(1054, 5, 25, 0, 2, 2, 1, 1, 2, 34, 1, 1, '00:00:00'),
(1055, 5, 26, 0, 2, 2, 1, 1, 2, 34, 1, 1, '00:00:00'),
(1056, 5, 27, 0, 2, 2, 1, 1, 2, 34, 1, 1, '00:00:00'),
(1057, 5, 28, 0, 2, 2, 1, 1, 2, 34, 1, 1, '00:00:00'),
(1058, 5, 29, 0, 2, 2, 1, 1, 2, 34, 1, 1, '00:00:00'),
(1059, 5, 30, 0, 2, 2, 1, 1, 2, 34, 1, 1, '00:00:00'),
(1060, 5, 31, 0, 2, 2, 1, 1, 2, 34, 1, 1, '00:00:00'),
(1061, 5, 32, 0, 2, 2, 1, 1, 2, 34, 1, 1, '00:00:00'),
(1062, 5, 33, 0, 2, 2, 1, 1, 2, 34, 1, 1, '00:00:00'),
(1063, 5, 34, 0, 2, 2, 1, 1, 2, 34, 1, 1, '00:00:00'),
(1064, 5, 35, 0, 2, 2, 1, 1, 2, 34, 1, 1, '00:00:00'),
(1065, 5, 36, 0, 2, 2, 1, 1, 2, 34, 1, 1, '00:00:00'),
(1066, 5, 37, 0, 2, 2, 1, 1, 2, 34, 1, 1, '00:00:00'),
(1067, 5, 38, 0, 2, 2, 1, 1, 2, 34, 1, 1, '00:00:00'),
(1068, 5, 39, 0, 2, 2, 1, 1, 2, 34, 1, 1, '00:00:00'),
(1069, 5, 40, 0, 2, 2, 1, 1, 2, 34, 1, 1, '00:00:00'),
(1070, 5, 41, 0, 2, 2, 1, 1, 2, 34, 1, 1, '00:00:00'),
(1071, 5, 42, 0, 2, 2, 1, 1, 2, 34, 1, 1, '00:00:00'),
(1072, 5, 43, 0, 2, 2, 1, 1, 2, 34, 1, 1, '00:00:00'),
(1073, 5, 44, 0, 2, 2, 1, 1, 2, 34, 1, 1, '00:00:00'),
(1074, 5, 45, 0, 2, 2, 1, 1, 2, 34, 1, 1, '00:00:00'),
(1075, 5, 46, 0, 2, 2, 1, 1, 2, 34, 1, 1, '00:00:00'),
(1076, 5, 47, 0, 2, 2, 1, 1, 2, 34, 1, 1, '00:00:00'),
(1077, 5, 48, 0, 2, 2, 1, 1, 2, 34, 1, 1, '00:00:00'),
(1078, 5, 49, 0, 2, 2, 1, 1, 2, 34, 1, 1, '00:00:00'),
(1079, 5, 1, 0, 3, 2, 2, 1, 3, 35, 1, 3, '13:20:00'),
(1080, 5, 2, 0, 3, 2, 2, 1, 3, 35, 1, 3, '13:20:00'),
(1081, 5, 3, 0, 3, 2, 2, 11, 3, 35, 1, 3, '13:20:00'),
(1082, 5, 4, 0, 3, 2, 2, 1, 3, 35, 1, 3, '13:20:00'),
(1083, 5, 5, 0, 3, 2, 2, 10, 3, 35, 1, 3, '13:20:00'),
(1084, 5, 6, 0, 3, 2, 2, 1, 3, 35, 1, 3, '13:20:00'),
(1085, 5, 7, 0, 3, 2, 2, 1, 3, 35, 1, 3, '13:20:00'),
(1086, 5, 8, 0, 3, 2, 2, 11, 3, 35, 1, 3, '13:20:00'),
(1087, 5, 9, 0, 3, 2, 2, 11, 3, 35, 1, 3, '13:20:00'),
(1088, 5, 10, 0, 3, 2, 2, 11, 3, 35, 1, 3, '13:20:00'),
(1089, 5, 11, 0, 3, 2, 2, 10, 3, 35, 1, 3, '13:20:00'),
(1090, 5, 12, 0, 3, 2, 2, 1, 3, 35, 1, 3, '13:20:00'),
(1091, 5, 13, 0, 3, 2, 2, 10, 3, 35, 1, 3, '13:20:00'),
(1092, 5, 14, 0, 3, 2, 2, 11, 3, 35, 1, 3, '13:20:00'),
(1093, 5, 15, 0, 3, 2, 2, 11, 3, 35, 1, 3, '13:20:00'),
(1094, 5, 16, 0, 3, 2, 1, 1, 3, 35, 1, 3, '13:20:00'),
(1095, 5, 17, 0, 3, 2, 1, 1, 3, 35, 1, 3, '13:20:00'),
(1096, 5, 18, 0, 3, 2, 2, 1, 3, 35, 1, 3, '13:20:00'),
(1097, 5, 19, 0, 3, 2, 2, 11, 3, 35, 1, 3, '13:20:00'),
(1098, 5, 20, 0, 3, 2, 2, 11, 3, 35, 1, 3, '13:20:00'),
(1099, 5, 21, 0, 3, 2, 2, 11, 3, 35, 1, 3, '13:20:00'),
(1100, 5, 22, 0, 3, 2, 2, 1, 3, 35, 1, 3, '13:20:00'),
(1101, 5, 23, 0, 3, 2, 1, 1, 3, 35, 1, 3, '13:20:00'),
(1102, 5, 24, 0, 3, 2, 1, 1, 3, 35, 1, 3, '13:20:00'),
(1103, 5, 25, 0, 3, 2, 1, 1, 3, 35, 1, 3, '13:20:00'),
(1104, 5, 26, 0, 3, 2, 1, 1, 3, 35, 1, 3, '13:20:00'),
(1105, 5, 27, 0, 3, 2, 1, 1, 3, 35, 1, 3, '13:20:00'),
(1106, 5, 28, 0, 3, 2, 1, 1, 3, 35, 1, 3, '13:20:00'),
(1107, 5, 29, 0, 3, 2, 1, 1, 3, 35, 1, 3, '13:20:00'),
(1108, 5, 30, 0, 3, 2, 1, 1, 3, 35, 1, 3, '13:20:00'),
(1109, 5, 31, 0, 3, 2, 1, 1, 3, 35, 1, 3, '13:20:00'),
(1110, 5, 32, 0, 3, 2, 1, 1, 3, 35, 1, 3, '13:20:00'),
(1111, 5, 33, 0, 3, 2, 1, 1, 3, 35, 1, 3, '13:20:00'),
(1112, 5, 34, 0, 3, 2, 1, 1, 3, 35, 1, 3, '13:20:00'),
(1113, 5, 35, 0, 3, 2, 1, 1, 3, 35, 1, 3, '13:20:00'),
(1114, 5, 36, 0, 3, 2, 1, 1, 3, 35, 1, 3, '13:20:00'),
(1115, 5, 37, 0, 3, 2, 1, 1, 3, 35, 1, 3, '13:20:00'),
(1116, 5, 38, 0, 3, 2, 1, 1, 3, 35, 1, 3, '13:20:00'),
(1117, 5, 39, 0, 3, 2, 1, 1, 3, 35, 1, 3, '13:20:00'),
(1118, 5, 40, 0, 3, 2, 1, 1, 3, 35, 1, 3, '13:20:00'),
(1119, 5, 41, 0, 3, 2, 1, 1, 3, 35, 1, 3, '13:20:00'),
(1120, 5, 42, 0, 3, 2, 1, 1, 3, 35, 1, 3, '13:20:00'),
(1121, 5, 43, 0, 3, 2, 1, 1, 3, 35, 1, 3, '13:20:00'),
(1122, 5, 44, 0, 3, 2, 1, 1, 3, 35, 1, 3, '13:20:00'),
(1123, 5, 45, 0, 3, 2, 1, 1, 3, 35, 1, 3, '13:20:00'),
(1124, 5, 46, 0, 3, 2, 1, 1, 3, 35, 1, 3, '13:20:00'),
(1125, 5, 47, 0, 3, 2, 1, 1, 3, 35, 1, 3, '13:20:00'),
(1126, 5, 48, 0, 3, 2, 1, 1, 3, 35, 1, 3, '13:20:00'),
(1127, 5, 49, 0, 3, 2, 1, 1, 3, 35, 1, 3, '13:20:00'),
(1128, 5, 1, 0, 5, 3, 2, 1, 4, 36, 1, 3, '13:00:00'),
(1129, 5, 2, 0, 5, 3, 2, 1, 4, 36, 1, 3, '13:00:00'),
(1130, 5, 3, 0, 5, 3, 2, 10, 4, 36, 1, 3, '13:00:00'),
(1131, 5, 4, 0, 5, 3, 2, 1, 4, 36, 1, 3, '13:00:00'),
(1132, 5, 5, 0, 5, 3, 2, 11, 4, 36, 1, 3, '13:00:00'),
(1133, 5, 6, 0, 5, 3, 2, 1, 4, 36, 1, 3, '13:00:00'),
(1134, 5, 7, 0, 5, 3, 2, 1, 4, 36, 1, 3, '13:00:00'),
(1135, 5, 8, 0, 5, 3, 2, 11, 4, 36, 1, 3, '13:00:00'),
(1136, 5, 9, 0, 5, 3, 2, 11, 4, 36, 1, 3, '13:00:00'),
(1137, 5, 10, 0, 5, 3, 2, 10, 4, 36, 1, 3, '13:00:00'),
(1138, 5, 11, 0, 5, 3, 2, 11, 4, 36, 1, 3, '13:00:00'),
(1139, 5, 12, 0, 5, 3, 2, 1, 4, 36, 1, 3, '13:00:00'),
(1140, 5, 13, 0, 5, 3, 2, 11, 4, 36, 1, 3, '13:00:00'),
(1141, 5, 14, 0, 5, 3, 2, 11, 4, 36, 1, 3, '13:00:00'),
(1142, 5, 15, 0, 5, 3, 2, 10, 4, 36, 1, 3, '13:00:00'),
(1143, 5, 16, 0, 5, 3, 1, 1, 4, 36, 1, 3, '13:00:00'),
(1144, 5, 17, 0, 5, 3, 1, 1, 4, 36, 1, 3, '13:00:00'),
(1145, 5, 18, 0, 5, 3, 2, 1, 4, 36, 1, 3, '13:00:00'),
(1146, 5, 19, 0, 5, 3, 2, 11, 4, 36, 1, 3, '13:00:00'),
(1147, 5, 20, 0, 5, 3, 2, 11, 4, 36, 1, 3, '13:00:00'),
(1148, 5, 21, 0, 5, 3, 2, 11, 4, 36, 1, 3, '13:00:00'),
(1149, 5, 22, 0, 5, 3, 2, 1, 4, 36, 1, 3, '13:00:00'),
(1150, 5, 23, 0, 5, 3, 1, 1, 4, 36, 1, 3, '13:00:00'),
(1151, 5, 24, 0, 5, 3, 1, 1, 4, 36, 1, 3, '13:00:00'),
(1152, 5, 25, 0, 5, 3, 1, 1, 4, 36, 1, 3, '13:00:00'),
(1153, 5, 26, 0, 5, 3, 1, 1, 4, 36, 1, 3, '13:00:00'),
(1154, 5, 27, 0, 5, 3, 1, 1, 4, 36, 1, 3, '13:00:00'),
(1155, 5, 28, 0, 5, 3, 1, 1, 4, 36, 1, 3, '13:00:00'),
(1156, 5, 29, 0, 5, 3, 1, 1, 4, 36, 1, 3, '13:00:00'),
(1157, 5, 30, 0, 5, 3, 1, 1, 4, 36, 1, 3, '13:00:00'),
(1158, 5, 31, 0, 5, 3, 1, 1, 4, 36, 1, 3, '13:00:00'),
(1159, 5, 32, 0, 5, 3, 1, 1, 4, 36, 1, 3, '13:00:00'),
(1160, 5, 33, 0, 5, 3, 1, 1, 4, 36, 1, 3, '13:00:00'),
(1161, 5, 34, 0, 5, 3, 1, 1, 4, 36, 1, 3, '13:00:00'),
(1162, 5, 35, 0, 5, 3, 1, 1, 4, 36, 1, 3, '13:00:00'),
(1163, 5, 36, 0, 5, 3, 1, 1, 4, 36, 1, 3, '13:00:00'),
(1164, 5, 37, 0, 5, 3, 1, 1, 4, 36, 1, 3, '13:00:00'),
(1165, 5, 38, 0, 5, 3, 1, 1, 4, 36, 1, 3, '13:00:00'),
(1166, 5, 39, 0, 5, 3, 1, 1, 4, 36, 1, 3, '13:00:00'),
(1167, 5, 40, 0, 5, 3, 1, 1, 4, 36, 1, 3, '13:00:00'),
(1168, 5, 41, 0, 5, 3, 1, 1, 4, 36, 1, 3, '13:00:00'),
(1169, 5, 42, 0, 5, 3, 1, 1, 4, 36, 1, 3, '13:00:00'),
(1170, 5, 43, 0, 5, 3, 1, 1, 4, 36, 1, 3, '13:00:00'),
(1171, 5, 44, 0, 5, 3, 1, 1, 4, 36, 1, 3, '13:00:00'),
(1172, 5, 45, 0, 5, 3, 1, 1, 4, 36, 1, 3, '13:00:00'),
(1173, 5, 46, 0, 5, 3, 1, 1, 4, 36, 1, 3, '13:00:00'),
(1174, 5, 47, 0, 5, 3, 1, 1, 4, 36, 1, 3, '13:00:00'),
(1175, 5, 48, 0, 5, 3, 1, 1, 4, 36, 1, 3, '13:00:00'),
(1176, 5, 49, 0, 5, 3, 1, 1, 4, 36, 1, 3, '13:00:00'),
(1177, 5, 1, 0, 6, 2, 2, 1, 5, 37, 1, 3, '13:00:00'),
(1178, 5, 2, 0, 6, 2, 2, 1, 5, 37, 1, 3, '13:00:00'),
(1179, 5, 3, 0, 6, 2, 2, 11, 5, 37, 1, 3, '13:00:00'),
(1180, 5, 4, 0, 6, 2, 2, 1, 5, 37, 1, 3, '13:00:00'),
(1181, 5, 5, 0, 6, 2, 2, 11, 5, 37, 1, 3, '13:00:00'),
(1182, 5, 6, 0, 6, 2, 2, 1, 5, 37, 1, 3, '13:00:00'),
(1183, 5, 7, 0, 6, 2, 2, 1, 5, 37, 1, 3, '13:00:00'),
(1184, 5, 8, 0, 6, 2, 2, 11, 5, 37, 1, 3, '13:00:00'),
(1185, 5, 9, 0, 6, 2, 2, 11, 5, 37, 1, 3, '13:00:00'),
(1186, 5, 10, 0, 6, 2, 2, 11, 5, 37, 1, 3, '13:00:00'),
(1187, 5, 11, 0, 6, 2, 2, 11, 5, 37, 1, 3, '13:00:00'),
(1188, 5, 12, 0, 6, 2, 2, 1, 5, 37, 1, 3, '13:00:00'),
(1189, 5, 13, 0, 6, 2, 2, 11, 5, 37, 1, 3, '13:00:00'),
(1190, 5, 14, 0, 6, 2, 2, 11, 5, 37, 1, 3, '13:00:00'),
(1191, 5, 15, 0, 6, 2, 2, 11, 5, 37, 1, 3, '13:00:00'),
(1192, 5, 16, 0, 6, 2, 1, 1, 5, 37, 1, 3, '13:00:00'),
(1193, 5, 17, 0, 6, 2, 1, 1, 5, 37, 1, 3, '13:00:00'),
(1194, 5, 18, 0, 6, 2, 2, 1, 5, 37, 1, 3, '13:00:00'),
(1195, 5, 19, 0, 6, 2, 2, 10, 5, 37, 1, 3, '13:00:00'),
(1196, 5, 20, 0, 6, 2, 2, 10, 5, 37, 1, 3, '13:00:00'),
(1197, 5, 21, 0, 6, 2, 2, 10, 5, 37, 1, 3, '13:00:00'),
(1198, 5, 22, 0, 6, 2, 2, 1, 5, 37, 1, 3, '13:00:00'),
(1199, 5, 23, 0, 6, 2, 1, 1, 5, 37, 1, 3, '13:00:00'),
(1200, 5, 24, 0, 6, 2, 1, 1, 5, 37, 1, 3, '13:00:00'),
(1201, 5, 25, 0, 6, 2, 1, 1, 5, 37, 1, 3, '13:00:00'),
(1202, 5, 26, 0, 6, 2, 1, 1, 5, 37, 1, 3, '13:00:00'),
(1203, 5, 27, 0, 6, 2, 1, 1, 5, 37, 1, 3, '13:00:00'),
(1204, 5, 28, 0, 6, 2, 1, 1, 5, 37, 1, 3, '13:00:00'),
(1205, 5, 29, 0, 6, 2, 1, 1, 5, 37, 1, 3, '13:00:00'),
(1206, 5, 30, 0, 6, 2, 1, 1, 5, 37, 1, 3, '13:00:00'),
(1207, 5, 31, 0, 6, 2, 1, 1, 5, 37, 1, 3, '13:00:00'),
(1208, 5, 32, 0, 6, 2, 1, 1, 5, 37, 1, 3, '13:00:00'),
(1209, 5, 33, 0, 6, 2, 1, 1, 5, 37, 1, 3, '13:00:00'),
(1210, 5, 34, 0, 6, 2, 1, 1, 5, 37, 1, 3, '13:00:00'),
(1211, 5, 35, 0, 6, 2, 1, 1, 5, 37, 1, 3, '13:00:00'),
(1212, 5, 36, 0, 6, 2, 1, 1, 5, 37, 1, 3, '13:00:00'),
(1213, 5, 37, 0, 6, 2, 1, 1, 5, 37, 1, 3, '13:00:00'),
(1214, 5, 38, 0, 6, 2, 1, 1, 5, 37, 1, 3, '13:00:00'),
(1215, 5, 39, 0, 6, 2, 1, 1, 5, 37, 1, 3, '13:00:00'),
(1216, 5, 40, 0, 6, 2, 1, 1, 5, 37, 1, 3, '13:00:00'),
(1217, 5, 41, 0, 6, 2, 1, 1, 5, 37, 1, 3, '13:00:00'),
(1218, 5, 42, 0, 6, 2, 1, 1, 5, 37, 1, 3, '13:00:00'),
(1219, 5, 43, 0, 6, 2, 1, 1, 5, 37, 1, 3, '13:00:00'),
(1220, 5, 44, 0, 6, 2, 1, 1, 5, 37, 1, 3, '13:00:00'),
(1221, 5, 45, 0, 6, 2, 1, 1, 5, 37, 1, 3, '13:00:00'),
(1222, 5, 46, 0, 6, 2, 1, 1, 5, 37, 1, 3, '13:00:00'),
(1223, 5, 47, 0, 6, 2, 1, 1, 5, 37, 1, 3, '13:00:00'),
(1224, 5, 48, 0, 6, 2, 1, 1, 5, 37, 1, 3, '13:00:00'),
(1225, 5, 49, 0, 6, 2, 1, 1, 5, 37, 1, 3, '13:00:00'),
(1226, 6, 1, 0, 2, 2, 2, 10, 1, 41, 1, 3, '12:30:00'),
(1227, 6, 2, 0, 2, 2, 2, 11, 1, 41, 1, 3, '12:30:00'),
(1228, 6, 3, 0, 2, 2, 3, 1, 1, 41, 1, 3, '12:30:00'),
(1229, 6, 4, 0, 2, 2, 2, 1, 1, 41, 1, 3, '12:30:00'),
(1230, 6, 5, 0, 2, 2, 2, 11, 1, 41, 1, 3, '12:30:00'),
(1231, 6, 6, 0, 2, 2, 2, 11, 1, 41, 1, 3, '12:30:00'),
(1232, 6, 7, 0, 2, 2, 2, 11, 1, 41, 1, 3, '12:30:00'),
(1233, 6, 8, 0, 2, 2, 2, 10, 1, 41, 1, 3, '12:30:00'),
(1234, 6, 9, 0, 2, 2, 2, 1, 1, 41, 1, 3, '12:30:00'),
(1235, 6, 10, 0, 2, 2, 2, 11, 1, 41, 1, 3, '12:30:00'),
(1236, 6, 11, 0, 2, 2, 2, 11, 1, 41, 1, 3, '12:30:00'),
(1237, 6, 12, 0, 2, 2, 3, 1, 1, 41, 1, 3, '12:30:00'),
(1238, 6, 13, 0, 2, 2, 2, 11, 1, 41, 1, 3, '12:30:00'),
(1239, 6, 14, 0, 2, 2, 2, 10, 1, 41, 1, 3, '12:30:00'),
(1240, 6, 15, 0, 2, 2, 2, 11, 1, 41, 1, 3, '12:30:00'),
(1241, 6, 16, 0, 2, 2, 1, 1, 1, 41, 1, 3, '12:30:00'),
(1242, 6, 17, 0, 2, 2, 1, 1, 1, 41, 1, 3, '12:30:00'),
(1243, 6, 18, 0, 2, 2, 2, 1, 1, 41, 1, 3, '12:30:00'),
(1244, 6, 19, 0, 2, 2, 2, 1, 1, 41, 1, 3, '12:30:00'),
(1245, 6, 20, 0, 2, 2, 2, 1, 1, 41, 1, 3, '12:30:00'),
(1246, 6, 21, 0, 2, 2, 3, 1, 1, 41, 1, 3, '12:30:00'),
(1247, 6, 22, 0, 2, 2, 2, 11, 1, 41, 1, 3, '12:30:00'),
(1248, 6, 23, 0, 2, 2, 1, 1, 1, 41, 1, 3, '12:30:00'),
(1249, 6, 24, 0, 2, 2, 1, 1, 1, 41, 1, 3, '12:30:00'),
(1250, 6, 25, 0, 2, 2, 1, 1, 1, 41, 1, 3, '12:30:00'),
(1251, 6, 26, 0, 2, 2, 1, 1, 1, 41, 1, 3, '12:30:00'),
(1252, 6, 27, 0, 2, 2, 1, 1, 1, 41, 1, 3, '12:30:00'),
(1253, 6, 28, 0, 2, 2, 1, 1, 1, 41, 1, 3, '12:30:00'),
(1254, 6, 29, 0, 2, 2, 1, 1, 1, 41, 1, 3, '12:30:00'),
(1255, 6, 30, 0, 2, 2, 1, 1, 1, 41, 1, 3, '12:30:00'),
(1256, 6, 31, 0, 2, 2, 1, 1, 1, 41, 1, 3, '12:30:00'),
(1257, 6, 32, 0, 2, 2, 1, 1, 1, 41, 1, 3, '12:30:00'),
(1258, 6, 33, 0, 2, 2, 1, 1, 1, 41, 1, 3, '12:30:00'),
(1259, 6, 34, 0, 2, 2, 1, 1, 1, 41, 1, 3, '12:30:00'),
(1260, 6, 35, 0, 2, 2, 1, 1, 1, 41, 1, 3, '12:30:00'),
(1261, 6, 36, 0, 2, 2, 1, 1, 1, 41, 1, 3, '12:30:00'),
(1262, 6, 37, 0, 2, 2, 1, 1, 1, 41, 1, 3, '12:30:00'),
(1263, 6, 38, 0, 2, 2, 1, 1, 1, 41, 1, 3, '12:30:00'),
(1264, 6, 39, 0, 2, 2, 1, 1, 1, 41, 1, 3, '12:30:00'),
(1265, 6, 40, 0, 2, 2, 1, 1, 1, 41, 1, 3, '12:30:00'),
(1266, 6, 41, 0, 2, 2, 1, 1, 1, 41, 1, 3, '12:30:00'),
(1267, 6, 42, 0, 2, 2, 1, 1, 1, 41, 1, 3, '12:30:00'),
(1268, 6, 43, 0, 2, 2, 1, 1, 1, 41, 1, 3, '12:30:00'),
(1269, 6, 44, 0, 2, 2, 1, 1, 1, 41, 1, 3, '12:30:00'),
(1270, 6, 45, 0, 2, 2, 1, 1, 1, 41, 1, 3, '12:30:00'),
(1271, 6, 46, 0, 2, 2, 1, 1, 1, 41, 1, 3, '12:30:00'),
(1272, 6, 47, 0, 2, 2, 1, 1, 1, 41, 1, 3, '12:30:00'),
(1273, 6, 48, 0, 2, 2, 1, 1, 1, 41, 1, 3, '12:30:00'),
(1274, 6, 49, 0, 2, 2, 1, 1, 1, 41, 1, 3, '12:30:00'),
(1275, 6, 1, 0, 2, 2, 2, 11, 2, 42, 1, 3, '12:30:00'),
(1276, 6, 2, 0, 2, 2, 2, 10, 2, 42, 1, 3, '12:30:00'),
(1277, 6, 3, 0, 2, 2, 3, 1, 2, 42, 1, 3, '12:30:00'),
(1278, 6, 4, 0, 2, 2, 2, 1, 2, 42, 1, 3, '12:30:00'),
(1279, 6, 5, 0, 2, 2, 2, 11, 2, 42, 1, 3, '12:30:00'),
(1280, 6, 6, 0, 2, 2, 2, 11, 2, 42, 1, 3, '12:30:00'),
(1281, 6, 7, 0, 2, 2, 2, 10, 2, 42, 1, 3, '12:30:00'),
(1282, 6, 8, 0, 2, 2, 2, 11, 2, 42, 1, 3, '12:30:00'),
(1283, 6, 9, 0, 2, 2, 2, 1, 2, 42, 1, 3, '12:30:00'),
(1284, 6, 10, 0, 2, 2, 2, 11, 2, 42, 1, 3, '12:30:00'),
(1285, 6, 11, 0, 2, 2, 2, 11, 2, 42, 1, 3, '12:30:00'),
(1286, 6, 12, 0, 2, 2, 3, 1, 2, 42, 1, 3, '12:30:00'),
(1287, 6, 13, 0, 2, 2, 2, 11, 2, 42, 1, 3, '12:30:00'),
(1288, 6, 14, 0, 2, 2, 2, 11, 2, 42, 1, 3, '12:30:00'),
(1289, 6, 15, 0, 2, 2, 2, 11, 2, 42, 1, 3, '12:30:00'),
(1290, 6, 16, 0, 2, 2, 1, 1, 2, 42, 1, 3, '12:30:00'),
(1291, 6, 17, 0, 2, 2, 1, 1, 2, 42, 1, 3, '12:30:00'),
(1292, 6, 18, 0, 2, 2, 2, 1, 2, 42, 1, 3, '12:30:00'),
(1293, 6, 19, 0, 2, 2, 2, 1, 2, 42, 1, 3, '12:30:00'),
(1294, 6, 20, 0, 2, 2, 2, 1, 2, 42, 1, 3, '12:30:00'),
(1295, 6, 21, 0, 2, 2, 3, 1, 2, 42, 1, 3, '12:30:00'),
(1296, 6, 22, 0, 2, 2, 2, 10, 2, 42, 1, 3, '12:30:00'),
(1297, 6, 23, 0, 2, 2, 1, 1, 2, 42, 1, 3, '12:30:00'),
(1298, 6, 24, 0, 2, 2, 1, 1, 2, 42, 1, 3, '12:30:00'),
(1299, 6, 25, 0, 2, 2, 1, 1, 2, 42, 1, 3, '12:30:00'),
(1300, 6, 26, 0, 2, 2, 1, 1, 2, 42, 1, 3, '12:30:00'),
(1301, 6, 27, 0, 2, 2, 1, 1, 2, 42, 1, 3, '12:30:00'),
(1302, 6, 28, 0, 2, 2, 1, 1, 2, 42, 1, 3, '12:30:00'),
(1303, 6, 29, 0, 2, 2, 1, 1, 2, 42, 1, 3, '12:30:00'),
(1304, 6, 30, 0, 2, 2, 1, 1, 2, 42, 1, 3, '12:30:00'),
(1305, 6, 31, 0, 2, 2, 1, 1, 2, 42, 1, 3, '12:30:00'),
(1306, 6, 32, 0, 2, 2, 1, 1, 2, 42, 1, 3, '12:30:00'),
(1307, 6, 33, 0, 2, 2, 1, 1, 2, 42, 1, 3, '12:30:00'),
(1308, 6, 34, 0, 2, 2, 1, 1, 2, 42, 1, 3, '12:30:00'),
(1309, 6, 35, 0, 2, 2, 1, 1, 2, 42, 1, 3, '12:30:00'),
(1310, 6, 36, 0, 2, 2, 1, 1, 2, 42, 1, 3, '12:30:00'),
(1311, 6, 37, 0, 2, 2, 1, 1, 2, 42, 1, 3, '12:30:00'),
(1312, 6, 38, 0, 2, 2, 1, 1, 2, 42, 1, 3, '12:30:00'),
(1313, 6, 39, 0, 2, 2, 1, 1, 2, 42, 1, 3, '12:30:00'),
(1314, 6, 40, 0, 2, 2, 1, 1, 2, 42, 1, 3, '12:30:00'),
(1315, 6, 41, 0, 2, 2, 1, 1, 2, 42, 1, 3, '12:30:00'),
(1316, 6, 42, 0, 2, 2, 1, 1, 2, 42, 1, 3, '12:30:00'),
(1317, 6, 43, 0, 2, 2, 1, 1, 2, 42, 1, 3, '12:30:00'),
(1318, 6, 44, 0, 2, 2, 1, 1, 2, 42, 1, 3, '12:30:00'),
(1319, 6, 45, 0, 2, 2, 1, 1, 2, 42, 1, 3, '12:30:00'),
(1320, 6, 46, 0, 2, 2, 1, 1, 2, 42, 1, 3, '12:30:00'),
(1321, 6, 47, 0, 2, 2, 1, 1, 2, 42, 1, 3, '12:30:00'),
(1322, 6, 48, 0, 2, 2, 1, 1, 2, 42, 1, 3, '12:30:00'),
(1323, 6, 49, 0, 2, 2, 1, 1, 2, 42, 1, 3, '12:30:00'),
(1324, 6, 1, 0, 3, 2, 2, 11, 3, 43, 1, 3, '13:20:00'),
(1325, 6, 2, 0, 3, 2, 2, 11, 3, 43, 1, 3, '13:20:00'),
(1326, 6, 3, 0, 3, 2, 3, 1, 3, 43, 1, 3, '13:20:00'),
(1327, 6, 4, 0, 3, 2, 2, 1, 3, 43, 1, 3, '13:20:00'),
(1328, 6, 5, 0, 3, 2, 2, 10, 3, 43, 1, 3, '13:20:00'),
(1329, 6, 6, 0, 3, 2, 2, 11, 3, 43, 1, 3, '13:20:00'),
(1330, 6, 7, 0, 3, 2, 2, 11, 3, 43, 1, 3, '13:20:00'),
(1331, 6, 8, 0, 3, 2, 2, 11, 3, 43, 1, 3, '13:20:00'),
(1332, 6, 9, 0, 3, 2, 2, 1, 3, 43, 1, 3, '13:20:00'),
(1333, 6, 10, 0, 3, 2, 2, 11, 3, 43, 1, 3, '13:20:00'),
(1334, 6, 11, 0, 3, 2, 2, 10, 3, 43, 1, 3, '13:20:00'),
(1335, 6, 12, 0, 3, 2, 3, 1, 3, 43, 1, 3, '13:20:00'),
(1336, 6, 13, 0, 3, 2, 2, 10, 3, 43, 1, 3, '13:20:00'),
(1337, 6, 14, 0, 3, 2, 2, 11, 3, 43, 1, 3, '13:20:00'),
(1338, 6, 15, 0, 3, 2, 2, 11, 3, 43, 1, 3, '13:20:00'),
(1339, 6, 16, 0, 3, 2, 1, 1, 3, 43, 1, 3, '13:20:00'),
(1340, 6, 17, 0, 3, 2, 1, 1, 3, 43, 1, 3, '13:20:00'),
(1341, 6, 18, 0, 3, 2, 2, 1, 3, 43, 1, 3, '13:20:00'),
(1342, 6, 19, 0, 3, 2, 2, 1, 3, 43, 1, 3, '13:20:00'),
(1343, 6, 20, 0, 3, 2, 2, 1, 3, 43, 1, 3, '13:20:00'),
(1344, 6, 21, 0, 3, 2, 3, 1, 3, 43, 1, 3, '13:20:00'),
(1345, 6, 22, 0, 3, 2, 2, 11, 3, 43, 1, 3, '13:20:00'),
(1346, 6, 23, 0, 3, 2, 1, 1, 3, 43, 1, 3, '13:20:00'),
(1347, 6, 24, 0, 3, 2, 1, 1, 3, 43, 1, 3, '13:20:00'),
(1348, 6, 25, 0, 3, 2, 1, 1, 3, 43, 1, 3, '13:20:00'),
(1349, 6, 26, 0, 3, 2, 1, 1, 3, 43, 1, 3, '13:20:00'),
(1350, 6, 27, 0, 3, 2, 1, 1, 3, 43, 1, 3, '13:20:00'),
(1351, 6, 28, 0, 3, 2, 1, 1, 3, 43, 1, 3, '13:20:00'),
(1352, 6, 29, 0, 3, 2, 1, 1, 3, 43, 1, 3, '13:20:00'),
(1353, 6, 30, 0, 3, 2, 1, 1, 3, 43, 1, 3, '13:20:00'),
(1354, 6, 31, 0, 3, 2, 1, 1, 3, 43, 1, 3, '13:20:00'),
(1355, 6, 32, 0, 3, 2, 1, 1, 3, 43, 1, 3, '13:20:00'),
(1356, 6, 33, 0, 3, 2, 1, 1, 3, 43, 1, 3, '13:20:00'),
(1357, 6, 34, 0, 3, 2, 1, 1, 3, 43, 1, 3, '13:20:00'),
(1358, 6, 35, 0, 3, 2, 1, 1, 3, 43, 1, 3, '13:20:00'),
(1359, 6, 36, 0, 3, 2, 1, 1, 3, 43, 1, 3, '13:20:00'),
(1360, 6, 37, 0, 3, 2, 1, 1, 3, 43, 1, 3, '13:20:00'),
(1361, 6, 38, 0, 3, 2, 1, 1, 3, 43, 1, 3, '13:20:00'),
(1362, 6, 39, 0, 3, 2, 1, 1, 3, 43, 1, 3, '13:20:00'),
(1363, 6, 40, 0, 3, 2, 1, 1, 3, 43, 1, 3, '13:20:00'),
(1364, 6, 41, 0, 3, 2, 1, 1, 3, 43, 1, 3, '13:20:00'),
(1365, 6, 42, 0, 3, 2, 1, 1, 3, 43, 1, 3, '13:20:00'),
(1366, 6, 43, 0, 3, 2, 1, 1, 3, 43, 1, 3, '13:20:00'),
(1367, 6, 44, 0, 3, 2, 1, 1, 3, 43, 1, 3, '13:20:00'),
(1368, 6, 45, 0, 3, 2, 1, 1, 3, 43, 1, 3, '13:20:00'),
(1369, 6, 46, 0, 3, 2, 1, 1, 3, 43, 1, 3, '13:20:00'),
(1370, 6, 47, 0, 3, 2, 1, 1, 3, 43, 1, 3, '13:20:00'),
(1371, 6, 48, 0, 3, 2, 1, 1, 3, 43, 1, 3, '13:20:00'),
(1372, 6, 49, 0, 3, 2, 1, 1, 3, 43, 1, 3, '13:20:00'),
(1373, 6, 1, 0, 5, 3, 2, 11, 4, 44, 1, 3, '13:20:00'),
(1374, 6, 2, 0, 5, 3, 2, 11, 4, 44, 1, 3, '13:20:00'),
(1375, 6, 3, 0, 5, 3, 3, 1, 4, 44, 1, 3, '13:20:00'),
(1376, 6, 4, 0, 5, 3, 2, 1, 4, 44, 1, 3, '13:20:00'),
(1377, 6, 5, 0, 5, 3, 2, 11, 4, 44, 1, 3, '13:20:00'),
(1378, 6, 6, 0, 5, 3, 2, 10, 4, 44, 1, 3, '13:20:00'),
(1379, 6, 7, 0, 5, 3, 2, 11, 4, 44, 1, 3, '13:20:00'),
(1380, 6, 8, 0, 5, 3, 2, 11, 4, 44, 1, 3, '13:20:00'),
(1381, 6, 9, 0, 5, 3, 2, 1, 4, 44, 1, 3, '13:20:00'),
(1382, 6, 10, 0, 5, 3, 2, 10, 4, 44, 1, 3, '13:20:00'),
(1383, 6, 11, 0, 5, 3, 2, 11, 4, 44, 1, 3, '13:20:00'),
(1384, 6, 12, 0, 5, 3, 3, 1, 4, 44, 1, 3, '13:20:00'),
(1385, 6, 13, 0, 5, 3, 2, 11, 4, 44, 1, 3, '13:20:00'),
(1386, 6, 14, 0, 5, 3, 2, 11, 4, 44, 1, 3, '13:20:00'),
(1387, 6, 15, 0, 5, 3, 2, 10, 4, 44, 1, 3, '13:20:00'),
(1388, 6, 16, 0, 5, 3, 1, 1, 4, 44, 1, 3, '13:20:00'),
(1389, 6, 17, 0, 5, 3, 1, 1, 4, 44, 1, 3, '13:20:00'),
(1390, 6, 18, 0, 5, 3, 2, 1, 4, 44, 1, 3, '13:20:00'),
(1391, 6, 19, 0, 5, 3, 2, 1, 4, 44, 1, 3, '13:20:00'),
(1392, 6, 20, 0, 5, 3, 2, 1, 4, 44, 1, 3, '13:20:00'),
(1393, 6, 21, 0, 5, 3, 3, 1, 4, 44, 1, 3, '13:20:00'),
(1394, 6, 22, 0, 5, 3, 2, 11, 4, 44, 1, 3, '13:20:00'),
(1395, 6, 23, 0, 5, 3, 1, 1, 4, 44, 1, 3, '13:20:00'),
(1396, 6, 24, 0, 5, 3, 1, 1, 4, 44, 1, 3, '13:20:00'),
(1397, 6, 25, 0, 5, 3, 1, 1, 4, 44, 1, 3, '13:20:00'),
(1398, 6, 26, 0, 5, 3, 1, 1, 4, 44, 1, 3, '13:20:00'),
(1399, 6, 27, 0, 5, 3, 1, 1, 4, 44, 1, 3, '13:20:00'),
(1400, 6, 28, 0, 5, 3, 1, 1, 4, 44, 1, 3, '13:20:00'),
(1401, 6, 29, 0, 5, 3, 1, 1, 4, 44, 1, 3, '13:20:00'),
(1402, 6, 30, 0, 5, 3, 1, 1, 4, 44, 1, 3, '13:20:00'),
(1403, 6, 31, 0, 5, 3, 1, 1, 4, 44, 1, 3, '13:20:00'),
(1404, 6, 32, 0, 5, 3, 1, 1, 4, 44, 1, 3, '13:20:00'),
(1405, 6, 33, 0, 5, 3, 1, 1, 4, 44, 1, 3, '13:20:00'),
(1406, 6, 34, 0, 5, 3, 1, 1, 4, 44, 1, 3, '13:20:00'),
(1407, 6, 35, 0, 5, 3, 1, 1, 4, 44, 1, 3, '13:20:00'),
(1408, 6, 36, 0, 5, 3, 1, 1, 4, 44, 1, 3, '13:20:00'),
(1409, 6, 37, 0, 5, 3, 1, 1, 4, 44, 1, 3, '13:20:00'),
(1410, 6, 38, 0, 5, 3, 1, 1, 4, 44, 1, 3, '13:20:00'),
(1411, 6, 39, 0, 5, 3, 1, 1, 4, 44, 1, 3, '13:20:00'),
(1412, 6, 40, 0, 5, 3, 1, 1, 4, 44, 1, 3, '13:20:00'),
(1413, 6, 41, 0, 5, 3, 1, 1, 4, 44, 1, 3, '13:20:00'),
(1414, 6, 42, 0, 5, 3, 1, 1, 4, 44, 1, 3, '13:20:00'),
(1415, 6, 43, 0, 5, 3, 1, 1, 4, 44, 1, 3, '13:20:00'),
(1416, 6, 44, 0, 5, 3, 1, 1, 4, 44, 1, 3, '13:20:00'),
(1417, 6, 45, 0, 5, 3, 1, 1, 4, 44, 1, 3, '13:20:00'),
(1418, 6, 46, 0, 5, 3, 1, 1, 4, 44, 1, 3, '13:20:00'),
(1419, 6, 47, 0, 5, 3, 1, 1, 4, 44, 1, 3, '13:20:00'),
(1420, 6, 48, 0, 5, 3, 1, 1, 4, 44, 1, 3, '13:20:00'),
(1421, 6, 49, 0, 5, 3, 1, 1, 4, 44, 1, 3, '13:20:00'),
(1422, 6, 1, 0, 6, 2, 2, 11, 5, 45, 1, 1, '00:00:00'),
(1423, 6, 2, 0, 6, 2, 2, 11, 5, 45, 1, 1, '00:00:00'),
(1424, 6, 3, 0, 6, 2, 3, 1, 5, 45, 1, 1, '00:00:00'),
(1425, 6, 4, 0, 6, 2, 2, 1, 5, 45, 1, 1, '00:00:00'),
(1426, 6, 5, 0, 6, 2, 2, 11, 5, 45, 1, 1, '00:00:00'),
(1427, 6, 6, 0, 6, 2, 2, 11, 5, 45, 1, 1, '00:00:00'),
(1428, 6, 7, 0, 6, 2, 2, 11, 5, 45, 1, 1, '00:00:00'),
(1429, 6, 8, 0, 6, 2, 2, 11, 5, 45, 1, 1, '00:00:00'),
(1430, 6, 9, 0, 6, 2, 2, 1, 5, 45, 1, 1, '00:00:00'),
(1431, 6, 10, 0, 6, 2, 2, 11, 5, 45, 1, 1, '00:00:00'),
(1432, 6, 11, 0, 6, 2, 2, 11, 5, 45, 1, 1, '00:00:00'),
(1433, 6, 12, 0, 6, 2, 3, 1, 5, 45, 1, 1, '00:00:00'),
(1434, 6, 13, 0, 6, 2, 2, 11, 5, 45, 1, 1, '00:00:00'),
(1435, 6, 14, 0, 6, 2, 2, 11, 5, 45, 1, 1, '00:00:00'),
(1436, 6, 15, 0, 6, 2, 2, 11, 5, 45, 1, 1, '00:00:00'),
(1437, 6, 16, 0, 6, 2, 1, 1, 5, 45, 1, 1, '00:00:00'),
(1438, 6, 17, 0, 6, 2, 1, 1, 5, 45, 1, 1, '00:00:00'),
(1439, 6, 18, 0, 6, 2, 2, 1, 5, 45, 1, 1, '00:00:00'),
(1440, 6, 19, 0, 6, 2, 2, 1, 5, 45, 1, 1, '00:00:00'),
(1441, 6, 20, 0, 6, 2, 2, 1, 5, 45, 1, 1, '00:00:00'),
(1442, 6, 21, 0, 6, 2, 3, 1, 5, 45, 1, 1, '00:00:00'),
(1443, 6, 22, 0, 6, 2, 2, 11, 5, 45, 1, 1, '00:00:00'),
(1444, 6, 23, 0, 6, 2, 1, 1, 5, 45, 1, 1, '00:00:00'),
(1445, 6, 24, 0, 6, 2, 1, 1, 5, 45, 1, 1, '00:00:00'),
(1446, 6, 25, 0, 6, 2, 1, 1, 5, 45, 1, 1, '00:00:00'),
(1447, 6, 26, 0, 6, 2, 1, 1, 5, 45, 1, 1, '00:00:00'),
(1448, 6, 27, 0, 6, 2, 1, 1, 5, 45, 1, 1, '00:00:00'),
(1449, 6, 28, 0, 6, 2, 1, 1, 5, 45, 1, 1, '00:00:00'),
(1450, 6, 29, 0, 6, 2, 1, 1, 5, 45, 1, 1, '00:00:00'),
(1451, 6, 30, 0, 6, 2, 1, 1, 5, 45, 1, 1, '00:00:00'),
(1452, 6, 31, 0, 6, 2, 1, 1, 5, 45, 1, 1, '00:00:00'),
(1453, 6, 32, 0, 6, 2, 1, 1, 5, 45, 1, 1, '00:00:00'),
(1454, 6, 33, 0, 6, 2, 1, 1, 5, 45, 1, 1, '00:00:00'),
(1455, 6, 34, 0, 6, 2, 1, 1, 5, 45, 1, 1, '00:00:00'),
(1456, 6, 35, 0, 6, 2, 1, 1, 5, 45, 1, 1, '00:00:00'),
(1457, 6, 36, 0, 6, 2, 1, 1, 5, 45, 1, 1, '00:00:00'),
(1458, 6, 37, 0, 6, 2, 1, 1, 5, 45, 1, 1, '00:00:00'),
(1459, 6, 38, 0, 6, 2, 1, 1, 5, 45, 1, 1, '00:00:00'),
(1460, 6, 39, 0, 6, 2, 1, 1, 5, 45, 1, 1, '00:00:00'),
(1461, 6, 40, 0, 6, 2, 1, 1, 5, 45, 1, 1, '00:00:00'),
(1462, 6, 41, 0, 6, 2, 1, 1, 5, 45, 1, 1, '00:00:00'),
(1463, 6, 42, 0, 6, 2, 1, 1, 5, 45, 1, 1, '00:00:00'),
(1464, 6, 43, 0, 6, 2, 1, 1, 5, 45, 1, 1, '00:00:00'),
(1465, 6, 44, 0, 6, 2, 1, 1, 5, 45, 1, 1, '00:00:00'),
(1466, 6, 45, 0, 6, 2, 1, 1, 5, 45, 1, 1, '00:00:00'),
(1467, 6, 46, 0, 6, 2, 1, 1, 5, 45, 1, 1, '00:00:00'),
(1468, 6, 47, 0, 6, 2, 1, 1, 5, 45, 1, 1, '00:00:00'),
(1469, 6, 48, 0, 6, 2, 1, 1, 5, 45, 1, 1, '00:00:00'),
(1470, 6, 49, 0, 6, 2, 1, 1, 5, 45, 1, 1, '00:00:00'),
(1471, 7, 1, 0, 2, 2, 2, 10, 1, 49, 1, 1, '13:30:00'),
(1472, 7, 2, 0, 2, 2, 2, 11, 1, 49, 1, 1, '13:30:00'),
(1473, 7, 3, 0, 2, 2, 2, 11, 1, 49, 1, 1, '13:30:00'),
(1474, 7, 4, 0, 2, 2, 2, 1, 1, 49, 1, 1, '13:30:00'),
(1475, 7, 5, 0, 2, 2, 2, 11, 1, 49, 1, 1, '13:30:00'),
(1476, 7, 6, 0, 2, 2, 2, 1, 1, 49, 1, 1, '13:30:00'),
(1477, 7, 7, 0, 2, 2, 2, 11, 1, 49, 1, 1, '13:30:00'),
(1478, 7, 8, 0, 2, 2, 2, 1, 1, 49, 1, 1, '13:30:00'),
(1479, 7, 9, 0, 2, 2, 2, 10, 1, 49, 1, 1, '13:30:00'),
(1480, 7, 10, 0, 2, 2, 2, 1, 1, 49, 1, 1, '13:30:00'),
(1481, 7, 11, 0, 2, 2, 2, 1, 1, 49, 1, 1, '13:30:00'),
(1482, 7, 12, 0, 2, 2, 2, 1, 1, 49, 1, 1, '13:30:00'),
(1483, 7, 13, 0, 2, 2, 2, 11, 1, 49, 1, 1, '13:30:00'),
(1484, 7, 14, 0, 2, 2, 2, 10, 1, 49, 1, 1, '13:30:00'),
(1485, 7, 15, 0, 2, 2, 1, 1, 1, 49, 1, 1, '13:30:00'),
(1486, 7, 16, 0, 2, 2, 1, 1, 1, 49, 1, 1, '13:30:00'),
(1487, 7, 17, 0, 2, 2, 1, 1, 1, 49, 1, 1, '13:30:00'),
(1488, 7, 18, 0, 2, 2, 2, 1, 1, 49, 1, 1, '13:30:00'),
(1489, 7, 19, 0, 2, 2, 2, 1, 1, 49, 1, 1, '13:30:00'),
(1490, 7, 20, 0, 2, 2, 2, 1, 1, 49, 1, 1, '13:30:00'),
(1491, 7, 21, 0, 2, 2, 1, 1, 1, 49, 1, 1, '13:30:00'),
(1492, 7, 22, 0, 2, 2, 2, 1, 1, 49, 1, 1, '13:30:00'),
(1493, 7, 23, 0, 2, 2, 1, 1, 1, 49, 1, 1, '13:30:00'),
(1494, 7, 24, 0, 2, 2, 1, 1, 1, 49, 1, 1, '13:30:00'),
(1495, 7, 25, 0, 2, 2, 1, 1, 1, 49, 1, 1, '13:30:00'),
(1496, 7, 26, 0, 2, 2, 1, 1, 1, 49, 1, 1, '13:30:00'),
(1497, 7, 27, 0, 2, 2, 1, 1, 1, 49, 1, 1, '13:30:00'),
(1498, 7, 28, 0, 2, 2, 1, 1, 1, 49, 1, 1, '13:30:00'),
(1499, 7, 29, 0, 2, 2, 1, 1, 1, 49, 1, 1, '13:30:00'),
(1500, 7, 30, 0, 2, 2, 1, 1, 1, 49, 1, 1, '13:30:00'),
(1501, 7, 31, 0, 2, 2, 1, 1, 1, 49, 1, 1, '13:30:00'),
(1502, 7, 32, 0, 2, 2, 1, 1, 1, 49, 1, 1, '13:30:00'),
(1503, 7, 33, 0, 2, 2, 1, 1, 1, 49, 1, 1, '13:30:00'),
(1504, 7, 34, 0, 2, 2, 1, 1, 1, 49, 1, 1, '13:30:00'),
(1505, 7, 35, 0, 2, 2, 1, 1, 1, 49, 1, 1, '13:30:00'),
(1506, 7, 36, 0, 2, 2, 1, 1, 1, 49, 1, 1, '13:30:00'),
(1507, 7, 37, 0, 2, 2, 1, 1, 1, 49, 1, 1, '13:30:00'),
(1508, 7, 38, 0, 2, 2, 1, 1, 1, 49, 1, 1, '13:30:00'),
(1509, 7, 39, 0, 2, 2, 1, 1, 1, 49, 1, 1, '13:30:00'),
(1510, 7, 40, 0, 2, 2, 1, 1, 1, 49, 1, 1, '13:30:00'),
(1511, 7, 41, 0, 2, 2, 1, 1, 1, 49, 1, 1, '13:30:00'),
(1512, 7, 42, 0, 2, 2, 1, 1, 1, 49, 1, 1, '13:30:00'),
(1513, 7, 43, 0, 2, 2, 1, 1, 1, 49, 1, 1, '13:30:00'),
(1514, 7, 44, 0, 2, 2, 1, 1, 1, 49, 1, 1, '13:30:00'),
(1515, 7, 45, 0, 2, 2, 1, 1, 1, 49, 1, 1, '13:30:00'),
(1516, 7, 46, 0, 2, 2, 1, 1, 1, 49, 1, 1, '13:30:00'),
(1517, 7, 47, 0, 2, 2, 1, 1, 1, 49, 1, 1, '13:30:00'),
(1518, 7, 48, 0, 2, 2, 1, 1, 1, 49, 1, 1, '13:30:00'),
(1519, 7, 49, 0, 2, 2, 1, 1, 1, 49, 1, 1, '13:30:00'),
(1520, 7, 1, 0, 2, 2, 2, 11, 2, 50, 1, 2, '13:30:00'),
(1521, 7, 2, 0, 2, 2, 2, 10, 2, 50, 1, 2, '13:30:00'),
(1522, 7, 3, 0, 2, 2, 2, 11, 2, 50, 1, 2, '13:30:00'),
(1523, 7, 4, 0, 2, 2, 2, 1, 2, 50, 1, 2, '13:30:00'),
(1524, 7, 5, 0, 2, 2, 2, 11, 2, 50, 1, 2, '13:30:00'),
(1525, 7, 6, 0, 2, 2, 2, 1, 2, 50, 1, 2, '13:30:00'),
(1526, 7, 7, 0, 2, 2, 2, 10, 2, 50, 1, 2, '13:30:00'),
(1527, 7, 8, 0, 2, 2, 2, 1, 2, 50, 1, 2, '13:30:00'),
(1528, 7, 9, 0, 2, 2, 2, 11, 2, 50, 1, 2, '13:30:00'),
(1529, 7, 10, 0, 2, 2, 2, 1, 2, 50, 1, 2, '13:30:00'),
(1530, 7, 11, 0, 2, 2, 2, 1, 2, 50, 1, 2, '13:30:00'),
(1531, 7, 12, 0, 2, 2, 2, 1, 2, 50, 1, 2, '13:30:00'),
(1532, 7, 13, 0, 2, 2, 2, 10, 2, 50, 1, 2, '13:30:00'),
(1533, 7, 14, 0, 2, 2, 2, 11, 2, 50, 1, 2, '13:30:00'),
(1534, 7, 15, 0, 2, 2, 1, 1, 2, 50, 1, 2, '13:30:00'),
(1535, 7, 16, 0, 2, 2, 1, 1, 2, 50, 1, 2, '13:30:00'),
(1536, 7, 17, 0, 2, 2, 1, 1, 2, 50, 1, 2, '13:30:00'),
(1537, 7, 18, 0, 2, 2, 2, 1, 2, 50, 1, 2, '13:30:00'),
(1538, 7, 19, 0, 2, 2, 2, 1, 2, 50, 1, 2, '13:30:00'),
(1539, 7, 20, 0, 2, 2, 2, 1, 2, 50, 1, 2, '13:30:00'),
(1540, 7, 21, 0, 2, 2, 1, 1, 2, 50, 1, 2, '13:30:00'),
(1541, 7, 22, 0, 2, 2, 2, 1, 2, 50, 1, 2, '13:30:00'),
(1542, 7, 23, 0, 2, 2, 1, 1, 2, 50, 1, 2, '13:30:00'),
(1543, 7, 24, 0, 2, 2, 1, 1, 2, 50, 1, 2, '13:30:00'),
(1544, 7, 25, 0, 2, 2, 1, 1, 2, 50, 1, 2, '13:30:00'),
(1545, 7, 26, 0, 2, 2, 1, 1, 2, 50, 1, 2, '13:30:00'),
(1546, 7, 27, 0, 2, 2, 1, 1, 2, 50, 1, 2, '13:30:00'),
(1547, 7, 28, 0, 2, 2, 1, 1, 2, 50, 1, 2, '13:30:00'),
(1548, 7, 29, 0, 2, 2, 1, 1, 2, 50, 1, 2, '13:30:00'),
(1549, 7, 30, 0, 2, 2, 1, 1, 2, 50, 1, 2, '13:30:00'),
(1550, 7, 31, 0, 2, 2, 1, 1, 2, 50, 1, 2, '13:30:00'),
(1551, 7, 32, 0, 2, 2, 1, 1, 2, 50, 1, 2, '13:30:00'),
(1552, 7, 33, 0, 2, 2, 1, 1, 2, 50, 1, 2, '13:30:00'),
(1553, 7, 34, 0, 2, 2, 1, 1, 2, 50, 1, 2, '13:30:00'),
(1554, 7, 35, 0, 2, 2, 1, 1, 2, 50, 1, 2, '13:30:00'),
(1555, 7, 36, 0, 2, 2, 1, 1, 2, 50, 1, 2, '13:30:00'),
(1556, 7, 37, 0, 2, 2, 1, 1, 2, 50, 1, 2, '13:30:00'),
(1557, 7, 38, 0, 2, 2, 1, 1, 2, 50, 1, 2, '13:30:00'),
(1558, 7, 39, 0, 2, 2, 1, 1, 2, 50, 1, 2, '13:30:00'),
(1559, 7, 40, 0, 2, 2, 1, 1, 2, 50, 1, 2, '13:30:00'),
(1560, 7, 41, 0, 2, 2, 1, 1, 2, 50, 1, 2, '13:30:00'),
(1561, 7, 42, 0, 2, 2, 1, 1, 2, 50, 1, 2, '13:30:00'),
(1562, 7, 43, 0, 2, 2, 1, 1, 2, 50, 1, 2, '13:30:00'),
(1563, 7, 44, 0, 2, 2, 1, 1, 2, 50, 1, 2, '13:30:00'),
(1564, 7, 45, 0, 2, 2, 1, 1, 2, 50, 1, 2, '13:30:00'),
(1565, 7, 46, 0, 2, 2, 1, 1, 2, 50, 1, 2, '13:30:00'),
(1566, 7, 47, 0, 2, 2, 1, 1, 2, 50, 1, 2, '13:30:00'),
(1567, 7, 48, 0, 2, 2, 1, 1, 2, 50, 1, 2, '13:30:00'),
(1568, 7, 49, 0, 2, 2, 1, 1, 2, 50, 1, 2, '13:30:00'),
(1569, 7, 1, 0, 3, 2, 2, 11, 3, 51, 1, 1, '00:00:00'),
(1570, 7, 2, 0, 3, 2, 2, 11, 3, 51, 1, 1, '00:00:00'),
(1571, 7, 3, 0, 3, 2, 2, 11, 3, 51, 1, 1, '00:00:00'),
(1572, 7, 4, 0, 3, 2, 2, 1, 3, 51, 1, 1, '00:00:00'),
(1573, 7, 5, 0, 3, 2, 2, 11, 3, 51, 1, 1, '00:00:00'),
(1574, 7, 6, 0, 3, 2, 2, 1, 3, 51, 1, 1, '00:00:00'),
(1575, 7, 7, 0, 3, 2, 2, 11, 3, 51, 1, 1, '00:00:00'),
(1576, 7, 8, 0, 3, 2, 2, 1, 3, 51, 1, 1, '00:00:00'),
(1577, 7, 9, 0, 3, 2, 2, 11, 3, 51, 1, 1, '00:00:00'),
(1578, 7, 10, 0, 3, 2, 2, 1, 3, 51, 1, 1, '00:00:00'),
(1579, 7, 11, 0, 3, 2, 2, 1, 3, 51, 1, 1, '00:00:00'),
(1580, 7, 12, 0, 3, 2, 2, 1, 3, 51, 1, 1, '00:00:00'),
(1581, 7, 13, 0, 3, 2, 2, 11, 3, 51, 1, 1, '00:00:00'),
(1582, 7, 14, 0, 3, 2, 2, 11, 3, 51, 1, 1, '00:00:00'),
(1583, 7, 15, 0, 3, 2, 1, 1, 3, 51, 1, 1, '00:00:00'),
(1584, 7, 16, 0, 3, 2, 1, 1, 3, 51, 1, 1, '00:00:00'),
(1585, 7, 17, 0, 3, 2, 1, 1, 3, 51, 1, 1, '00:00:00'),
(1586, 7, 18, 0, 3, 2, 2, 1, 3, 51, 1, 1, '00:00:00'),
(1587, 7, 19, 0, 3, 2, 2, 1, 3, 51, 1, 1, '00:00:00'),
(1588, 7, 20, 0, 3, 2, 2, 1, 3, 51, 1, 1, '00:00:00'),
(1589, 7, 21, 0, 3, 2, 1, 1, 3, 51, 1, 1, '00:00:00'),
(1590, 7, 22, 0, 3, 2, 2, 1, 3, 51, 1, 1, '00:00:00'),
(1591, 7, 23, 0, 3, 2, 1, 1, 3, 51, 1, 1, '00:00:00'),
(1592, 7, 24, 0, 3, 2, 1, 1, 3, 51, 1, 1, '00:00:00'),
(1593, 7, 25, 0, 3, 2, 1, 1, 3, 51, 1, 1, '00:00:00'),
(1594, 7, 26, 0, 3, 2, 1, 1, 3, 51, 1, 1, '00:00:00'),
(1595, 7, 27, 0, 3, 2, 1, 1, 3, 51, 1, 1, '00:00:00'),
(1596, 7, 28, 0, 3, 2, 1, 1, 3, 51, 1, 1, '00:00:00'),
(1597, 7, 29, 0, 3, 2, 1, 1, 3, 51, 1, 1, '00:00:00'),
(1598, 7, 30, 0, 3, 2, 1, 1, 3, 51, 1, 1, '00:00:00'),
(1599, 7, 31, 0, 3, 2, 1, 1, 3, 51, 1, 1, '00:00:00'),
(1600, 7, 32, 0, 3, 2, 1, 1, 3, 51, 1, 1, '00:00:00'),
(1601, 7, 33, 0, 3, 2, 1, 1, 3, 51, 1, 1, '00:00:00'),
(1602, 7, 34, 0, 3, 2, 1, 1, 3, 51, 1, 1, '00:00:00'),
(1603, 7, 35, 0, 3, 2, 1, 1, 3, 51, 1, 1, '00:00:00'),
(1604, 7, 36, 0, 3, 2, 1, 1, 3, 51, 1, 1, '00:00:00'),
(1605, 7, 37, 0, 3, 2, 1, 1, 3, 51, 1, 1, '00:00:00'),
(1606, 7, 38, 0, 3, 2, 1, 1, 3, 51, 1, 1, '00:00:00'),
(1607, 7, 39, 0, 3, 2, 1, 1, 3, 51, 1, 1, '00:00:00'),
(1608, 7, 40, 0, 3, 2, 1, 1, 3, 51, 1, 1, '00:00:00'),
(1609, 7, 41, 0, 3, 2, 1, 1, 3, 51, 1, 1, '00:00:00'),
(1610, 7, 42, 0, 3, 2, 1, 1, 3, 51, 1, 1, '00:00:00'),
(1611, 7, 43, 0, 3, 2, 1, 1, 3, 51, 1, 1, '00:00:00'),
(1612, 7, 44, 0, 3, 2, 1, 1, 3, 51, 1, 1, '00:00:00'),
(1613, 7, 45, 0, 3, 2, 1, 1, 3, 51, 1, 1, '00:00:00'),
(1614, 7, 46, 0, 3, 2, 1, 1, 3, 51, 1, 1, '00:00:00'),
(1615, 7, 47, 0, 3, 2, 1, 1, 3, 51, 1, 1, '00:00:00'),
(1616, 7, 48, 0, 3, 2, 1, 1, 3, 51, 1, 1, '00:00:00'),
(1617, 7, 49, 0, 3, 2, 1, 1, 3, 51, 1, 1, '00:00:00'),
(1618, 7, 1, 0, 5, 3, 2, 11, 4, 52, 1, 3, '13:30:00'),
(1619, 7, 2, 0, 5, 3, 2, 11, 4, 52, 1, 3, '13:30:00'),
(1620, 7, 3, 0, 5, 3, 2, 10, 4, 52, 1, 3, '13:30:00'),
(1621, 7, 4, 0, 5, 3, 2, 1, 4, 52, 1, 3, '13:30:00'),
(1622, 7, 5, 0, 5, 3, 2, 10, 4, 52, 1, 3, '13:30:00'),
(1623, 7, 6, 0, 5, 3, 2, 1, 4, 52, 1, 3, '13:30:00'),
(1624, 7, 7, 0, 5, 3, 2, 11, 4, 52, 1, 3, '13:30:00'),
(1625, 7, 8, 0, 5, 3, 2, 1, 4, 52, 1, 3, '13:30:00'),
(1626, 7, 9, 0, 5, 3, 2, 11, 4, 52, 1, 3, '13:30:00'),
(1627, 7, 10, 0, 5, 3, 2, 1, 4, 52, 1, 3, '13:30:00'),
(1628, 7, 11, 0, 5, 3, 2, 1, 4, 52, 1, 3, '13:30:00'),
(1629, 7, 12, 0, 5, 3, 2, 1, 4, 52, 1, 3, '13:30:00'),
(1630, 7, 13, 0, 5, 3, 2, 11, 4, 52, 1, 3, '13:30:00'),
(1631, 7, 14, 0, 5, 3, 2, 11, 4, 52, 1, 3, '13:30:00'),
(1632, 7, 15, 0, 5, 3, 1, 1, 4, 52, 1, 3, '13:30:00'),
(1633, 7, 16, 0, 5, 3, 1, 1, 4, 52, 1, 3, '13:30:00'),
(1634, 7, 17, 0, 5, 3, 1, 1, 4, 52, 1, 3, '13:30:00'),
(1635, 7, 18, 0, 5, 3, 2, 1, 4, 52, 1, 3, '13:30:00'),
(1636, 7, 19, 0, 5, 3, 2, 1, 4, 52, 1, 3, '13:30:00'),
(1637, 7, 20, 0, 5, 3, 2, 1, 4, 52, 1, 3, '13:30:00'),
(1638, 7, 21, 0, 5, 3, 1, 1, 4, 52, 1, 3, '13:30:00'),
(1639, 7, 22, 0, 5, 3, 2, 1, 4, 52, 1, 3, '13:30:00'),
(1640, 7, 23, 0, 5, 3, 1, 1, 4, 52, 1, 3, '13:30:00'),
(1641, 7, 24, 0, 5, 3, 1, 1, 4, 52, 1, 3, '13:30:00'),
(1642, 7, 25, 0, 5, 3, 1, 1, 4, 52, 1, 3, '13:30:00'),
(1643, 7, 26, 0, 5, 3, 1, 1, 4, 52, 1, 3, '13:30:00'),
(1644, 7, 27, 0, 5, 3, 1, 1, 4, 52, 1, 3, '13:30:00'),
(1645, 7, 28, 0, 5, 3, 1, 1, 4, 52, 1, 3, '13:30:00'),
(1646, 7, 29, 0, 5, 3, 1, 1, 4, 52, 1, 3, '13:30:00'),
(1647, 7, 30, 0, 5, 3, 1, 1, 4, 52, 1, 3, '13:30:00'),
(1648, 7, 31, 0, 5, 3, 1, 1, 4, 52, 1, 3, '13:30:00'),
(1649, 7, 32, 0, 5, 3, 1, 1, 4, 52, 1, 3, '13:30:00'),
(1650, 7, 33, 0, 5, 3, 1, 1, 4, 52, 1, 3, '13:30:00'),
(1651, 7, 34, 0, 5, 3, 1, 1, 4, 52, 1, 3, '13:30:00'),
(1652, 7, 35, 0, 5, 3, 1, 1, 4, 52, 1, 3, '13:30:00'),
(1653, 7, 36, 0, 5, 3, 1, 1, 4, 52, 1, 3, '13:30:00'),
(1654, 7, 37, 0, 5, 3, 1, 1, 4, 52, 1, 3, '13:30:00'),
(1655, 7, 38, 0, 5, 3, 1, 1, 4, 52, 1, 3, '13:30:00'),
(1656, 7, 39, 0, 5, 3, 1, 1, 4, 52, 1, 3, '13:30:00'),
(1657, 7, 40, 0, 5, 3, 1, 1, 4, 52, 1, 3, '13:30:00'),
(1658, 7, 41, 0, 5, 3, 1, 1, 4, 52, 1, 3, '13:30:00'),
(1659, 7, 42, 0, 5, 3, 1, 1, 4, 52, 1, 3, '13:30:00'),
(1660, 7, 43, 0, 5, 3, 1, 1, 4, 52, 1, 3, '13:30:00'),
(1661, 7, 44, 0, 5, 3, 1, 1, 4, 52, 1, 3, '13:30:00'),
(1662, 7, 45, 0, 5, 3, 1, 1, 4, 52, 1, 3, '13:30:00'),
(1663, 7, 46, 0, 5, 3, 1, 1, 4, 52, 1, 3, '13:30:00'),
(1664, 7, 47, 0, 5, 3, 1, 1, 4, 52, 1, 3, '13:30:00'),
(1665, 7, 48, 0, 5, 3, 1, 1, 4, 52, 1, 3, '13:30:00'),
(1666, 7, 49, 0, 5, 3, 1, 1, 4, 52, 1, 3, '13:30:00'),
(1667, 7, 1, 0, 6, 2, 2, 11, 5, 53, 1, 1, '00:00:00'),
(1668, 7, 2, 0, 6, 2, 2, 11, 5, 53, 1, 1, '00:00:00'),
(1669, 7, 3, 0, 6, 2, 2, 11, 5, 53, 1, 1, '00:00:00'),
(1670, 7, 4, 0, 6, 2, 2, 1, 5, 53, 1, 1, '00:00:00'),
(1671, 7, 5, 0, 6, 2, 2, 11, 5, 53, 1, 1, '00:00:00'),
(1672, 7, 6, 0, 6, 2, 2, 1, 5, 53, 1, 1, '00:00:00'),
(1673, 7, 7, 0, 6, 2, 2, 11, 5, 53, 1, 1, '00:00:00'),
(1674, 7, 8, 0, 6, 2, 2, 1, 5, 53, 1, 1, '00:00:00'),
(1675, 7, 9, 0, 6, 2, 2, 11, 5, 53, 1, 1, '00:00:00'),
(1676, 7, 10, 0, 6, 2, 2, 1, 5, 53, 1, 1, '00:00:00'),
(1677, 7, 11, 0, 6, 2, 2, 1, 5, 53, 1, 1, '00:00:00'),
(1678, 7, 12, 0, 6, 2, 2, 1, 5, 53, 1, 1, '00:00:00'),
(1679, 7, 13, 0, 6, 2, 2, 11, 5, 53, 1, 1, '00:00:00'),
(1680, 7, 14, 0, 6, 2, 2, 11, 5, 53, 1, 1, '00:00:00'),
(1681, 7, 15, 0, 6, 2, 1, 1, 5, 53, 1, 1, '00:00:00'),
(1682, 7, 16, 0, 6, 2, 1, 1, 5, 53, 1, 1, '00:00:00'),
(1683, 7, 17, 0, 6, 2, 1, 1, 5, 53, 1, 1, '00:00:00'),
(1684, 7, 18, 0, 6, 2, 2, 1, 5, 53, 1, 1, '00:00:00'),
(1685, 7, 19, 0, 6, 2, 2, 1, 5, 53, 1, 1, '00:00:00'),
(1686, 7, 20, 0, 6, 2, 2, 1, 5, 53, 1, 1, '00:00:00'),
(1687, 7, 21, 0, 6, 2, 1, 1, 5, 53, 1, 1, '00:00:00'),
(1688, 7, 22, 0, 6, 2, 2, 1, 5, 53, 1, 1, '00:00:00'),
(1689, 7, 23, 0, 6, 2, 1, 1, 5, 53, 1, 1, '00:00:00'),
(1690, 7, 24, 0, 6, 2, 1, 1, 5, 53, 1, 1, '00:00:00'),
(1691, 7, 25, 0, 6, 2, 1, 1, 5, 53, 1, 1, '00:00:00'),
(1692, 7, 26, 0, 6, 2, 1, 1, 5, 53, 1, 1, '00:00:00'),
(1693, 7, 27, 0, 6, 2, 1, 1, 5, 53, 1, 1, '00:00:00'),
(1694, 7, 28, 0, 6, 2, 1, 1, 5, 53, 1, 1, '00:00:00'),
(1695, 7, 29, 0, 6, 2, 1, 1, 5, 53, 1, 1, '00:00:00'),
(1696, 7, 30, 0, 6, 2, 1, 1, 5, 53, 1, 1, '00:00:00'),
(1697, 7, 31, 0, 6, 2, 1, 1, 5, 53, 1, 1, '00:00:00'),
(1698, 7, 32, 0, 6, 2, 1, 1, 5, 53, 1, 1, '00:00:00'),
(1699, 7, 33, 0, 6, 2, 1, 1, 5, 53, 1, 1, '00:00:00'),
(1700, 7, 34, 0, 6, 2, 1, 1, 5, 53, 1, 1, '00:00:00'),
(1701, 7, 35, 0, 6, 2, 1, 1, 5, 53, 1, 1, '00:00:00'),
(1702, 7, 36, 0, 6, 2, 1, 1, 5, 53, 1, 1, '00:00:00'),
(1703, 7, 37, 0, 6, 2, 1, 1, 5, 53, 1, 1, '00:00:00'),
(1704, 7, 38, 0, 6, 2, 1, 1, 5, 53, 1, 1, '00:00:00'),
(1705, 7, 39, 0, 6, 2, 1, 1, 5, 53, 1, 1, '00:00:00'),
(1706, 7, 40, 0, 6, 2, 1, 1, 5, 53, 1, 1, '00:00:00'),
(1707, 7, 41, 0, 6, 2, 1, 1, 5, 53, 1, 1, '00:00:00'),
(1708, 7, 42, 0, 6, 2, 1, 1, 5, 53, 1, 1, '00:00:00'),
(1709, 7, 43, 0, 6, 2, 1, 1, 5, 53, 1, 1, '00:00:00'),
(1710, 7, 44, 0, 6, 2, 1, 1, 5, 53, 1, 1, '00:00:00'),
(1711, 7, 45, 0, 6, 2, 1, 1, 5, 53, 1, 1, '00:00:00'),
(1712, 7, 46, 0, 6, 2, 1, 1, 5, 53, 1, 1, '00:00:00'),
(1713, 7, 47, 0, 6, 2, 1, 1, 5, 53, 1, 1, '00:00:00'),
(1714, 7, 48, 0, 6, 2, 1, 1, 5, 53, 1, 1, '00:00:00'),
(1715, 7, 49, 0, 6, 2, 1, 1, 5, 53, 1, 1, '00:00:00');

-- --------------------------------------------------------

--
-- Structure de la table `table_championnat`
--

CREATE TABLE `table_championnat` (
  `id_championnat` int(11) NOT NULL,
  `nom_championnat` varchar(255) NOT NULL,
  `divers_championnat` varchar(255) NOT NULL
) ENGINE=InnoDB DEFAULT CHARSET=utf8;

--
-- Déchargement des données de la table `table_championnat`
--

INSERT INTO `table_championnat` (`id_championnat`, `nom_championnat`, `divers_championnat`) VALUES
(1, 'jeunes', 'championnat jeunes'),
(2, 'séniors', 'championnat séniors');

-- --------------------------------------------------------

--
-- Structure de la table `table_clubs_a`
--

CREATE TABLE `table_clubs_a` (
  `id_club_A` int(11) NOT NULL,
  `nom_club_A` varchar(255) NOT NULL,
  `acronyme_club_A` varchar(11) NOT NULL,
  `horaire` time NOT NULL,
  `mail_club_A` varchar(255) NOT NULL,
  `adresse_club_A` varchar(255) NOT NULL,
  `code_postal_club_A` int(11) NOT NULL,
  `ville_club_A` varchar(255) NOT NULL,
  `tel_club_A` varchar(255) NOT NULL,
  `site_club_A` varchar(255) NOT NULL
) ENGINE=InnoDB DEFAULT CHARSET=utf8;

--
-- Déchargement des données de la table `table_clubs_a`
--

INSERT INTO `table_clubs_a` (`id_club_A`, `nom_club_A`, `acronyme_club_A`, `horaire`, `mail_club_A`, `adresse_club_A`, `code_postal_club_A`, `ville_club_A`, `tel_club_A`, `site_club_A`) VALUES
(1, 'NON DÉFINI', 'NON DÉFINI', '00:00:00', '', '', 0, '', '', ''),
(2, 'EXEMPT', 'EXEMPT', '00:00:00', '', '', 0, '', '', ''),
(3, 'GUIPAVAS', 'GDR', '14:00:00', 'sylvie.delacroix29@gmail.com', 'sportif europe\nrue commandant challe', 29490, 'GUIPAVAS', '06.79.53.89.13', ''),
(4, 'LANDERNEAU', 'LTT', '14:00:00', 'le-helloco.anne-sophie@orange.fr', 'salle de tennis de table\r\nrue st ernel\r\nprès de la piscine - salle cosec\r\n', 29800, 'LANDERNEAU', '06 82 19 70 84', ''),
(5, 'ST-POL DE LEON ', 'ESK ST-POL ', '14:00:00', '', 'salle jean riou\nrue du collège', 29250, 'ST POL DE LEON ', '', ''),
(6, 'TT ABERS', 'TT ABERS', '14:00:00', '', 'streat kichen à landéda ', 29870, 'LANNILIS ', '', ''),
(7, 'PPC KERHUONNAIS ', 'PPC KERHUON', '14:00:00', '', 'salle de tennis de table\n7 rue jean zay\n', 29480, 'LE RELECQ KERHUON ', '', ''),
(8, 'TTC BREST RECOUVRANCE ', 'TTCBR', '14:00:00', '', 'Salle spécifique tennis de tabl\n2 rue Laurent Le Gendre\n', 29200, 'BREST', '', ''),
(9, 'LEGION ST-PIERRE BREST ', 'LSP', '14:00:00', '', 'LEGION ST-PIERRE DE BREST\n3 route des 4 Pompes', 29200, 'BREST', '', ''),
(10, 'TT GOUESNOU ', 'TT GOUESNOU', '14:00:00', '', 'Salle Spécifique\nEspace Charles HUON\nRue du Gymnase', 29850, 'GOUESNOU', '', ''),
(11, 'SAINT-RENAN TT ', 'SAINT-RENAN', '14:00:00', '', 'Complexe Sportif de LOKOURNAN\nPrès du Camping\nRoute de l\'Aber', 29290, 'SAINT RENAN', '', ''),
(12, 'TT LOC MARIA-PLOUZANE ', 'TT LOC MARI', '14:00:00', '', 'Salle Omnisports Keralauraurent\nRoute de Pen Ar Menez\n', 29280, 'LOCMARIA PLOUZANE ', '', ''),
(13, 'ASC GUICLAN TT ', 'ASC GUICLAN', '14:00:00', '', 'Terrain des Sports\nRoute de Guern', 29410, 'GUICLAN ', '', ''),
(14, 'TT LANDIVISIAU ', 'TT LANDIVIS', '14:00:00', '', 'SALLE DE KERVANOUS\nBD DE LA REPUBLIQUE\nPRES DU CENTRE LECLERC\n', 29400, 'LANDIVISIAU', '', ''),
(15, 'TT LOPERHET ', 'TT LOPERHET', '14:00:00', '', 'Salle Omnisports\nALLEE DU TRIMARAN\nCOADIC VIHAN\n', 29470, 'LOPERHET', '', ''),
(16, 'TT LE FOLGOET-LESNEVEN ', 'TT LE FOLGO', '14:00:00', '', 'salle du Trégor\ncomplexe sportif\nroute de brest\n', 29260, 'LE FOLGOET ', '', ''),
(17, 'PC PLABENNEC ', 'PC PLABENNE', '14:00:00', '', 'Salle Spé de Tennis de Table\nComplexe Louis GOASDUF\n', 29860, 'PLABENNEC', '', ''),
(18, 'AL PLOUZANE', '', '14:00:00', '', 'castel nevez\r\nrue du 8 mai 1945', 29280, 'PLOUZANE', '', ''),
(19, 'MORLAIX SAINT MARTIN', '', '14:00:00', '', 'Rue de tunès\r\nancienne école du Binigou', 29600, 'SAINT MARTIN DES CHAMPS', '', ''),
(20, 'CTT PLOUIGNEAU', '', '14:00:00', '', 'Salle Omnisports\r\nComplexe Joseph URIEN', 29610, 'PLOUIGNEAU ', '', ''),
(21, 'PPC CLEDER', '', '14:00:00', '', 'Salle Spécifique\r\n16 rue du Pont Jégu', 29233, 'CLEDER ', '', ''),
(22, 'BODILIS PLOUGAR TT', '', '00:00:00', '', 'Salle Multifonctions\r\nParking de l\'école\r\nRue de l\'école', 29400, 'BODILIS ', '', ''),
(23, 'TTAL HUELGOAT-PLOUYE ', '', '14:00:00', '', 'Gymnase\r\nPlace de la Mairie', 29690, 'HUELGOAT ', '', ''),
(24, 'SAINT DIVY TT', 'SDSTT', '00:00:00', '', '', 29800, 'Saint DIVY', '', 'www.sdstt.com');

-- --------------------------------------------------------

--
-- Structure de la table `table_date`
--

CREATE TABLE `table_date` (
  `id_date` int(11) NOT NULL,
  `nom_date` date NOT NULL,
  `journee_date` int(11) NOT NULL,
  `phase_date` int(11) NOT NULL
) ENGINE=InnoDB DEFAULT CHARSET=utf8;

--
-- Déchargement des données de la table `table_date`
--

INSERT INTO `table_date` (`id_date`, `nom_date`, `journee_date`, `phase_date`) VALUES
(1, '2022-01-22', 1, 1),
(2, '2022-02-05', 2, 1),
(3, '2022-03-05', 3, 1),
(4, '2022-03-12', 4, 1),
(5, '2022-03-26', 5, 1),
(6, '2022-04-09', 6, 1),
(7, '2022-05-07', 7, 1);

-- --------------------------------------------------------

--
-- Structure de la table `table_domext`
--

CREATE TABLE `table_domext` (
  `id_domext` int(11) NOT NULL,
  `nom_domext` varchar(255) NOT NULL,
  `horaire_domext` time NOT NULL,
  `divers_domext` varchar(255) NOT NULL
) ENGINE=InnoDB DEFAULT CHARSET=utf8;

--
-- Déchargement des données de la table `table_domext`
--

INSERT INTO `table_domext` (`id_domext`, `nom_domext`, `horaire_domext`, `divers_domext`) VALUES
(1, 'domicile', '14:00:00', 'à la maison'),
(2, 'l\'extérieur', '14:00:00', 'pas à la maison');

-- --------------------------------------------------------

--
-- Structure de la table `table_equipes`
--

CREATE TABLE `table_equipes` (
  `id_equipe` int(11) NOT NULL,
  `nom_equipe` varchar(255) NOT NULL,
  `divers_equipe` varchar(255) NOT NULL
) ENGINE=InnoDB DEFAULT CHARSET=utf8;

--
-- Déchargement des données de la table `table_equipes`
--

INSERT INTO `table_equipes` (`id_equipe`, `nom_equipe`, `divers_equipe`) VALUES
(1, 'équipe 1', ''),
(2, 'équipe 2', ''),
(3, 'équipe 3', ''),
(4, 'équipe 4', ''),
(5, 'équipe 5', '');

-- --------------------------------------------------------

--
-- Structure de la table `table_etats_joueurs_final`
--

CREATE TABLE `table_etats_joueurs_final` (
  `id_etat_joueur` int(11) NOT NULL,
  `nom_etat_joueur` varchar(255) NOT NULL,
  `disponibilite_etat_joueur` tinyint(1) NOT NULL DEFAULT 0,
  `divers_etat_joueur` varchar(255) NOT NULL
) ENGINE=InnoDB DEFAULT CHARSET=utf8;

--
-- Déchargement des données de la table `table_etats_joueurs_final`
--

INSERT INTO `table_etats_joueurs_final` (`id_etat_joueur`, `nom_etat_joueur`, `disponibilite_etat_joueur`, `divers_etat_joueur`) VALUES
(1, 'non défini', 0, 'non défini'),
(3, 'absent justifié', 0, 'absence valable'),
(4, 'absent non justifié', 0, 'pas de motif valable'),
(10, 'joue', 0, 'le joueur a joué'),
(11, 'remplaçant', 0, 'remplaçant');

-- --------------------------------------------------------

--
-- Structure de la table `table_etats_joueurs_init`
--

CREATE TABLE `table_etats_joueurs_init` (
  `id_etat_joueur` int(11) NOT NULL,
  `nom_etat_joueur` varchar(255) NOT NULL,
  `disponibilite_etat_joueur` tinyint(1) NOT NULL DEFAULT 0,
  `divers_etat_joueur` varchar(255) NOT NULL
) ENGINE=InnoDB DEFAULT CHARSET=utf8;

--
-- Déchargement des données de la table `table_etats_joueurs_init`
--

INSERT INTO `table_etats_joueurs_init` (`id_etat_joueur`, `nom_etat_joueur`, `disponibilite_etat_joueur`, `divers_etat_joueur`) VALUES
(1, 'non défini', 0, 'non défini'),
(2, 'présent', 1, 'le joueur est présent'),
(3, 'absent ', 0, 'le joueur est absent'),
(4, 'oui, si besoin', 0, 'oui, si besoin');

-- --------------------------------------------------------

--
-- Structure de la table `table_joueurs`
--

CREATE TABLE `table_joueurs` (
  `id_joueur` int(11) NOT NULL,
  `nom_joueur` varchar(255) NOT NULL,
  `prenom_joueur` varchar(255) NOT NULL,
  `classement` int(11) NOT NULL,
  `mail_1_joueur` varchar(255) NOT NULL,
  `mail_2_joueur` varchar(255) NOT NULL,
  `tel_1_joueur` varchar(255) NOT NULL,
  `tel_2_joueur` varchar(255) NOT NULL,
  `divers_joueur` varchar(255) NOT NULL
) ENGINE=InnoDB DEFAULT CHARSET=utf8;

--
-- Déchargement des données de la table `table_joueurs`
--

INSERT INTO `table_joueurs` (`id_joueur`, `nom_joueur`, `prenom_joueur`, `classement`, `mail_1_joueur`, `mail_2_joueur`, `tel_1_joueur`, `tel_2_joueur`, `divers_joueur`) VALUES
(1, 'CADALEN', 'Sacha', 616, 'julien.cadalen@free.fr', '', '--', '0661857136', ''),
(2, 'CONQ', 'Enzo', 605, 'regsab@laposte.net', '', '--', '--', ''),
(3, 'DEPAUW', 'Maxence', 517, 'clairette.d@neuf.fr', '', '0699129379', '', ''),
(4, 'FABREGUES', 'Charly', 520, 'david.fabregues12@orange.fr', '', '--', '--', ''),
(5, 'FAUJOUR', 'Ewan', 559, 'lamourodile@gmail.com', '', '0298203855', '--', ''),
(6, 'GAC', 'Mathis', 519, 'martial.gac@wanadoo.fr', '', '0674810935', '', ''),
(7, 'GOUEZ', 'Arno', 630, 'isa.treb@orange.fr', '', '--', '0617070209', ''),
(8, 'HALLEGOUET', 'Ines', 655, 'pascalhallegouet@gmail.com', '', '0298853674', '--', ''),
(9, 'LE ROY', 'Alexandre', 617, 'patrickkleroy@gmail.com', '', '--', '--', ''),
(10, 'LE ROY', 'Florian', 547, 'patrickkleroy@gmail.com', '', '--', '--', ''),
(11, 'MOAL LAGADEC', 'Victorien', 589, 'jr.moal@free.fr', '', '--', '--', ''),
(12, 'MOALIC', 'Ethan', 500, 'marina200582@aol.com', 'davhugo@aol.com', '--', '0663553892', ''),
(13, 'SCHAFF', 'Axel', 611, 'nicolassc@free.fr', '', '--', '0637911228', ''),
(14, 'VIENNOT', 'Audrey', 722, 'nicolas.viennot.sdstt@gmail.com', 'myriam2931@yahoo.fr', '--', '0687179129', ''),
(15, 'WEST', 'Dylan', 532, 'van29@orange.fr', '', '0662594002', '', ''),
(16, 'LEAL-BROCARD', 'Gwénolé', 753, 'lesivy@gmail.com', '', '0688458301', '', ''),
(17, 'LAUTRAM', 'Adèle', 500, 'patrick.lautram@sfr.fr', '', '0619013479', '', ''),
(18, 'GEYER', 'Enaël', 500, 'marieanne.balcon@hotmail.fr', '', '0603869779', '', ''),
(19, 'KERNEIS', 'Clémentine', 500, 'thomas.kerneis@gmail.com', '', '0662822165', '', ''),
(20, 'GOASDUFF', 'Olivia', 500, 'eric.Goasduff29@wanadoo.fr', '', '0666562532', '', ''),
(21, 'MONFORT', 'Lucas', 500, 'aline.monfort27@gmail.com', '', '', '', ''),
(22, 'VIENNOT', 'Paul', 748, 'nicolas.viennot.sdstt@gmail.com', 'myriam2931@yahoo.fr', '', '', ''),
(23, 'JESTIN', 'Amandine', 500, 'favaemlu.jestin@orange.fr', '', '', '', '');

-- --------------------------------------------------------

--
-- Structure de la table `table_joueur_etat_provisoire`
--

CREATE TABLE `table_joueur_etat_provisoire` (
  `id` int(11) NOT NULL,
  `id_date` int(11) NOT NULL,
  `id_etat_initial` int(11) NOT NULL,
  `id_etat_final` int(11) NOT NULL
) ENGINE=InnoDB DEFAULT CHARSET=utf8;

--
-- Déchargement des données de la table `table_joueur_etat_provisoire`
--

INSERT INTO `table_joueur_etat_provisoire` (`id`, `id_date`, `id_etat_initial`, `id_etat_final`) VALUES
(1, 1, 2, 1),
(2, 2, 2, 1),
(3, 3, 2, 1),
(4, 4, 2, 1),
(5, 5, 2, 1),
(6, 6, 2, 1),
(7, 7, 2, 1);

-- --------------------------------------------------------

--
-- Structure de la table `table_niveaux`
--

CREATE TABLE `table_niveaux` (
  `id_niveau` int(11) NOT NULL,
  `nom_niveau` varchar(255) NOT NULL,
  `divers_niveau` varchar(255) NOT NULL
) ENGINE=InnoDB DEFAULT CHARSET=utf8;

--
-- Déchargement des données de la table `table_niveaux`
--

INSERT INTO `table_niveaux` (`id_niveau`, `nom_niveau`, `divers_niveau`) VALUES
(1, 'non défini', 'non défini'),
(2, 'D1', 'départementale 1'),
(3, 'D2', 'départementale 2'),
(4, 'D3', 'départementale 3'),
(5, 'D4', 'départementale 4'),
(6, 'plateau ben/poussin', 'plateau benjamins/poussins');

-- --------------------------------------------------------

--
-- Structure de la table `table_poule`
--

CREATE TABLE `table_poule` (
  `id_poule` int(11) NOT NULL,
  `nom_poule` varchar(255) NOT NULL,
  `divers_poule` varchar(255) NOT NULL
) ENGINE=InnoDB DEFAULT CHARSET=utf8;

--
-- Déchargement des données de la table `table_poule`
--

INSERT INTO `table_poule` (`id_poule`, `nom_poule`, `divers_poule`) VALUES
(1, 'non défini', 'non défini'),
(2, 'A', 'poule A'),
(3, 'B', 'poule B'),
(4, 'C', 'poule C'),
(5, 'D', 'poule D'),
(6, 'E', 'poule E'),
(7, 'F', 'poule F'),
(8, 'G', 'poule G'),
(9, 'H', 'poule H');

-- --------------------------------------------------------

--
-- Structure de la table `table_rendez_vous`
--

CREATE TABLE `table_rendez_vous` (
  `id_rendez_vous` int(11) NOT NULL,
  `lieu_rendez_vous` varchar(255) NOT NULL,
  `divers_rendez_vous` varchar(255) NOT NULL
) ENGINE=InnoDB DEFAULT CHARSET=utf8;

--
-- Déchargement des données de la table `table_rendez_vous`
--

INSERT INTO `table_rendez_vous` (`id_rendez_vous`, `lieu_rendez_vous`, `divers_rendez_vous`) VALUES
(1, 'non défini', 'non défini'),
(2, ' sur place', 'extérieur'),
(3, 'rendez vous à la salle', ' à la salle');

--
-- Index pour les tables déchargées
--

--
-- Index pour la table `table_adversaire`
--
ALTER TABLE `table_adversaire`
  ADD PRIMARY KEY (`id_adversaire`);

--
-- Index pour la table `table_centrale`
--
ALTER TABLE `table_centrale`
  ADD PRIMARY KEY (`id_table`);

--
-- Index pour la table `table_championnat`
--
ALTER TABLE `table_championnat`
  ADD PRIMARY KEY (`id_championnat`);

--
-- Index pour la table `table_clubs_a`
--
ALTER TABLE `table_clubs_a`
  ADD PRIMARY KEY (`id_club_A`);

--
-- Index pour la table `table_date`
--
ALTER TABLE `table_date`
  ADD PRIMARY KEY (`id_date`);

--
-- Index pour la table `table_domext`
--
ALTER TABLE `table_domext`
  ADD PRIMARY KEY (`id_domext`);

--
-- Index pour la table `table_equipes`
--
ALTER TABLE `table_equipes`
  ADD PRIMARY KEY (`id_equipe`);

--
-- Index pour la table `table_etats_joueurs_final`
--
ALTER TABLE `table_etats_joueurs_final`
  ADD PRIMARY KEY (`id_etat_joueur`);

--
-- Index pour la table `table_etats_joueurs_init`
--
ALTER TABLE `table_etats_joueurs_init`
  ADD PRIMARY KEY (`id_etat_joueur`);

--
-- Index pour la table `table_joueurs`
--
ALTER TABLE `table_joueurs`
  ADD PRIMARY KEY (`id_joueur`);

--
-- Index pour la table `table_joueur_etat_provisoire`
--
ALTER TABLE `table_joueur_etat_provisoire`
  ADD PRIMARY KEY (`id`);

--
-- Index pour la table `table_niveaux`
--
ALTER TABLE `table_niveaux`
  ADD PRIMARY KEY (`id_niveau`);

--
-- Index pour la table `table_poule`
--
ALTER TABLE `table_poule`
  ADD PRIMARY KEY (`id_poule`);

--
-- Index pour la table `table_rendez_vous`
--
ALTER TABLE `table_rendez_vous`
  ADD PRIMARY KEY (`id_rendez_vous`);

--
-- AUTO_INCREMENT pour les tables déchargées
--

--
-- AUTO_INCREMENT pour la table `table_adversaire`
--
ALTER TABLE `table_adversaire`
  MODIFY `id_adversaire` int(11) NOT NULL AUTO_INCREMENT, AUTO_INCREMENT=912;

--
-- AUTO_INCREMENT pour la table `table_centrale`
--
ALTER TABLE `table_centrale`
  MODIFY `id_table` int(11) NOT NULL AUTO_INCREMENT, AUTO_INCREMENT=1716;

--
-- AUTO_INCREMENT pour la table `table_championnat`
--
ALTER TABLE `table_championnat`
  MODIFY `id_championnat` int(11) NOT NULL AUTO_INCREMENT, AUTO_INCREMENT=3;

--
-- AUTO_INCREMENT pour la table `table_clubs_a`
--
ALTER TABLE `table_clubs_a`
  MODIFY `id_club_A` int(11) NOT NULL AUTO_INCREMENT, AUTO_INCREMENT=25;

--
-- AUTO_INCREMENT pour la table `table_date`
--
ALTER TABLE `table_date`
  MODIFY `id_date` int(11) NOT NULL AUTO_INCREMENT, AUTO_INCREMENT=8;

--
-- AUTO_INCREMENT pour la table `table_domext`
--
ALTER TABLE `table_domext`
  MODIFY `id_domext` int(11) NOT NULL AUTO_INCREMENT, AUTO_INCREMENT=3;

--
-- AUTO_INCREMENT pour la table `table_equipes`
--
ALTER TABLE `table_equipes`
  MODIFY `id_equipe` int(11) NOT NULL AUTO_INCREMENT, AUTO_INCREMENT=6;

--
-- AUTO_INCREMENT pour la table `table_etats_joueurs_final`
--
ALTER TABLE `table_etats_joueurs_final`
  MODIFY `id_etat_joueur` int(11) NOT NULL AUTO_INCREMENT, AUTO_INCREMENT=12;

--
-- AUTO_INCREMENT pour la table `table_etats_joueurs_init`
--
ALTER TABLE `table_etats_joueurs_init`
  MODIFY `id_etat_joueur` int(11) NOT NULL AUTO_INCREMENT, AUTO_INCREMENT=5;

--
-- AUTO_INCREMENT pour la table `table_joueurs`
--
ALTER TABLE `table_joueurs`
  MODIFY `id_joueur` int(11) NOT NULL AUTO_INCREMENT, AUTO_INCREMENT=24;

--
-- AUTO_INCREMENT pour la table `table_joueur_etat_provisoire`
--
ALTER TABLE `table_joueur_etat_provisoire`
  MODIFY `id` int(11) NOT NULL AUTO_INCREMENT, AUTO_INCREMENT=8;

--
-- AUTO_INCREMENT pour la table `table_niveaux`
--
ALTER TABLE `table_niveaux`
  MODIFY `id_niveau` int(11) NOT NULL AUTO_INCREMENT, AUTO_INCREMENT=7;

--
-- AUTO_INCREMENT pour la table `table_poule`
--
ALTER TABLE `table_poule`
  MODIFY `id_poule` int(11) NOT NULL AUTO_INCREMENT, AUTO_INCREMENT=10;

--
-- AUTO_INCREMENT pour la table `table_rendez_vous`
--
ALTER TABLE `table_rendez_vous`
  MODIFY `id_rendez_vous` int(11) NOT NULL AUTO_INCREMENT, AUTO_INCREMENT=4;
COMMIT;

/*!40101 SET CHARACTER_SET_CLIENT=@OLD_CHARACTER_SET_CLIENT */;
/*!40101 SET CHARACTER_SET_RESULTS=@OLD_CHARACTER_SET_RESULTS */;
/*!40101 SET COLLATION_CONNECTION=@OLD_COLLATION_CONNECTION */;
