-- phpMyAdmin SQL Dump
-- version 5.2.0
-- https://www.phpmyadmin.net/
--
-- Hôte : localhost
-- Généré le : dim. 10 juil. 2022 à 23:10
-- Version du serveur : 10.5.15-MariaDB-0+deb11u1
-- Version de PHP : 7.4.28

SET SQL_MODE = "NO_AUTO_VALUE_ON_ZERO";
START TRANSACTION;
SET time_zone = "+00:00";


/*!40101 SET @OLD_CHARACTER_SET_CLIENT=@@CHARACTER_SET_CLIENT */;
/*!40101 SET @OLD_CHARACTER_SET_RESULTS=@@CHARACTER_SET_RESULTS */;
/*!40101 SET @OLD_COLLATION_CONNECTION=@@COLLATION_CONNECTION */;
/*!40101 SET NAMES utf8mb4 */;

--
-- Base de données : `sdsttcom_gesteq`
--

-- --------------------------------------------------------

--
-- Structure de la table `feuille 1`
--

CREATE TABLE `feuille 1` (
  `A` varchar(10) DEFAULT NULL,
  `B` varchar(15) DEFAULT NULL,
  `C` varchar(9) DEFAULT NULL,
  `D` int(3) DEFAULT NULL,
  `E` varchar(10) DEFAULT NULL,
  `F` varchar(10) DEFAULT NULL,
  `G` varchar(10) DEFAULT NULL,
  `H` varchar(10) DEFAULT NULL,
  `I` varchar(10) DEFAULT NULL,
  `J` varchar(10) DEFAULT NULL
) ENGINE=InnoDB DEFAULT CHARSET=utf8;

--
-- Déchargement des données de la table `feuille 1`
--

INSERT INTO `feuille 1` (`A`, `B`, `C`, `D`, `E`, `F`, `G`, `H`, `I`, `J`) VALUES
(NULL, 'CADALEN', 'SACHA', 500, NULL, NULL, NULL, NULL, NULL, NULL),
(NULL, 'CONQ', 'ENZO', 500, NULL, NULL, NULL, NULL, NULL, NULL),
(NULL, 'CRENN', 'ADRIEN', 532, NULL, NULL, NULL, NULL, NULL, NULL),
(NULL, 'DEPAUW', 'Maxence', 500, NULL, NULL, NULL, NULL, NULL, NULL),
(NULL, 'DIREUR', 'EWEN', 734, NULL, NULL, NULL, NULL, NULL, NULL),
(NULL, 'FABREGUES', 'CHARLY', 500, NULL, NULL, NULL, NULL, NULL, NULL),
(NULL, 'FAUJOUR', 'EWAN', 524, NULL, NULL, NULL, NULL, NULL, NULL),
(NULL, 'FERNANDEZ', 'Lucas', 500, NULL, NULL, NULL, NULL, NULL, NULL),
(NULL, 'FERNANDEZ', 'Romain', 500, NULL, NULL, NULL, NULL, NULL, NULL),
(NULL, 'GREFFARD', 'Leslie', 500, NULL, NULL, NULL, NULL, NULL, NULL),
(NULL, 'HALLEGOUET', 'INES', 603, NULL, NULL, NULL, NULL, NULL, NULL),
(NULL, 'HALLEGOUET', 'AXEL', 500, NULL, NULL, NULL, NULL, NULL, NULL),
(NULL, 'HALLEGOUET', 'Lohan', 500, NULL, NULL, NULL, NULL, NULL, NULL),
(NULL, 'KEROMNES', 'CELIAN', 501, NULL, NULL, NULL, NULL, NULL, NULL),
(NULL, 'LE ROY', 'ALEXANDRE', 500, NULL, NULL, NULL, NULL, NULL, NULL),
(NULL, 'LE ROY', 'Florian', 500, NULL, NULL, NULL, NULL, NULL, NULL),
(NULL, 'LEAL BROCARD', 'GWENOLE', 630, NULL, NULL, NULL, NULL, NULL, NULL),
(NULL, 'LUCAS', 'CLEMENT', 744, NULL, NULL, NULL, NULL, NULL, NULL),
(NULL, 'MARADHOUR', 'Néouss', 500, NULL, NULL, NULL, NULL, NULL, NULL),
(NULL, 'MOAL LAGADEC', 'VICTORIEN', 500, NULL, NULL, NULL, NULL, NULL, NULL),
(NULL, 'PELLEAU', 'NOA', 710, NULL, NULL, NULL, NULL, NULL, NULL),
(NULL, 'PERREAU', 'LEMMY', 500, NULL, NULL, NULL, NULL, NULL, NULL),
(NULL, 'PERROT', 'Juliette', 500, NULL, NULL, NULL, NULL, NULL, NULL),
(NULL, 'PHILIPPOT', 'DAMIEN', 500, NULL, NULL, NULL, NULL, NULL, NULL),
(NULL, 'QUERE', 'TESS', 500, NULL, NULL, NULL, NULL, NULL, NULL),
(NULL, 'RAGUENES', 'MAYLINE', 500, NULL, NULL, NULL, NULL, NULL, NULL),
(NULL, 'RENAUD', 'NOAM', 500, NULL, NULL, NULL, NULL, NULL, NULL),
(NULL, 'ROBITZER', 'Josué', 500, NULL, NULL, NULL, NULL, NULL, NULL),
(NULL, 'ROIGNANT-MORVAN', 'EWEN', 500, NULL, NULL, NULL, NULL, NULL, NULL),
(NULL, 'SIMON', 'SHYREL', 500, NULL, NULL, NULL, NULL, NULL, NULL),
(NULL, 'STEPHAN', 'JADE', 500, NULL, NULL, NULL, NULL, NULL, NULL),
(NULL, 'VALLIER', 'ELODIE', 639, NULL, NULL, NULL, NULL, NULL, NULL),
(NULL, 'VIENNOT', 'AUDREY', 636, NULL, NULL, NULL, NULL, NULL, NULL),
(NULL, 'VIENNOT', 'PAUL', 617, NULL, NULL, NULL, NULL, NULL, NULL);

-- --------------------------------------------------------

--
-- Structure de la table `table_adversaire`
--

CREATE TABLE `table_adversaire` (
  `id_adversaire` int(11) NOT NULL,
  `id_adversaire_club_a` int(11) NOT NULL,
  `num_equipe` int(11) NOT NULL,
  `id_domext` int(11) NOT NULL,
  `divers_adversaire` varchar(255) NOT NULL
) ENGINE=InnoDB DEFAULT CHARSET=utf8;

--
-- Déchargement des données de la table `table_adversaire`
--

INSERT INTO `table_adversaire` (`id_adversaire`, `id_adversaire_club_a`, `num_equipe`, `id_domext`, `divers_adversaire`) VALUES
(1, 3, 1, 1, ''),
(2, 2, 1, 1, ''),
(3, 3, 2, 1, ''),
(4, 11, 1, 1, ''),
(5, 18, 1, 2, ''),
(6, 17, 3, 2, ''),
(7, 19, 2, 2, ''),
(8, 2, 1, 1, ''),
(9, 7, 2, 2, ''),
(10, 15, 1, 2, ''),
(11, 2, 1, 1, ''),
(12, 15, 3, 2, ''),
(13, 2, 1, 1, ''),
(14, 2, 1, 1, ''),
(15, 5, 2, 1, ''),
(16, 4, 8, 1, ''),
(17, 2, 1, 1, ''),
(18, 4, 3, 1, ''),
(19, 4, 4, 1, ''),
(20, 9, 6, 1, ''),
(21, 9, 3, 2, ''),
(22, 20, 2, 2, ''),
(23, 20, 3, 2, ''),
(24, 13, 5, 2, ''),
(25, 8, 1, 2, ''),
(26, 8, 2, 2, ''),
(27, 13, 1, 2, ''),
(28, 2, 1, 1, ''),
(29, 2, 1, 1, ''),
(30, 21, 1, 1, ''),
(31, 23, 1, 1, ''),
(32, 13, 4, 1, ''),
(33, 7, 1, 1, ''),
(34, 2, 1, 1, ''),
(35, 17, 1, 1, ''),
(36, 17, 2, 1, ''),
(37, 6, 1, 2, ''),
(38, 22, 2, 2, ''),
(39, 14, 2, 2, ''),
(40, 4, 8, 2, ''),
(41, 4, 2, 1, ''),
(42, 12, 1, 1, ''),
(43, 14, 1, 1, ''),
(44, 2, 1, 1, ''),
(45, 9, 5, 2, ''),
(46, 4, 7, 2, ''),
(47, 2, 1, 1, ''),
(48, 13, 5, 1, ''),
(49, 4, 1, 2, ''),
(50, 9, 1, 2, ''),
(51, 10, 1, 2, ''),
(52, 9, 4, 2, ''),
(53, 8, 4, 1, ''),
(54, 13, 2, 1, ''),
(55, 13, 3, 1, ''),
(56, 13, 4, 2, ''),
(57, 1, 1, 1, ''),
(58, 1, 1, 1, ''),
(59, 1, 1, 1, ''),
(60, 1, 1, 1, ''),
(61, 1, 1, 1, ''),
(62, 1, 1, 1, ''),
(63, 1, 1, 1, ''),
(64, 1, 1, 1, ''),
(65, 1, 1, 1, ''),
(66, 1, 1, 1, ''),
(67, 1, 1, 1, ''),
(68, 1, 1, 1, ''),
(69, 1, 1, 1, ''),
(70, 1, 1, 1, ''),
(71, 1, 1, 1, ''),
(72, 1, 1, 1, ''),
(73, 1, 1, 1, ''),
(74, 1, 1, 1, ''),
(75, 1, 1, 1, ''),
(76, 1, 1, 1, ''),
(77, 1, 1, 1, ''),
(78, 1, 1, 1, ''),
(79, 1, 1, 1, ''),
(80, 1, 1, 1, ''),
(81, 1, 1, 1, ''),
(82, 1, 1, 1, ''),
(83, 1, 1, 1, ''),
(84, 1, 1, 1, ''),
(85, 1, 1, 1, ''),
(86, 1, 1, 1, ''),
(87, 1, 1, 1, ''),
(88, 1, 1, 1, ''),
(89, 1, 1, 1, ''),
(90, 1, 1, 1, ''),
(91, 1, 1, 1, ''),
(92, 1, 1, 1, ''),
(93, 1, 1, 1, ''),
(94, 1, 1, 1, ''),
(95, 1, 1, 1, ''),
(96, 1, 1, 1, ''),
(97, 1, 1, 1, ''),
(98, 1, 1, 1, ''),
(99, 1, 1, 1, ''),
(100, 1, 1, 1, ''),
(101, 1, 1, 1, ''),
(102, 1, 1, 1, ''),
(103, 1, 1, 1, ''),
(104, 1, 1, 1, ''),
(105, 1, 1, 1, ''),
(106, 1, 1, 1, ''),
(107, 1, 1, 1, ''),
(108, 1, 1, 1, ''),
(109, 1, 1, 1, ''),
(110, 1, 1, 1, ''),
(111, 1, 1, 1, ''),
(112, 1, 1, 1, ''),
(113, 1, 1, 1, ''),
(114, 1, 1, 1, ''),
(115, 1, 1, 1, ''),
(116, 1, 1, 1, ''),
(117, 1, 1, 1, ''),
(118, 1, 1, 1, ''),
(119, 1, 1, 1, ''),
(120, 1, 1, 1, ''),
(121, 1, 1, 1, ''),
(122, 1, 1, 1, ''),
(123, 1, 1, 1, ''),
(124, 1, 1, 1, ''),
(125, 1, 1, 1, ''),
(126, 1, 1, 1, ''),
(127, 1, 1, 1, ''),
(128, 1, 1, 1, ''),
(129, 1, 1, 1, ''),
(130, 1, 1, 1, ''),
(131, 1, 1, 1, ''),
(132, 1, 1, 1, ''),
(133, 1, 1, 1, ''),
(134, 1, 1, 1, ''),
(135, 1, 1, 1, ''),
(136, 1, 1, 1, ''),
(137, 1, 1, 1, ''),
(138, 1, 1, 1, ''),
(139, 1, 1, 1, ''),
(140, 1, 1, 1, ''),
(141, 1, 1, 1, ''),
(142, 1, 1, 1, ''),
(143, 1, 1, 1, ''),
(144, 1, 1, 1, ''),
(145, 1, 1, 1, ''),
(146, 1, 1, 1, ''),
(147, 1, 1, 1, ''),
(148, 1, 1, 1, ''),
(149, 1, 1, 1, ''),
(150, 1, 1, 1, ''),
(151, 1, 1, 1, ''),
(152, 1, 1, 1, ''),
(153, 1, 1, 1, ''),
(154, 1, 1, 1, ''),
(155, 1, 1, 1, ''),
(156, 1, 1, 1, ''),
(157, 1, 1, 1, ''),
(158, 1, 1, 1, ''),
(159, 1, 1, 1, ''),
(160, 1, 1, 1, ''),
(161, 1, 1, 1, ''),
(162, 1, 1, 1, ''),
(163, 1, 1, 1, ''),
(164, 1, 1, 1, ''),
(165, 1, 1, 1, ''),
(166, 1, 1, 1, ''),
(167, 1, 1, 1, ''),
(168, 1, 1, 1, ''),
(169, 1, 1, 1, ''),
(170, 1, 1, 1, ''),
(171, 1, 1, 1, ''),
(172, 1, 1, 1, ''),
(173, 1, 1, 1, ''),
(174, 1, 1, 1, ''),
(175, 1, 1, 1, ''),
(176, 1, 1, 1, ''),
(177, 1, 1, 1, ''),
(178, 1, 1, 1, ''),
(179, 1, 1, 1, ''),
(180, 1, 1, 1, ''),
(181, 1, 1, 1, ''),
(182, 1, 1, 1, ''),
(183, 1, 1, 1, ''),
(184, 1, 1, 1, ''),
(185, 1, 1, 1, ''),
(186, 1, 1, 1, ''),
(187, 1, 1, 1, ''),
(188, 1, 1, 1, ''),
(189, 1, 1, 1, ''),
(190, 1, 1, 1, ''),
(191, 1, 1, 1, ''),
(192, 1, 1, 1, ''),
(193, 1, 1, 1, ''),
(194, 1, 1, 1, ''),
(195, 1, 1, 1, ''),
(196, 1, 1, 1, ''),
(197, 1, 1, 1, ''),
(198, 1, 1, 1, ''),
(199, 1, 1, 1, ''),
(200, 1, 1, 1, ''),
(201, 1, 1, 1, ''),
(202, 1, 1, 1, ''),
(203, 1, 1, 1, ''),
(204, 1, 1, 1, ''),
(205, 1, 1, 1, ''),
(206, 1, 1, 1, ''),
(207, 1, 1, 1, ''),
(208, 1, 1, 1, ''),
(209, 1, 1, 1, ''),
(210, 1, 1, 1, ''),
(211, 1, 1, 1, ''),
(212, 1, 1, 1, ''),
(213, 1, 1, 1, ''),
(214, 1, 1, 1, ''),
(215, 1, 1, 1, ''),
(216, 1, 1, 1, ''),
(217, 1, 1, 1, ''),
(218, 1, 1, 1, ''),
(219, 1, 1, 1, ''),
(220, 1, 1, 1, ''),
(221, 1, 1, 1, ''),
(222, 1, 1, 1, ''),
(223, 1, 1, 1, ''),
(224, 1, 1, 1, ''),
(225, 1, 1, 1, ''),
(226, 1, 1, 1, ''),
(227, 1, 1, 1, ''),
(228, 1, 1, 1, ''),
(229, 1, 1, 1, ''),
(230, 1, 1, 1, ''),
(231, 1, 1, 1, ''),
(232, 1, 1, 1, ''),
(233, 1, 1, 1, ''),
(234, 1, 1, 1, ''),
(235, 1, 1, 1, ''),
(236, 1, 1, 1, ''),
(237, 1, 1, 1, ''),
(238, 1, 1, 1, ''),
(239, 1, 1, 1, ''),
(240, 1, 1, 1, ''),
(241, 1, 1, 1, ''),
(242, 1, 1, 1, ''),
(243, 1, 1, 1, ''),
(244, 1, 1, 1, ''),
(245, 1, 1, 1, ''),
(246, 1, 1, 1, ''),
(247, 1, 1, 1, ''),
(248, 1, 1, 1, ''),
(249, 1, 1, 1, ''),
(250, 1, 1, 1, ''),
(251, 1, 1, 1, ''),
(252, 1, 1, 1, ''),
(253, 1, 1, 1, ''),
(254, 1, 1, 1, ''),
(255, 1, 1, 1, ''),
(256, 1, 1, 1, ''),
(257, 1, 1, 1, ''),
(258, 1, 1, 1, ''),
(259, 1, 1, 1, ''),
(260, 1, 1, 1, ''),
(261, 1, 1, 1, ''),
(262, 1, 1, 1, ''),
(263, 1, 1, 1, ''),
(264, 1, 1, 1, ''),
(265, 1, 1, 1, ''),
(266, 1, 1, 1, ''),
(267, 1, 1, 1, ''),
(268, 1, 1, 1, ''),
(269, 1, 1, 1, ''),
(270, 1, 1, 1, ''),
(271, 1, 1, 1, ''),
(272, 1, 1, 1, ''),
(273, 1, 1, 1, ''),
(274, 1, 1, 1, ''),
(275, 1, 1, 1, ''),
(276, 1, 1, 1, ''),
(277, 1, 1, 1, ''),
(278, 1, 1, 1, ''),
(279, 1, 1, 1, ''),
(280, 1, 1, 1, ''),
(281, 1, 1, 1, ''),
(282, 1, 1, 1, ''),
(283, 1, 1, 1, ''),
(284, 1, 1, 1, ''),
(285, 1, 1, 1, ''),
(286, 1, 1, 1, ''),
(287, 1, 1, 1, ''),
(288, 1, 1, 1, ''),
(289, 1, 1, 1, ''),
(290, 1, 1, 1, ''),
(291, 1, 1, 1, ''),
(292, 1, 1, 1, ''),
(293, 1, 1, 1, ''),
(294, 1, 1, 1, ''),
(295, 1, 1, 1, ''),
(296, 1, 1, 1, ''),
(297, 1, 1, 1, ''),
(298, 1, 1, 1, ''),
(299, 1, 1, 1, ''),
(300, 1, 1, 1, ''),
(301, 1, 1, 1, ''),
(302, 1, 1, 1, ''),
(303, 1, 1, 1, ''),
(304, 1, 1, 1, ''),
(305, 1, 1, 1, ''),
(306, 1, 1, 1, ''),
(307, 1, 1, 1, ''),
(308, 1, 1, 1, ''),
(309, 1, 1, 1, ''),
(310, 1, 1, 1, ''),
(311, 1, 1, 1, ''),
(312, 1, 1, 1, ''),
(313, 1, 1, 1, ''),
(314, 1, 1, 1, ''),
(315, 1, 1, 1, ''),
(316, 1, 1, 1, ''),
(317, 1, 1, 1, ''),
(318, 1, 1, 1, ''),
(319, 1, 1, 1, ''),
(320, 1, 1, 1, ''),
(321, 1, 1, 1, ''),
(322, 1, 1, 1, ''),
(323, 1, 1, 1, ''),
(324, 1, 1, 1, ''),
(325, 1, 1, 1, ''),
(326, 1, 1, 1, ''),
(327, 1, 1, 1, ''),
(328, 1, 1, 1, ''),
(329, 1, 1, 1, ''),
(330, 1, 1, 1, ''),
(331, 1, 1, 1, ''),
(332, 1, 1, 1, ''),
(333, 1, 1, 1, ''),
(334, 1, 1, 1, ''),
(335, 1, 1, 1, ''),
(336, 1, 1, 1, ''),
(337, 1, 1, 1, ''),
(338, 2, 1, 1, ''),
(339, 3, 1, 1, ''),
(340, 4, 1, 1, ''),
(341, 5, 1, 1, ''),
(342, 6, 1, 1, ''),
(343, 7, 1, 1, ''),
(344, 8, 1, 1, ''),
(345, 9, 1, 1, ''),
(346, 10, 1, 1, ''),
(347, 11, 1, 1, ''),
(348, 12, 1, 1, ''),
(349, 13, 1, 1, ''),
(350, 14, 1, 1, ''),
(351, 15, 1, 1, ''),
(352, 16, 1, 1, ''),
(353, 17, 1, 1, ''),
(354, 18, 1, 1, ''),
(355, 19, 1, 1, ''),
(356, 20, 1, 1, ''),
(357, 21, 1, 1, ''),
(358, 22, 1, 1, ''),
(359, 23, 1, 1, ''),
(360, 24, 1, 1, ''),
(361, 25, 1, 1, ''),
(362, 26, 1, 1, ''),
(363, 27, 1, 1, ''),
(364, 28, 1, 1, ''),
(365, 29, 1, 1, ''),
(366, 30, 1, 1, ''),
(367, 31, 1, 1, ''),
(368, 32, 1, 1, ''),
(369, 33, 1, 1, ''),
(370, 34, 1, 1, ''),
(371, 1, 1, 1, ''),
(372, 35, 1, 1, ''),
(373, 2, 1, 1, ''),
(374, 36, 1, 1, ''),
(375, 3, 1, 1, ''),
(376, 37, 1, 1, ''),
(377, 4, 1, 1, ''),
(378, 38, 1, 1, ''),
(379, 5, 1, 1, ''),
(380, 39, 1, 1, ''),
(381, 6, 1, 1, ''),
(382, 40, 1, 1, ''),
(383, 7, 1, 1, ''),
(384, 41, 1, 1, ''),
(385, 8, 1, 1, ''),
(386, 42, 1, 1, ''),
(387, 9, 1, 1, ''),
(388, 43, 1, 1, ''),
(389, 10, 1, 1, ''),
(390, 44, 1, 1, ''),
(391, 11, 1, 1, ''),
(392, 45, 1, 1, ''),
(393, 12, 1, 1, ''),
(394, 13, 1, 1, ''),
(395, 14, 1, 1, ''),
(396, 15, 1, 1, ''),
(397, 16, 1, 1, ''),
(398, 17, 1, 1, ''),
(399, 18, 1, 1, ''),
(400, 19, 1, 1, ''),
(401, 20, 1, 1, ''),
(402, 21, 1, 1, ''),
(403, 22, 1, 1, ''),
(404, 23, 1, 1, ''),
(405, 24, 1, 1, ''),
(406, 25, 1, 1, ''),
(407, 26, 1, 1, ''),
(408, 27, 1, 1, ''),
(409, 28, 1, 1, ''),
(410, 29, 1, 1, ''),
(411, 30, 1, 1, ''),
(412, 31, 1, 1, ''),
(413, 32, 1, 1, ''),
(414, 33, 1, 1, ''),
(415, 34, 1, 1, ''),
(416, 35, 1, 1, ''),
(417, 36, 1, 1, ''),
(418, 37, 1, 1, ''),
(419, 38, 1, 1, ''),
(420, 39, 1, 1, ''),
(421, 40, 1, 1, ''),
(422, 41, 1, 1, ''),
(423, 42, 1, 1, ''),
(424, 43, 1, 1, ''),
(425, 44, 1, 1, ''),
(426, 45, 1, 1, ''),
(427, 46, 1, 1, ''),
(428, 47, 1, 1, ''),
(429, 48, 1, 1, ''),
(430, 49, 1, 1, ''),
(431, 50, 1, 1, ''),
(432, 1, 1, 1, ''),
(433, 1, 1, 1, ''),
(434, 1, 1, 1, ''),
(435, 1, 1, 1, ''),
(436, 1, 1, 1, ''),
(437, 1, 1, 1, ''),
(438, 1, 1, 1, ''),
(439, 1, 1, 1, ''),
(440, 1, 1, 1, ''),
(441, 1, 1, 1, ''),
(442, 1, 1, 1, ''),
(443, 1, 1, 1, ''),
(444, 1, 1, 1, ''),
(445, 1, 1, 1, ''),
(446, 1, 1, 1, ''),
(447, 1, 1, 1, ''),
(448, 1, 1, 1, ''),
(449, 1, 1, 1, ''),
(450, 1, 1, 1, ''),
(451, 1, 1, 1, ''),
(452, 1, 1, 1, ''),
(453, 1, 1, 1, ''),
(454, 1, 1, 1, ''),
(455, 1, 1, 1, ''),
(456, 1, 1, 1, ''),
(457, 1, 1, 1, ''),
(458, 1, 1, 1, ''),
(459, 1, 1, 1, ''),
(460, 1, 1, 1, ''),
(461, 1, 1, 1, ''),
(462, 1, 1, 1, ''),
(463, 1, 1, 1, ''),
(464, 1, 1, 1, ''),
(465, 1, 1, 1, ''),
(466, 1, 1, 1, ''),
(467, 1, 1, 1, ''),
(468, 1, 1, 1, ''),
(469, 1, 1, 1, ''),
(470, 1, 1, 1, ''),
(471, 1, 1, 1, ''),
(472, 1, 1, 1, ''),
(473, 1, 1, 1, ''),
(474, 1, 1, 1, ''),
(475, 1, 1, 1, ''),
(476, 1, 1, 1, ''),
(477, 1, 1, 1, ''),
(478, 1, 1, 1, ''),
(479, 1, 1, 1, ''),
(480, 1, 1, 1, ''),
(481, 1, 1, 1, ''),
(482, 1, 1, 1, ''),
(483, 1, 1, 1, ''),
(484, 1, 1, 1, ''),
(485, 1, 1, 1, ''),
(486, 1, 1, 1, ''),
(487, 1, 1, 1, ''),
(488, 1, 1, 1, ''),
(489, 1, 1, 1, ''),
(490, 1, 1, 1, ''),
(491, 1, 1, 1, ''),
(492, 1, 1, 1, ''),
(493, 1, 1, 1, ''),
(494, 1, 1, 1, ''),
(495, 1, 1, 1, ''),
(496, 1, 1, 1, ''),
(497, 1, 1, 1, ''),
(498, 1, 1, 1, ''),
(499, 1, 1, 1, ''),
(500, 1, 1, 1, ''),
(501, 1, 1, 1, ''),
(502, 1, 1, 1, ''),
(503, 1, 1, 1, ''),
(504, 1, 1, 1, ''),
(505, 1, 1, 1, ''),
(506, 1, 1, 1, ''),
(507, 1, 1, 1, ''),
(508, 1, 1, 1, ''),
(509, 1, 1, 1, ''),
(510, 1, 1, 1, ''),
(511, 1, 1, 1, ''),
(512, 1, 1, 1, ''),
(513, 1, 1, 1, ''),
(514, 1, 1, 1, ''),
(515, 1, 1, 1, ''),
(516, 1, 1, 1, ''),
(517, 1, 1, 1, ''),
(518, 1, 1, 1, ''),
(519, 1, 1, 1, ''),
(520, 1, 1, 1, ''),
(521, 1, 1, 1, ''),
(522, 1, 1, 1, ''),
(523, 1, 1, 1, ''),
(524, 1, 1, 1, ''),
(525, 1, 1, 1, ''),
(526, 1, 1, 1, ''),
(527, 1, 1, 1, ''),
(528, 1, 1, 1, ''),
(529, 1, 1, 1, ''),
(530, 1, 1, 1, ''),
(531, 1, 1, 1, ''),
(532, 1, 1, 1, ''),
(533, 1, 1, 1, ''),
(534, 1, 1, 1, ''),
(535, 1, 1, 1, ''),
(536, 1, 1, 1, ''),
(537, 1, 1, 1, ''),
(538, 1, 1, 1, ''),
(539, 1, 1, 1, ''),
(540, 1, 1, 1, ''),
(541, 1, 1, 1, ''),
(542, 1, 1, 1, ''),
(543, 1, 1, 1, ''),
(544, 1, 1, 1, ''),
(545, 1, 1, 1, ''),
(546, 1, 1, 1, ''),
(547, 1, 1, 1, ''),
(548, 1, 1, 1, ''),
(549, 1, 1, 1, ''),
(550, 1, 1, 1, ''),
(551, 1, 1, 1, ''),
(552, 1, 1, 1, ''),
(553, 1, 1, 1, ''),
(554, 1, 1, 1, ''),
(555, 1, 1, 1, ''),
(556, 1, 1, 1, ''),
(557, 1, 1, 1, ''),
(558, 1, 1, 1, ''),
(559, 1, 1, 1, ''),
(560, 1, 1, 1, ''),
(561, 1, 1, 1, ''),
(562, 1, 1, 1, ''),
(563, 1, 1, 1, ''),
(564, 1, 1, 1, ''),
(565, 1, 1, 1, ''),
(566, 1, 1, 1, ''),
(567, 1, 1, 1, ''),
(568, 1, 1, 1, ''),
(569, 1, 1, 1, ''),
(570, 1, 1, 1, ''),
(571, 1, 1, 1, ''),
(572, 1, 1, 1, ''),
(573, 1, 1, 1, ''),
(574, 1, 1, 1, ''),
(575, 1, 1, 1, ''),
(576, 1, 1, 1, ''),
(577, 1, 1, 1, ''),
(578, 1, 1, 1, ''),
(579, 1, 1, 1, ''),
(580, 1, 1, 1, ''),
(581, 1, 1, 1, ''),
(582, 1, 1, 1, ''),
(583, 1, 1, 1, ''),
(584, 1, 1, 1, ''),
(585, 1, 1, 1, ''),
(586, 1, 1, 1, ''),
(587, 1, 1, 1, ''),
(588, 1, 1, 1, ''),
(589, 1, 1, 1, ''),
(590, 1, 1, 1, ''),
(591, 1, 1, 1, ''),
(592, 1, 1, 1, ''),
(593, 1, 1, 1, ''),
(594, 1, 1, 1, ''),
(595, 1, 1, 1, ''),
(596, 1, 1, 1, ''),
(597, 1, 1, 1, ''),
(598, 1, 1, 1, ''),
(599, 1, 1, 1, ''),
(600, 1, 1, 1, ''),
(601, 1, 1, 1, ''),
(602, 1, 1, 1, ''),
(603, 1, 1, 1, ''),
(604, 1, 1, 1, ''),
(605, 1, 1, 1, ''),
(606, 1, 1, 1, ''),
(607, 1, 1, 1, ''),
(608, 1, 1, 1, ''),
(609, 1, 1, 1, ''),
(610, 1, 1, 1, ''),
(611, 1, 1, 1, ''),
(612, 1, 1, 1, ''),
(613, 1, 1, 1, ''),
(614, 1, 1, 1, ''),
(615, 1, 1, 1, ''),
(616, 1, 1, 1, ''),
(617, 1, 1, 1, ''),
(618, 1, 1, 1, ''),
(619, 1, 1, 1, ''),
(620, 1, 1, 1, ''),
(621, 1, 1, 1, ''),
(622, 1, 1, 1, ''),
(623, 1, 1, 1, ''),
(624, 1, 1, 1, ''),
(625, 1, 1, 1, ''),
(626, 1, 1, 1, ''),
(627, 1, 1, 1, ''),
(628, 1, 1, 1, ''),
(629, 1, 1, 1, ''),
(630, 1, 1, 1, ''),
(631, 1, 1, 1, ''),
(632, 1, 1, 1, ''),
(633, 1, 1, 1, ''),
(634, 1, 1, 1, ''),
(635, 1, 1, 1, ''),
(636, 1, 1, 1, ''),
(637, 1, 1, 1, ''),
(638, 1, 1, 1, ''),
(639, 1, 1, 1, ''),
(640, 1, 1, 1, ''),
(641, 1, 1, 1, ''),
(642, 1, 1, 1, ''),
(643, 1, 1, 1, ''),
(644, 1, 1, 1, ''),
(645, 1, 1, 1, ''),
(646, 1, 1, 1, ''),
(647, 1, 1, 1, ''),
(648, 1, 1, 1, ''),
(649, 1, 1, 1, ''),
(650, 1, 1, 1, ''),
(651, 1, 1, 1, ''),
(652, 1, 1, 1, ''),
(653, 1, 1, 1, ''),
(654, 1, 1, 1, ''),
(655, 1, 1, 1, ''),
(656, 1, 1, 1, ''),
(657, 1, 1, 1, ''),
(658, 1, 1, 1, ''),
(659, 1, 1, 1, ''),
(660, 1, 1, 1, ''),
(661, 1, 1, 1, ''),
(662, 1, 1, 1, ''),
(663, 1, 1, 1, ''),
(664, 1, 1, 1, ''),
(665, 1, 1, 1, ''),
(666, 1, 1, 1, ''),
(667, 1, 1, 1, ''),
(668, 1, 1, 1, ''),
(669, 1, 1, 1, ''),
(670, 1, 1, 1, ''),
(671, 1, 1, 1, ''),
(672, 1, 1, 1, ''),
(673, 1, 1, 1, ''),
(674, 1, 1, 1, ''),
(675, 1, 1, 1, ''),
(676, 1, 1, 1, ''),
(677, 1, 1, 1, ''),
(678, 1, 1, 1, ''),
(679, 1, 1, 1, ''),
(680, 1, 1, 1, ''),
(681, 1, 1, 1, ''),
(682, 1, 1, 1, ''),
(683, 1, 1, 1, ''),
(684, 1, 1, 1, ''),
(685, 1, 1, 1, ''),
(686, 1, 1, 1, ''),
(687, 1, 1, 1, ''),
(688, 1, 1, 1, ''),
(689, 1, 1, 1, ''),
(690, 1, 1, 1, ''),
(691, 1, 1, 1, ''),
(692, 1, 1, 1, ''),
(693, 1, 1, 1, ''),
(694, 1, 1, 1, ''),
(695, 1, 1, 1, ''),
(696, 1, 1, 1, ''),
(697, 1, 1, 1, ''),
(698, 1, 1, 1, ''),
(699, 1, 1, 1, ''),
(700, 1, 1, 1, ''),
(701, 1, 1, 1, ''),
(702, 1, 1, 1, ''),
(703, 1, 1, 1, ''),
(704, 1, 1, 1, ''),
(705, 1, 1, 1, ''),
(706, 1, 1, 1, ''),
(707, 1, 1, 1, ''),
(708, 1, 1, 1, ''),
(709, 1, 1, 1, ''),
(710, 1, 1, 1, ''),
(711, 1, 1, 1, ''),
(712, 1, 1, 1, ''),
(713, 1, 1, 1, ''),
(714, 1, 1, 1, ''),
(715, 1, 1, 1, ''),
(716, 1, 1, 1, ''),
(717, 1, 1, 1, ''),
(718, 1, 1, 1, ''),
(719, 1, 1, 1, ''),
(720, 1, 1, 1, ''),
(721, 1, 1, 1, ''),
(722, 1, 1, 1, ''),
(723, 1, 1, 1, ''),
(724, 1, 1, 1, ''),
(725, 1, 1, 1, ''),
(726, 1, 1, 1, ''),
(727, 1, 1, 1, ''),
(728, 1, 1, 1, ''),
(729, 1, 1, 1, ''),
(730, 1, 1, 1, ''),
(731, 1, 1, 1, ''),
(732, 1, 1, 1, ''),
(733, 1, 1, 1, ''),
(734, 1, 1, 1, ''),
(735, 1, 1, 1, ''),
(736, 1, 1, 1, ''),
(737, 1, 1, 1, ''),
(738, 1, 1, 1, ''),
(739, 1, 1, 1, ''),
(740, 1, 1, 1, ''),
(741, 1, 1, 1, ''),
(742, 1, 1, 1, ''),
(743, 1, 1, 1, ''),
(744, 1, 1, 1, ''),
(745, 1, 1, 1, ''),
(746, 1, 1, 1, ''),
(747, 1, 1, 1, ''),
(748, 1, 1, 1, ''),
(749, 1, 1, 1, ''),
(750, 1, 1, 1, ''),
(751, 1, 1, 1, ''),
(752, 1, 1, 1, ''),
(753, 1, 1, 1, ''),
(754, 1, 1, 1, ''),
(755, 1, 1, 1, ''),
(756, 1, 1, 1, ''),
(757, 1, 1, 1, ''),
(758, 1, 1, 1, ''),
(759, 1, 1, 1, ''),
(760, 1, 1, 1, ''),
(761, 1, 1, 1, ''),
(762, 1, 1, 1, ''),
(763, 1, 1, 1, ''),
(764, 1, 1, 1, ''),
(765, 1, 1, 1, ''),
(766, 1, 1, 1, ''),
(767, 1, 1, 1, ''),
(768, 1, 1, 1, ''),
(769, 1, 1, 1, ''),
(770, 1, 1, 1, ''),
(771, 1, 1, 1, ''),
(772, 1, 1, 1, ''),
(773, 1, 1, 1, ''),
(774, 1, 1, 1, ''),
(775, 1, 1, 1, ''),
(776, 1, 1, 1, ''),
(777, 1, 1, 1, ''),
(778, 1, 1, 1, ''),
(779, 1, 1, 1, ''),
(780, 1, 1, 1, ''),
(781, 1, 1, 1, ''),
(782, 1, 1, 1, ''),
(783, 1, 1, 1, ''),
(784, 1, 1, 1, ''),
(785, 1, 1, 1, ''),
(786, 1, 1, 1, ''),
(787, 1, 1, 1, ''),
(788, 1, 1, 1, ''),
(789, 1, 1, 1, ''),
(790, 1, 1, 1, ''),
(791, 1, 1, 1, ''),
(792, 1, 1, 1, ''),
(793, 1, 1, 1, ''),
(794, 1, 1, 1, ''),
(795, 1, 1, 1, ''),
(796, 1, 1, 1, ''),
(797, 1, 1, 1, ''),
(798, 1, 1, 1, ''),
(799, 1, 1, 1, ''),
(800, 1, 1, 1, ''),
(801, 1, 1, 1, ''),
(802, 1, 1, 1, ''),
(803, 1, 1, 1, ''),
(804, 1, 1, 1, ''),
(805, 1, 1, 1, ''),
(806, 1, 1, 1, ''),
(807, 1, 1, 1, ''),
(808, 1, 1, 1, ''),
(809, 1, 1, 1, ''),
(810, 1, 1, 1, ''),
(811, 1, 1, 1, ''),
(812, 1, 1, 1, ''),
(813, 1, 1, 1, ''),
(814, 1, 1, 1, ''),
(815, 1, 1, 1, ''),
(816, 1, 1, 1, ''),
(817, 1, 1, 1, ''),
(818, 1, 1, 1, ''),
(819, 1, 1, 1, ''),
(820, 1, 1, 1, '');

-- --------------------------------------------------------

--
-- Structure de la table `table_centrale`
--

CREATE TABLE `table_centrale` (
  `id_table` int(11) NOT NULL,
  `date` int(11) NOT NULL,
  `joueur` int(11) NOT NULL,
  `championnat` int(11) NOT NULL,
  `niveau_championnat` int(11) NOT NULL,
  `poule` int(11) NOT NULL,
  `etat_joueur_initial` int(11) NOT NULL,
  `etat_joueur_final` int(11) NOT NULL,
  `equipe_sdstt` int(11) NOT NULL,
  `equipe_adversaire` int(11) NOT NULL,
  `domext` int(11) NOT NULL,
  `rendez_vous` int(11) NOT NULL,
  `horaire_rendez_vous` time NOT NULL
) ENGINE=InnoDB DEFAULT CHARSET=utf8;

--
-- Déchargement des données de la table `table_centrale`
--

INSERT INTO `table_centrale` (`id_table`, `date`, `joueur`, `championnat`, `niveau_championnat`, `poule`, `etat_joueur_initial`, `etat_joueur_final`, `equipe_sdstt`, `equipe_adversaire`, `domext`, `rendez_vous`, `horaire_rendez_vous`) VALUES
(1, 1, 1, 0, 2, 2, 1, 1, 1, 1, 1, 2, '14:00:00'),
(2, 1, 2, 0, 2, 2, 1, 1, 1, 1, 1, 2, '14:00:00'),
(3, 1, 3, 0, 2, 2, 1, 1, 1, 1, 1, 2, '14:00:00'),
(4, 1, 4, 0, 2, 2, 1, 1, 1, 1, 1, 2, '14:00:00'),
(5, 1, 5, 0, 2, 2, 1, 1, 1, 1, 1, 2, '14:00:00'),
(6, 1, 6, 0, 2, 2, 1, 1, 1, 1, 1, 2, '14:00:00'),
(7, 1, 7, 0, 2, 2, 1, 1, 1, 1, 1, 2, '14:00:00'),
(8, 1, 8, 0, 2, 2, 1, 1, 1, 1, 1, 2, '14:00:00'),
(9, 1, 9, 0, 2, 2, 1, 1, 1, 1, 1, 2, '14:00:00'),
(10, 1, 10, 0, 2, 2, 1, 1, 1, 1, 1, 2, '14:00:00'),
(11, 1, 11, 0, 2, 2, 1, 1, 1, 1, 1, 2, '14:00:00'),
(12, 1, 12, 0, 2, 2, 1, 1, 1, 1, 1, 2, '14:00:00'),
(13, 1, 13, 0, 2, 2, 1, 1, 1, 1, 1, 2, '14:00:00'),
(14, 1, 14, 0, 2, 2, 1, 1, 1, 1, 1, 2, '14:00:00'),
(15, 1, 15, 0, 2, 2, 1, 1, 1, 1, 1, 2, '14:00:00'),
(16, 1, 16, 0, 2, 2, 1, 1, 1, 1, 1, 2, '14:00:00'),
(17, 1, 17, 0, 2, 2, 1, 1, 1, 1, 1, 2, '14:00:00'),
(18, 1, 18, 0, 2, 2, 1, 1, 1, 1, 1, 2, '14:00:00'),
(19, 1, 19, 0, 2, 2, 1, 1, 1, 1, 1, 2, '14:00:00'),
(20, 1, 20, 0, 2, 2, 1, 1, 1, 1, 1, 2, '14:00:00'),
(21, 1, 21, 0, 2, 2, 1, 1, 1, 1, 1, 2, '14:00:00'),
(22, 1, 22, 0, 2, 2, 1, 1, 1, 1, 1, 2, '14:00:00'),
(23, 1, 23, 0, 2, 2, 1, 1, 1, 1, 1, 2, '14:00:00'),
(24, 1, 24, 0, 2, 2, 1, 1, 1, 1, 1, 2, '14:00:00'),
(25, 1, 25, 0, 2, 2, 1, 1, 1, 1, 1, 2, '14:00:00'),
(26, 1, 26, 0, 2, 2, 1, 1, 1, 1, 1, 2, '14:00:00'),
(27, 1, 27, 0, 2, 2, 1, 1, 1, 1, 1, 2, '14:00:00'),
(28, 1, 28, 0, 2, 2, 1, 1, 1, 1, 1, 2, '14:00:00'),
(29, 1, 29, 0, 2, 2, 1, 1, 1, 1, 1, 2, '14:00:00'),
(30, 1, 30, 0, 2, 2, 1, 1, 1, 1, 1, 2, '14:00:00'),
(31, 1, 31, 0, 2, 2, 1, 1, 1, 1, 1, 2, '14:00:00'),
(32, 1, 32, 0, 2, 2, 1, 1, 1, 1, 1, 2, '14:00:00'),
(33, 1, 33, 0, 2, 2, 1, 1, 1, 1, 1, 2, '14:00:00'),
(34, 1, 34, 0, 2, 2, 1, 1, 1, 1, 1, 2, '14:00:00'),
(35, 1, 35, 0, 2, 2, 1, 1, 1, 1, 1, 2, '14:00:00'),
(36, 1, 36, 0, 2, 2, 1, 1, 1, 1, 1, 2, '14:00:00'),
(37, 1, 37, 0, 2, 2, 1, 1, 1, 1, 1, 2, '14:00:00'),
(38, 1, 38, 0, 2, 2, 1, 1, 1, 1, 1, 2, '14:00:00'),
(39, 1, 39, 0, 2, 2, 1, 1, 1, 1, 1, 2, '14:00:00'),
(40, 1, 40, 0, 2, 2, 1, 1, 1, 1, 1, 2, '14:00:00'),
(41, 1, 41, 0, 2, 2, 1, 1, 1, 1, 1, 2, '14:00:00'),
(42, 1, 42, 0, 2, 2, 1, 1, 1, 1, 1, 2, '14:00:00'),
(43, 1, 43, 0, 2, 2, 1, 1, 1, 1, 1, 2, '14:00:00'),
(44, 1, 44, 0, 2, 2, 1, 1, 1, 1, 1, 2, '14:00:00'),
(45, 1, 45, 0, 2, 2, 1, 1, 1, 1, 1, 2, '14:00:00'),
(46, 1, 46, 0, 2, 2, 1, 1, 1, 1, 1, 2, '14:00:00'),
(47, 1, 47, 0, 2, 2, 1, 1, 1, 1, 1, 2, '14:00:00'),
(48, 1, 48, 0, 2, 2, 1, 1, 1, 1, 1, 2, '14:00:00'),
(49, 1, 49, 0, 2, 2, 1, 1, 1, 1, 1, 2, '14:00:00'),
(50, 1, 1, 0, 3, 2, 1, 1, 2, 2, 1, 1, '00:00:00'),
(51, 1, 2, 0, 3, 2, 1, 1, 2, 2, 1, 1, '00:00:00'),
(52, 1, 3, 0, 3, 2, 1, 1, 2, 2, 1, 1, '00:00:00'),
(53, 1, 4, 0, 3, 2, 1, 1, 2, 2, 1, 1, '00:00:00'),
(54, 1, 5, 0, 3, 2, 1, 1, 2, 2, 1, 1, '00:00:00'),
(55, 1, 6, 0, 3, 2, 1, 1, 2, 2, 1, 1, '00:00:00'),
(56, 1, 7, 0, 3, 2, 1, 1, 2, 2, 1, 1, '00:00:00'),
(57, 1, 8, 0, 3, 2, 1, 1, 2, 2, 1, 1, '00:00:00'),
(58, 1, 9, 0, 3, 2, 1, 1, 2, 2, 1, 1, '00:00:00'),
(59, 1, 10, 0, 3, 2, 1, 1, 2, 2, 1, 1, '00:00:00'),
(60, 1, 11, 0, 3, 2, 1, 1, 2, 2, 1, 1, '00:00:00'),
(61, 1, 12, 0, 3, 2, 1, 1, 2, 2, 1, 1, '00:00:00'),
(62, 1, 13, 0, 3, 2, 1, 1, 2, 2, 1, 1, '00:00:00'),
(63, 1, 14, 0, 3, 2, 1, 1, 2, 2, 1, 1, '00:00:00'),
(64, 1, 15, 0, 3, 2, 1, 1, 2, 2, 1, 1, '00:00:00'),
(65, 1, 16, 0, 3, 2, 1, 1, 2, 2, 1, 1, '00:00:00'),
(66, 1, 17, 0, 3, 2, 1, 1, 2, 2, 1, 1, '00:00:00'),
(67, 1, 18, 0, 3, 2, 1, 1, 2, 2, 1, 1, '00:00:00'),
(68, 1, 19, 0, 3, 2, 1, 1, 2, 2, 1, 1, '00:00:00'),
(69, 1, 20, 0, 3, 2, 1, 1, 2, 2, 1, 1, '00:00:00'),
(70, 1, 21, 0, 3, 2, 1, 1, 2, 2, 1, 1, '00:00:00'),
(71, 1, 22, 0, 3, 2, 1, 1, 2, 2, 1, 1, '00:00:00'),
(72, 1, 23, 0, 3, 2, 1, 1, 2, 2, 1, 1, '00:00:00'),
(73, 1, 24, 0, 3, 2, 1, 1, 2, 2, 1, 1, '00:00:00'),
(74, 1, 25, 0, 3, 2, 1, 1, 2, 2, 1, 1, '00:00:00'),
(75, 1, 26, 0, 3, 2, 1, 1, 2, 2, 1, 1, '00:00:00'),
(76, 1, 27, 0, 3, 2, 1, 1, 2, 2, 1, 1, '00:00:00'),
(77, 1, 28, 0, 3, 2, 1, 1, 2, 2, 1, 1, '00:00:00'),
(78, 1, 29, 0, 3, 2, 1, 1, 2, 2, 1, 1, '00:00:00'),
(79, 1, 30, 0, 3, 2, 1, 1, 2, 2, 1, 1, '00:00:00'),
(80, 1, 31, 0, 3, 2, 1, 1, 2, 2, 1, 1, '00:00:00'),
(81, 1, 32, 0, 3, 2, 1, 1, 2, 2, 1, 1, '00:00:00'),
(82, 1, 33, 0, 3, 2, 1, 1, 2, 2, 1, 1, '00:00:00'),
(83, 1, 34, 0, 3, 2, 1, 1, 2, 2, 1, 1, '00:00:00'),
(84, 1, 35, 0, 3, 2, 1, 1, 2, 2, 1, 1, '00:00:00'),
(85, 1, 36, 0, 3, 2, 1, 1, 2, 2, 1, 1, '00:00:00'),
(86, 1, 37, 0, 3, 2, 1, 1, 2, 2, 1, 1, '00:00:00'),
(87, 1, 38, 0, 3, 2, 1, 1, 2, 2, 1, 1, '00:00:00'),
(88, 1, 39, 0, 3, 2, 1, 1, 2, 2, 1, 1, '00:00:00'),
(89, 1, 40, 0, 3, 2, 1, 1, 2, 2, 1, 1, '00:00:00'),
(90, 1, 41, 0, 3, 2, 1, 1, 2, 2, 1, 1, '00:00:00'),
(91, 1, 42, 0, 3, 2, 1, 1, 2, 2, 1, 1, '00:00:00'),
(92, 1, 43, 0, 3, 2, 1, 1, 2, 2, 1, 1, '00:00:00'),
(93, 1, 44, 0, 3, 2, 1, 1, 2, 2, 1, 1, '00:00:00'),
(94, 1, 45, 0, 3, 2, 1, 1, 2, 2, 1, 1, '00:00:00'),
(95, 1, 46, 0, 3, 2, 1, 1, 2, 2, 1, 1, '00:00:00'),
(96, 1, 47, 0, 3, 2, 1, 1, 2, 2, 1, 1, '00:00:00'),
(97, 1, 48, 0, 3, 2, 1, 1, 2, 2, 1, 1, '00:00:00'),
(98, 1, 49, 0, 3, 2, 1, 1, 2, 2, 1, 1, '00:00:00'),
(99, 1, 1, 0, 4, 3, 1, 1, 3, 3, 1, 1, '00:00:00'),
(100, 1, 2, 0, 4, 3, 1, 1, 3, 3, 1, 1, '00:00:00'),
(101, 1, 3, 0, 4, 3, 1, 1, 3, 3, 1, 1, '00:00:00'),
(102, 1, 4, 0, 4, 3, 1, 1, 3, 3, 1, 1, '00:00:00'),
(103, 1, 5, 0, 4, 3, 1, 1, 3, 3, 1, 1, '00:00:00'),
(104, 1, 6, 0, 4, 3, 1, 1, 3, 3, 1, 1, '00:00:00'),
(105, 1, 7, 0, 4, 3, 1, 1, 3, 3, 1, 1, '00:00:00'),
(106, 1, 8, 0, 4, 3, 1, 1, 3, 3, 1, 1, '00:00:00'),
(107, 1, 9, 0, 4, 3, 1, 1, 3, 3, 1, 1, '00:00:00'),
(108, 1, 10, 0, 4, 3, 1, 1, 3, 3, 1, 1, '00:00:00'),
(109, 1, 11, 0, 4, 3, 1, 1, 3, 3, 1, 1, '00:00:00'),
(110, 1, 12, 0, 4, 3, 1, 1, 3, 3, 1, 1, '00:00:00'),
(111, 1, 13, 0, 4, 3, 1, 1, 3, 3, 1, 1, '00:00:00'),
(112, 1, 14, 0, 4, 3, 1, 1, 3, 3, 1, 1, '00:00:00'),
(113, 1, 15, 0, 4, 3, 1, 1, 3, 3, 1, 1, '00:00:00'),
(114, 1, 16, 0, 4, 3, 1, 1, 3, 3, 1, 1, '00:00:00'),
(115, 1, 17, 0, 4, 3, 1, 1, 3, 3, 1, 1, '00:00:00'),
(116, 1, 18, 0, 4, 3, 1, 1, 3, 3, 1, 1, '00:00:00'),
(117, 1, 19, 0, 4, 3, 1, 1, 3, 3, 1, 1, '00:00:00'),
(118, 1, 20, 0, 4, 3, 1, 1, 3, 3, 1, 1, '00:00:00'),
(119, 1, 21, 0, 4, 3, 1, 1, 3, 3, 1, 1, '00:00:00'),
(120, 1, 22, 0, 4, 3, 1, 1, 3, 3, 1, 1, '00:00:00'),
(121, 1, 23, 0, 4, 3, 1, 1, 3, 3, 1, 1, '00:00:00'),
(122, 1, 24, 0, 4, 3, 1, 1, 3, 3, 1, 1, '00:00:00'),
(123, 1, 25, 0, 4, 3, 1, 1, 3, 3, 1, 1, '00:00:00'),
(124, 1, 26, 0, 4, 3, 1, 1, 3, 3, 1, 1, '00:00:00'),
(125, 1, 27, 0, 4, 3, 1, 1, 3, 3, 1, 1, '00:00:00'),
(126, 1, 28, 0, 4, 3, 1, 1, 3, 3, 1, 1, '00:00:00'),
(127, 1, 29, 0, 4, 3, 1, 1, 3, 3, 1, 1, '00:00:00'),
(128, 1, 30, 0, 4, 3, 1, 1, 3, 3, 1, 1, '00:00:00'),
(129, 1, 31, 0, 4, 3, 1, 1, 3, 3, 1, 1, '00:00:00'),
(130, 1, 32, 0, 4, 3, 1, 1, 3, 3, 1, 1, '00:00:00'),
(131, 1, 33, 0, 4, 3, 1, 1, 3, 3, 1, 1, '00:00:00'),
(132, 1, 34, 0, 4, 3, 1, 1, 3, 3, 1, 1, '00:00:00'),
(133, 1, 35, 0, 4, 3, 1, 1, 3, 3, 1, 1, '00:00:00'),
(134, 1, 36, 0, 4, 3, 1, 1, 3, 3, 1, 1, '00:00:00'),
(135, 1, 37, 0, 4, 3, 1, 1, 3, 3, 1, 1, '00:00:00'),
(136, 1, 38, 0, 4, 3, 1, 1, 3, 3, 1, 1, '00:00:00'),
(137, 1, 39, 0, 4, 3, 1, 1, 3, 3, 1, 1, '00:00:00'),
(138, 1, 40, 0, 4, 3, 1, 1, 3, 3, 1, 1, '00:00:00'),
(139, 1, 41, 0, 4, 3, 1, 1, 3, 3, 1, 1, '00:00:00'),
(140, 1, 42, 0, 4, 3, 1, 1, 3, 3, 1, 1, '00:00:00'),
(141, 1, 43, 0, 4, 3, 1, 1, 3, 3, 1, 1, '00:00:00'),
(142, 1, 44, 0, 4, 3, 1, 1, 3, 3, 1, 1, '00:00:00'),
(143, 1, 45, 0, 4, 3, 1, 1, 3, 3, 1, 1, '00:00:00'),
(144, 1, 46, 0, 4, 3, 1, 1, 3, 3, 1, 1, '00:00:00'),
(145, 1, 47, 0, 4, 3, 1, 1, 3, 3, 1, 1, '00:00:00'),
(146, 1, 48, 0, 4, 3, 1, 1, 3, 3, 1, 1, '00:00:00'),
(147, 1, 49, 0, 4, 3, 1, 1, 3, 3, 1, 1, '00:00:00'),
(148, 1, 1, 0, 6, 2, 1, 1, 4, 4, 1, 1, '00:00:00'),
(149, 1, 2, 0, 6, 2, 1, 1, 4, 4, 1, 1, '00:00:00'),
(150, 1, 3, 0, 6, 2, 1, 1, 4, 4, 1, 1, '00:00:00'),
(151, 1, 4, 0, 6, 2, 1, 1, 4, 4, 1, 1, '00:00:00'),
(152, 1, 5, 0, 6, 2, 1, 1, 4, 4, 1, 1, '00:00:00'),
(153, 1, 6, 0, 6, 2, 1, 1, 4, 4, 1, 1, '00:00:00'),
(154, 1, 7, 0, 6, 2, 1, 1, 4, 4, 1, 1, '00:00:00'),
(155, 1, 8, 0, 6, 2, 1, 1, 4, 4, 1, 1, '00:00:00'),
(156, 1, 9, 0, 6, 2, 1, 1, 4, 4, 1, 1, '00:00:00'),
(157, 1, 10, 0, 6, 2, 1, 1, 4, 4, 1, 1, '00:00:00'),
(158, 1, 11, 0, 6, 2, 1, 1, 4, 4, 1, 1, '00:00:00'),
(159, 1, 12, 0, 6, 2, 1, 1, 4, 4, 1, 1, '00:00:00'),
(160, 1, 13, 0, 6, 2, 1, 1, 4, 4, 1, 1, '00:00:00'),
(161, 1, 14, 0, 6, 2, 1, 1, 4, 4, 1, 1, '00:00:00'),
(162, 1, 15, 0, 6, 2, 1, 1, 4, 4, 1, 1, '00:00:00'),
(163, 1, 16, 0, 6, 2, 1, 1, 4, 4, 1, 1, '00:00:00'),
(164, 1, 17, 0, 6, 2, 1, 1, 4, 4, 1, 1, '00:00:00'),
(165, 1, 18, 0, 6, 2, 1, 1, 4, 4, 1, 1, '00:00:00'),
(166, 1, 19, 0, 6, 2, 1, 1, 4, 4, 1, 1, '00:00:00'),
(167, 1, 20, 0, 6, 2, 1, 1, 4, 4, 1, 1, '00:00:00'),
(168, 1, 21, 0, 6, 2, 1, 1, 4, 4, 1, 1, '00:00:00'),
(169, 1, 22, 0, 6, 2, 1, 1, 4, 4, 1, 1, '00:00:00'),
(170, 1, 23, 0, 6, 2, 1, 1, 4, 4, 1, 1, '00:00:00'),
(171, 1, 24, 0, 6, 2, 1, 1, 4, 4, 1, 1, '00:00:00'),
(172, 1, 25, 0, 6, 2, 1, 1, 4, 4, 1, 1, '00:00:00'),
(173, 1, 26, 0, 6, 2, 1, 1, 4, 4, 1, 1, '00:00:00'),
(174, 1, 27, 0, 6, 2, 1, 1, 4, 4, 1, 1, '00:00:00'),
(175, 1, 28, 0, 6, 2, 1, 1, 4, 4, 1, 1, '00:00:00'),
(176, 1, 29, 0, 6, 2, 1, 1, 4, 4, 1, 1, '00:00:00'),
(177, 1, 30, 0, 6, 2, 1, 1, 4, 4, 1, 1, '00:00:00'),
(178, 1, 31, 0, 6, 2, 1, 1, 4, 4, 1, 1, '00:00:00'),
(179, 1, 32, 0, 6, 2, 1, 1, 4, 4, 1, 1, '00:00:00'),
(180, 1, 33, 0, 6, 2, 1, 1, 4, 4, 1, 1, '00:00:00'),
(181, 1, 34, 0, 6, 2, 1, 1, 4, 4, 1, 1, '00:00:00'),
(182, 1, 35, 0, 6, 2, 1, 1, 4, 4, 1, 1, '00:00:00'),
(183, 1, 36, 0, 6, 2, 1, 1, 4, 4, 1, 1, '00:00:00'),
(184, 1, 37, 0, 6, 2, 1, 1, 4, 4, 1, 1, '00:00:00'),
(185, 1, 38, 0, 6, 2, 1, 1, 4, 4, 1, 1, '00:00:00'),
(186, 1, 39, 0, 6, 2, 1, 1, 4, 4, 1, 1, '00:00:00'),
(187, 1, 40, 0, 6, 2, 1, 1, 4, 4, 1, 1, '00:00:00'),
(188, 1, 41, 0, 6, 2, 1, 1, 4, 4, 1, 1, '00:00:00'),
(189, 1, 42, 0, 6, 2, 1, 1, 4, 4, 1, 1, '00:00:00'),
(190, 1, 43, 0, 6, 2, 1, 1, 4, 4, 1, 1, '00:00:00'),
(191, 1, 44, 0, 6, 2, 1, 1, 4, 4, 1, 1, '00:00:00'),
(192, 1, 45, 0, 6, 2, 1, 1, 4, 4, 1, 1, '00:00:00'),
(193, 1, 46, 0, 6, 2, 1, 1, 4, 4, 1, 1, '00:00:00'),
(194, 1, 47, 0, 6, 2, 1, 1, 4, 4, 1, 1, '00:00:00'),
(195, 1, 48, 0, 6, 2, 1, 1, 4, 4, 1, 1, '00:00:00'),
(196, 1, 49, 0, 6, 2, 1, 1, 4, 4, 1, 1, '00:00:00'),
(197, 2, 1, 0, 2, 2, 1, 1, 1, 9, 1, 1, '00:00:00'),
(198, 2, 2, 0, 2, 2, 1, 1, 1, 9, 1, 1, '00:00:00'),
(199, 2, 3, 0, 2, 2, 1, 1, 1, 9, 1, 1, '00:00:00'),
(200, 2, 4, 0, 2, 2, 1, 1, 1, 9, 1, 1, '00:00:00'),
(201, 2, 5, 0, 2, 2, 1, 1, 1, 9, 1, 1, '00:00:00'),
(202, 2, 6, 0, 2, 2, 1, 1, 1, 9, 1, 1, '00:00:00'),
(203, 2, 7, 0, 2, 2, 1, 1, 1, 9, 1, 1, '00:00:00'),
(204, 2, 8, 0, 2, 2, 1, 1, 1, 9, 1, 1, '00:00:00'),
(205, 2, 9, 0, 2, 2, 1, 1, 1, 9, 1, 1, '00:00:00'),
(206, 2, 10, 0, 2, 2, 1, 1, 1, 9, 1, 1, '00:00:00'),
(207, 2, 11, 0, 2, 2, 1, 1, 1, 9, 1, 1, '00:00:00'),
(208, 2, 12, 0, 2, 2, 1, 1, 1, 9, 1, 1, '00:00:00'),
(209, 2, 13, 0, 2, 2, 1, 1, 1, 9, 1, 1, '00:00:00'),
(210, 2, 14, 0, 2, 2, 1, 1, 1, 9, 1, 1, '00:00:00'),
(211, 2, 15, 0, 2, 2, 1, 1, 1, 9, 1, 1, '00:00:00'),
(212, 2, 16, 0, 2, 2, 1, 1, 1, 9, 1, 1, '00:00:00'),
(213, 2, 17, 0, 2, 2, 1, 1, 1, 9, 1, 1, '00:00:00'),
(214, 2, 18, 0, 2, 2, 1, 1, 1, 9, 1, 1, '00:00:00'),
(215, 2, 19, 0, 2, 2, 1, 1, 1, 9, 1, 1, '00:00:00'),
(216, 2, 20, 0, 2, 2, 1, 1, 1, 9, 1, 1, '00:00:00'),
(217, 2, 21, 0, 2, 2, 1, 1, 1, 9, 1, 1, '00:00:00'),
(218, 2, 22, 0, 2, 2, 1, 1, 1, 9, 1, 1, '00:00:00'),
(219, 2, 23, 0, 2, 2, 1, 1, 1, 9, 1, 1, '00:00:00'),
(220, 2, 24, 0, 2, 2, 1, 1, 1, 9, 1, 1, '00:00:00'),
(221, 2, 25, 0, 2, 2, 1, 1, 1, 9, 1, 1, '00:00:00'),
(222, 2, 26, 0, 2, 2, 1, 1, 1, 9, 1, 1, '00:00:00'),
(223, 2, 27, 0, 2, 2, 1, 1, 1, 9, 1, 1, '00:00:00'),
(224, 2, 28, 0, 2, 2, 1, 1, 1, 9, 1, 1, '00:00:00'),
(225, 2, 29, 0, 2, 2, 1, 1, 1, 9, 1, 1, '00:00:00'),
(226, 2, 30, 0, 2, 2, 1, 1, 1, 9, 1, 1, '00:00:00'),
(227, 2, 31, 0, 2, 2, 1, 1, 1, 9, 1, 1, '00:00:00'),
(228, 2, 32, 0, 2, 2, 1, 1, 1, 9, 1, 1, '00:00:00'),
(229, 2, 33, 0, 2, 2, 1, 1, 1, 9, 1, 1, '00:00:00'),
(230, 2, 34, 0, 2, 2, 1, 1, 1, 9, 1, 1, '00:00:00'),
(231, 2, 35, 0, 2, 2, 1, 1, 1, 9, 1, 1, '00:00:00'),
(232, 2, 36, 0, 2, 2, 1, 1, 1, 9, 1, 1, '00:00:00'),
(233, 2, 37, 0, 2, 2, 1, 1, 1, 9, 1, 1, '00:00:00'),
(234, 2, 38, 0, 2, 2, 1, 1, 1, 9, 1, 1, '00:00:00'),
(235, 2, 39, 0, 2, 2, 1, 1, 1, 9, 1, 1, '00:00:00'),
(236, 2, 40, 0, 2, 2, 1, 1, 1, 9, 1, 1, '00:00:00'),
(237, 2, 41, 0, 2, 2, 1, 1, 1, 9, 1, 1, '00:00:00'),
(238, 2, 42, 0, 2, 2, 1, 1, 1, 9, 1, 1, '00:00:00'),
(239, 2, 43, 0, 2, 2, 1, 1, 1, 9, 1, 1, '00:00:00'),
(240, 2, 44, 0, 2, 2, 1, 1, 1, 9, 1, 1, '00:00:00'),
(241, 2, 45, 0, 2, 2, 1, 1, 1, 9, 1, 1, '00:00:00'),
(242, 2, 46, 0, 2, 2, 1, 1, 1, 9, 1, 1, '00:00:00'),
(243, 2, 47, 0, 2, 2, 1, 1, 1, 9, 1, 1, '00:00:00'),
(244, 2, 48, 0, 2, 2, 1, 1, 1, 9, 1, 1, '00:00:00'),
(245, 2, 49, 0, 2, 2, 1, 1, 1, 9, 1, 1, '00:00:00'),
(246, 2, 1, 0, 3, 2, 1, 1, 2, 10, 1, 1, '00:00:00'),
(247, 2, 2, 0, 3, 2, 1, 1, 2, 10, 1, 1, '00:00:00'),
(248, 2, 3, 0, 3, 2, 1, 1, 2, 10, 1, 1, '00:00:00'),
(249, 2, 4, 0, 3, 2, 1, 1, 2, 10, 1, 1, '00:00:00'),
(250, 2, 5, 0, 3, 2, 1, 1, 2, 10, 1, 1, '00:00:00'),
(251, 2, 6, 0, 3, 2, 1, 1, 2, 10, 1, 1, '00:00:00'),
(252, 2, 7, 0, 3, 2, 1, 1, 2, 10, 1, 1, '00:00:00'),
(253, 2, 8, 0, 3, 2, 1, 1, 2, 10, 1, 1, '00:00:00'),
(254, 2, 9, 0, 3, 2, 1, 1, 2, 10, 1, 1, '00:00:00'),
(255, 2, 10, 0, 3, 2, 1, 1, 2, 10, 1, 1, '00:00:00'),
(256, 2, 11, 0, 3, 2, 1, 1, 2, 10, 1, 1, '00:00:00'),
(257, 2, 12, 0, 3, 2, 1, 1, 2, 10, 1, 1, '00:00:00'),
(258, 2, 13, 0, 3, 2, 1, 1, 2, 10, 1, 1, '00:00:00'),
(259, 2, 14, 0, 3, 2, 1, 1, 2, 10, 1, 1, '00:00:00'),
(260, 2, 15, 0, 3, 2, 1, 1, 2, 10, 1, 1, '00:00:00'),
(261, 2, 16, 0, 3, 2, 1, 1, 2, 10, 1, 1, '00:00:00'),
(262, 2, 17, 0, 3, 2, 1, 1, 2, 10, 1, 1, '00:00:00'),
(263, 2, 18, 0, 3, 2, 1, 1, 2, 10, 1, 1, '00:00:00'),
(264, 2, 19, 0, 3, 2, 1, 1, 2, 10, 1, 1, '00:00:00'),
(265, 2, 20, 0, 3, 2, 1, 1, 2, 10, 1, 1, '00:00:00'),
(266, 2, 21, 0, 3, 2, 1, 1, 2, 10, 1, 1, '00:00:00'),
(267, 2, 22, 0, 3, 2, 1, 1, 2, 10, 1, 1, '00:00:00'),
(268, 2, 23, 0, 3, 2, 1, 1, 2, 10, 1, 1, '00:00:00'),
(269, 2, 24, 0, 3, 2, 1, 1, 2, 10, 1, 1, '00:00:00'),
(270, 2, 25, 0, 3, 2, 1, 1, 2, 10, 1, 1, '00:00:00'),
(271, 2, 26, 0, 3, 2, 1, 1, 2, 10, 1, 1, '00:00:00'),
(272, 2, 27, 0, 3, 2, 1, 1, 2, 10, 1, 1, '00:00:00'),
(273, 2, 28, 0, 3, 2, 1, 1, 2, 10, 1, 1, '00:00:00'),
(274, 2, 29, 0, 3, 2, 1, 1, 2, 10, 1, 1, '00:00:00'),
(275, 2, 30, 0, 3, 2, 1, 1, 2, 10, 1, 1, '00:00:00'),
(276, 2, 31, 0, 3, 2, 1, 1, 2, 10, 1, 1, '00:00:00'),
(277, 2, 32, 0, 3, 2, 1, 1, 2, 10, 1, 1, '00:00:00'),
(278, 2, 33, 0, 3, 2, 1, 1, 2, 10, 1, 1, '00:00:00'),
(279, 2, 34, 0, 3, 2, 1, 1, 2, 10, 1, 1, '00:00:00'),
(280, 2, 35, 0, 3, 2, 1, 1, 2, 10, 1, 1, '00:00:00'),
(281, 2, 36, 0, 3, 2, 1, 1, 2, 10, 1, 1, '00:00:00'),
(282, 2, 37, 0, 3, 2, 1, 1, 2, 10, 1, 1, '00:00:00'),
(283, 2, 38, 0, 3, 2, 1, 1, 2, 10, 1, 1, '00:00:00'),
(284, 2, 39, 0, 3, 2, 1, 1, 2, 10, 1, 1, '00:00:00'),
(285, 2, 40, 0, 3, 2, 1, 1, 2, 10, 1, 1, '00:00:00'),
(286, 2, 41, 0, 3, 2, 1, 1, 2, 10, 1, 1, '00:00:00'),
(287, 2, 42, 0, 3, 2, 1, 1, 2, 10, 1, 1, '00:00:00'),
(288, 2, 43, 0, 3, 2, 1, 1, 2, 10, 1, 1, '00:00:00'),
(289, 2, 44, 0, 3, 2, 1, 1, 2, 10, 1, 1, '00:00:00'),
(290, 2, 45, 0, 3, 2, 1, 1, 2, 10, 1, 1, '00:00:00'),
(291, 2, 46, 0, 3, 2, 1, 1, 2, 10, 1, 1, '00:00:00'),
(292, 2, 47, 0, 3, 2, 1, 1, 2, 10, 1, 1, '00:00:00'),
(293, 2, 48, 0, 3, 2, 1, 1, 2, 10, 1, 1, '00:00:00'),
(294, 2, 49, 0, 3, 2, 1, 1, 2, 10, 1, 1, '00:00:00'),
(295, 2, 1, 0, 4, 3, 1, 1, 3, 11, 1, 1, '00:00:00'),
(296, 2, 2, 0, 4, 3, 1, 1, 3, 11, 1, 1, '00:00:00'),
(297, 2, 3, 0, 4, 3, 1, 1, 3, 11, 1, 1, '00:00:00'),
(298, 2, 4, 0, 4, 3, 1, 1, 3, 11, 1, 1, '00:00:00'),
(299, 2, 5, 0, 4, 3, 1, 1, 3, 11, 1, 1, '00:00:00'),
(300, 2, 6, 0, 4, 3, 1, 1, 3, 11, 1, 1, '00:00:00'),
(301, 2, 7, 0, 4, 3, 1, 1, 3, 11, 1, 1, '00:00:00'),
(302, 2, 8, 0, 4, 3, 1, 1, 3, 11, 1, 1, '00:00:00'),
(303, 2, 9, 0, 4, 3, 1, 1, 3, 11, 1, 1, '00:00:00'),
(304, 2, 10, 0, 4, 3, 1, 1, 3, 11, 1, 1, '00:00:00'),
(305, 2, 11, 0, 4, 3, 1, 1, 3, 11, 1, 1, '00:00:00'),
(306, 2, 12, 0, 4, 3, 1, 1, 3, 11, 1, 1, '00:00:00'),
(307, 2, 13, 0, 4, 3, 1, 1, 3, 11, 1, 1, '00:00:00'),
(308, 2, 14, 0, 4, 3, 1, 1, 3, 11, 1, 1, '00:00:00'),
(309, 2, 15, 0, 4, 3, 1, 1, 3, 11, 1, 1, '00:00:00'),
(310, 2, 16, 0, 4, 3, 1, 1, 3, 11, 1, 1, '00:00:00'),
(311, 2, 17, 0, 4, 3, 1, 1, 3, 11, 1, 1, '00:00:00'),
(312, 2, 18, 0, 4, 3, 1, 1, 3, 11, 1, 1, '00:00:00'),
(313, 2, 19, 0, 4, 3, 1, 1, 3, 11, 1, 1, '00:00:00'),
(314, 2, 20, 0, 4, 3, 1, 1, 3, 11, 1, 1, '00:00:00'),
(315, 2, 21, 0, 4, 3, 1, 1, 3, 11, 1, 1, '00:00:00'),
(316, 2, 22, 0, 4, 3, 1, 1, 3, 11, 1, 1, '00:00:00'),
(317, 2, 23, 0, 4, 3, 1, 1, 3, 11, 1, 1, '00:00:00'),
(318, 2, 24, 0, 4, 3, 1, 1, 3, 11, 1, 1, '00:00:00'),
(319, 2, 25, 0, 4, 3, 1, 1, 3, 11, 1, 1, '00:00:00'),
(320, 2, 26, 0, 4, 3, 1, 1, 3, 11, 1, 1, '00:00:00'),
(321, 2, 27, 0, 4, 3, 1, 1, 3, 11, 1, 1, '00:00:00'),
(322, 2, 28, 0, 4, 3, 1, 1, 3, 11, 1, 1, '00:00:00'),
(323, 2, 29, 0, 4, 3, 1, 1, 3, 11, 1, 1, '00:00:00'),
(324, 2, 30, 0, 4, 3, 1, 1, 3, 11, 1, 1, '00:00:00'),
(325, 2, 31, 0, 4, 3, 1, 1, 3, 11, 1, 1, '00:00:00'),
(326, 2, 32, 0, 4, 3, 1, 1, 3, 11, 1, 1, '00:00:00'),
(327, 2, 33, 0, 4, 3, 1, 1, 3, 11, 1, 1, '00:00:00'),
(328, 2, 34, 0, 4, 3, 1, 1, 3, 11, 1, 1, '00:00:00'),
(329, 2, 35, 0, 4, 3, 1, 1, 3, 11, 1, 1, '00:00:00'),
(330, 2, 36, 0, 4, 3, 1, 1, 3, 11, 1, 1, '00:00:00'),
(331, 2, 37, 0, 4, 3, 1, 1, 3, 11, 1, 1, '00:00:00'),
(332, 2, 38, 0, 4, 3, 1, 1, 3, 11, 1, 1, '00:00:00'),
(333, 2, 39, 0, 4, 3, 1, 1, 3, 11, 1, 1, '00:00:00'),
(334, 2, 40, 0, 4, 3, 1, 1, 3, 11, 1, 1, '00:00:00'),
(335, 2, 41, 0, 4, 3, 1, 1, 3, 11, 1, 1, '00:00:00'),
(336, 2, 42, 0, 4, 3, 1, 1, 3, 11, 1, 1, '00:00:00'),
(337, 2, 43, 0, 4, 3, 1, 1, 3, 11, 1, 1, '00:00:00'),
(338, 2, 44, 0, 4, 3, 1, 1, 3, 11, 1, 1, '00:00:00'),
(339, 2, 45, 0, 4, 3, 1, 1, 3, 11, 1, 1, '00:00:00'),
(340, 2, 46, 0, 4, 3, 1, 1, 3, 11, 1, 1, '00:00:00'),
(341, 2, 47, 0, 4, 3, 1, 1, 3, 11, 1, 1, '00:00:00'),
(342, 2, 48, 0, 4, 3, 1, 1, 3, 11, 1, 1, '00:00:00'),
(343, 2, 49, 0, 4, 3, 1, 1, 3, 11, 1, 1, '00:00:00'),
(344, 2, 1, 0, 6, 2, 1, 1, 4, 12, 1, 1, '00:00:00'),
(345, 2, 2, 0, 6, 2, 1, 1, 4, 12, 1, 1, '00:00:00'),
(346, 2, 3, 0, 6, 2, 1, 1, 4, 12, 1, 1, '00:00:00'),
(347, 2, 4, 0, 6, 2, 1, 1, 4, 12, 1, 1, '00:00:00'),
(348, 2, 5, 0, 6, 2, 1, 1, 4, 12, 1, 1, '00:00:00'),
(349, 2, 6, 0, 6, 2, 1, 1, 4, 12, 1, 1, '00:00:00'),
(350, 2, 7, 0, 6, 2, 1, 1, 4, 12, 1, 1, '00:00:00'),
(351, 2, 8, 0, 6, 2, 1, 1, 4, 12, 1, 1, '00:00:00'),
(352, 2, 9, 0, 6, 2, 1, 1, 4, 12, 1, 1, '00:00:00'),
(353, 2, 10, 0, 6, 2, 1, 1, 4, 12, 1, 1, '00:00:00'),
(354, 2, 11, 0, 6, 2, 1, 1, 4, 12, 1, 1, '00:00:00'),
(355, 2, 12, 0, 6, 2, 1, 1, 4, 12, 1, 1, '00:00:00'),
(356, 2, 13, 0, 6, 2, 1, 1, 4, 12, 1, 1, '00:00:00'),
(357, 2, 14, 0, 6, 2, 1, 1, 4, 12, 1, 1, '00:00:00'),
(358, 2, 15, 0, 6, 2, 1, 1, 4, 12, 1, 1, '00:00:00'),
(359, 2, 16, 0, 6, 2, 1, 1, 4, 12, 1, 1, '00:00:00'),
(360, 2, 17, 0, 6, 2, 1, 1, 4, 12, 1, 1, '00:00:00'),
(361, 2, 18, 0, 6, 2, 1, 1, 4, 12, 1, 1, '00:00:00'),
(362, 2, 19, 0, 6, 2, 1, 1, 4, 12, 1, 1, '00:00:00'),
(363, 2, 20, 0, 6, 2, 1, 1, 4, 12, 1, 1, '00:00:00'),
(364, 2, 21, 0, 6, 2, 1, 1, 4, 12, 1, 1, '00:00:00'),
(365, 2, 22, 0, 6, 2, 1, 1, 4, 12, 1, 1, '00:00:00'),
(366, 2, 23, 0, 6, 2, 1, 1, 4, 12, 1, 1, '00:00:00'),
(367, 2, 24, 0, 6, 2, 1, 1, 4, 12, 1, 1, '00:00:00'),
(368, 2, 25, 0, 6, 2, 1, 1, 4, 12, 1, 1, '00:00:00'),
(369, 2, 26, 0, 6, 2, 1, 1, 4, 12, 1, 1, '00:00:00'),
(370, 2, 27, 0, 6, 2, 1, 1, 4, 12, 1, 1, '00:00:00'),
(371, 2, 28, 0, 6, 2, 1, 1, 4, 12, 1, 1, '00:00:00'),
(372, 2, 29, 0, 6, 2, 1, 1, 4, 12, 1, 1, '00:00:00'),
(373, 2, 30, 0, 6, 2, 1, 1, 4, 12, 1, 1, '00:00:00'),
(374, 2, 31, 0, 6, 2, 1, 1, 4, 12, 1, 1, '00:00:00'),
(375, 2, 32, 0, 6, 2, 1, 1, 4, 12, 1, 1, '00:00:00'),
(376, 2, 33, 0, 6, 2, 1, 1, 4, 12, 1, 1, '00:00:00'),
(377, 2, 34, 0, 6, 2, 1, 1, 4, 12, 1, 1, '00:00:00'),
(378, 2, 35, 0, 6, 2, 1, 1, 4, 12, 1, 1, '00:00:00'),
(379, 2, 36, 0, 6, 2, 1, 1, 4, 12, 1, 1, '00:00:00'),
(380, 2, 37, 0, 6, 2, 1, 1, 4, 12, 1, 1, '00:00:00'),
(381, 2, 38, 0, 6, 2, 1, 1, 4, 12, 1, 1, '00:00:00'),
(382, 2, 39, 0, 6, 2, 1, 1, 4, 12, 1, 1, '00:00:00'),
(383, 2, 40, 0, 6, 2, 1, 1, 4, 12, 1, 1, '00:00:00'),
(384, 2, 41, 0, 6, 2, 1, 1, 4, 12, 1, 1, '00:00:00'),
(385, 2, 42, 0, 6, 2, 1, 1, 4, 12, 1, 1, '00:00:00'),
(386, 2, 43, 0, 6, 2, 1, 1, 4, 12, 1, 1, '00:00:00'),
(387, 2, 44, 0, 6, 2, 1, 1, 4, 12, 1, 1, '00:00:00'),
(388, 2, 45, 0, 6, 2, 1, 1, 4, 12, 1, 1, '00:00:00'),
(389, 2, 46, 0, 6, 2, 1, 1, 4, 12, 1, 1, '00:00:00'),
(390, 2, 47, 0, 6, 2, 1, 1, 4, 12, 1, 1, '00:00:00'),
(391, 2, 48, 0, 6, 2, 1, 1, 4, 12, 1, 1, '00:00:00'),
(392, 2, 49, 0, 6, 2, 1, 1, 4, 12, 1, 1, '00:00:00'),
(393, 3, 1, 0, 2, 2, 1, 1, 1, 17, 1, 1, '00:00:00'),
(394, 3, 2, 0, 2, 2, 1, 1, 1, 17, 1, 1, '00:00:00'),
(395, 3, 3, 0, 2, 2, 1, 1, 1, 17, 1, 1, '00:00:00'),
(396, 3, 4, 0, 2, 2, 1, 1, 1, 17, 1, 1, '00:00:00'),
(397, 3, 5, 0, 2, 2, 1, 1, 1, 17, 1, 1, '00:00:00'),
(398, 3, 6, 0, 2, 2, 1, 1, 1, 17, 1, 1, '00:00:00'),
(399, 3, 7, 0, 2, 2, 1, 1, 1, 17, 1, 1, '00:00:00'),
(400, 3, 8, 0, 2, 2, 1, 1, 1, 17, 1, 1, '00:00:00'),
(401, 3, 9, 0, 2, 2, 1, 1, 1, 17, 1, 1, '00:00:00'),
(402, 3, 10, 0, 2, 2, 1, 1, 1, 17, 1, 1, '00:00:00'),
(403, 3, 11, 0, 2, 2, 1, 1, 1, 17, 1, 1, '00:00:00'),
(404, 3, 12, 0, 2, 2, 1, 1, 1, 17, 1, 1, '00:00:00'),
(405, 3, 13, 0, 2, 2, 1, 1, 1, 17, 1, 1, '00:00:00'),
(406, 3, 14, 0, 2, 2, 1, 1, 1, 17, 1, 1, '00:00:00'),
(407, 3, 15, 0, 2, 2, 1, 1, 1, 17, 1, 1, '00:00:00'),
(408, 3, 16, 0, 2, 2, 1, 1, 1, 17, 1, 1, '00:00:00'),
(409, 3, 17, 0, 2, 2, 1, 1, 1, 17, 1, 1, '00:00:00'),
(410, 3, 18, 0, 2, 2, 1, 1, 1, 17, 1, 1, '00:00:00'),
(411, 3, 19, 0, 2, 2, 1, 1, 1, 17, 1, 1, '00:00:00'),
(412, 3, 20, 0, 2, 2, 1, 1, 1, 17, 1, 1, '00:00:00'),
(413, 3, 21, 0, 2, 2, 1, 1, 1, 17, 1, 1, '00:00:00'),
(414, 3, 22, 0, 2, 2, 1, 1, 1, 17, 1, 1, '00:00:00'),
(415, 3, 23, 0, 2, 2, 1, 1, 1, 17, 1, 1, '00:00:00'),
(416, 3, 24, 0, 2, 2, 1, 1, 1, 17, 1, 1, '00:00:00'),
(417, 3, 25, 0, 2, 2, 1, 1, 1, 17, 1, 1, '00:00:00'),
(418, 3, 26, 0, 2, 2, 1, 1, 1, 17, 1, 1, '00:00:00'),
(419, 3, 27, 0, 2, 2, 1, 1, 1, 17, 1, 1, '00:00:00'),
(420, 3, 28, 0, 2, 2, 1, 1, 1, 17, 1, 1, '00:00:00'),
(421, 3, 29, 0, 2, 2, 1, 1, 1, 17, 1, 1, '00:00:00'),
(422, 3, 30, 0, 2, 2, 1, 1, 1, 17, 1, 1, '00:00:00'),
(423, 3, 31, 0, 2, 2, 1, 1, 1, 17, 1, 1, '00:00:00'),
(424, 3, 32, 0, 2, 2, 1, 1, 1, 17, 1, 1, '00:00:00'),
(425, 3, 33, 0, 2, 2, 1, 1, 1, 17, 1, 1, '00:00:00'),
(426, 3, 34, 0, 2, 2, 1, 1, 1, 17, 1, 1, '00:00:00'),
(427, 3, 35, 0, 2, 2, 1, 1, 1, 17, 1, 1, '00:00:00'),
(428, 3, 36, 0, 2, 2, 1, 1, 1, 17, 1, 1, '00:00:00'),
(429, 3, 37, 0, 2, 2, 1, 1, 1, 17, 1, 1, '00:00:00'),
(430, 3, 38, 0, 2, 2, 1, 1, 1, 17, 1, 1, '00:00:00'),
(431, 3, 39, 0, 2, 2, 1, 1, 1, 17, 1, 1, '00:00:00'),
(432, 3, 40, 0, 2, 2, 1, 1, 1, 17, 1, 1, '00:00:00'),
(433, 3, 41, 0, 2, 2, 1, 1, 1, 17, 1, 1, '00:00:00'),
(434, 3, 42, 0, 2, 2, 1, 1, 1, 17, 1, 1, '00:00:00'),
(435, 3, 43, 0, 2, 2, 1, 1, 1, 17, 1, 1, '00:00:00'),
(436, 3, 44, 0, 2, 2, 1, 1, 1, 17, 1, 1, '00:00:00'),
(437, 3, 45, 0, 2, 2, 1, 1, 1, 17, 1, 1, '00:00:00'),
(438, 3, 46, 0, 2, 2, 1, 1, 1, 17, 1, 1, '00:00:00'),
(439, 3, 47, 0, 2, 2, 1, 1, 1, 17, 1, 1, '00:00:00'),
(440, 3, 48, 0, 2, 2, 1, 1, 1, 17, 1, 1, '00:00:00'),
(441, 3, 49, 0, 2, 2, 1, 1, 1, 17, 1, 1, '00:00:00'),
(442, 3, 1, 0, 3, 2, 1, 1, 2, 18, 1, 1, '00:00:00'),
(443, 3, 2, 0, 3, 2, 1, 1, 2, 18, 1, 1, '00:00:00'),
(444, 3, 3, 0, 3, 2, 1, 1, 2, 18, 1, 1, '00:00:00'),
(445, 3, 4, 0, 3, 2, 1, 1, 2, 18, 1, 1, '00:00:00'),
(446, 3, 5, 0, 3, 2, 1, 1, 2, 18, 1, 1, '00:00:00'),
(447, 3, 6, 0, 3, 2, 1, 1, 2, 18, 1, 1, '00:00:00'),
(448, 3, 7, 0, 3, 2, 1, 1, 2, 18, 1, 1, '00:00:00'),
(449, 3, 8, 0, 3, 2, 1, 1, 2, 18, 1, 1, '00:00:00'),
(450, 3, 9, 0, 3, 2, 1, 1, 2, 18, 1, 1, '00:00:00'),
(451, 3, 10, 0, 3, 2, 1, 1, 2, 18, 1, 1, '00:00:00'),
(452, 3, 11, 0, 3, 2, 1, 1, 2, 18, 1, 1, '00:00:00'),
(453, 3, 12, 0, 3, 2, 1, 1, 2, 18, 1, 1, '00:00:00'),
(454, 3, 13, 0, 3, 2, 1, 1, 2, 18, 1, 1, '00:00:00'),
(455, 3, 14, 0, 3, 2, 1, 1, 2, 18, 1, 1, '00:00:00'),
(456, 3, 15, 0, 3, 2, 1, 1, 2, 18, 1, 1, '00:00:00'),
(457, 3, 16, 0, 3, 2, 1, 1, 2, 18, 1, 1, '00:00:00'),
(458, 3, 17, 0, 3, 2, 1, 1, 2, 18, 1, 1, '00:00:00'),
(459, 3, 18, 0, 3, 2, 1, 1, 2, 18, 1, 1, '00:00:00'),
(460, 3, 19, 0, 3, 2, 1, 1, 2, 18, 1, 1, '00:00:00'),
(461, 3, 20, 0, 3, 2, 1, 1, 2, 18, 1, 1, '00:00:00'),
(462, 3, 21, 0, 3, 2, 1, 1, 2, 18, 1, 1, '00:00:00'),
(463, 3, 22, 0, 3, 2, 1, 1, 2, 18, 1, 1, '00:00:00'),
(464, 3, 23, 0, 3, 2, 1, 1, 2, 18, 1, 1, '00:00:00'),
(465, 3, 24, 0, 3, 2, 1, 1, 2, 18, 1, 1, '00:00:00'),
(466, 3, 25, 0, 3, 2, 1, 1, 2, 18, 1, 1, '00:00:00'),
(467, 3, 26, 0, 3, 2, 1, 1, 2, 18, 1, 1, '00:00:00'),
(468, 3, 27, 0, 3, 2, 1, 1, 2, 18, 1, 1, '00:00:00'),
(469, 3, 28, 0, 3, 2, 1, 1, 2, 18, 1, 1, '00:00:00'),
(470, 3, 29, 0, 3, 2, 1, 1, 2, 18, 1, 1, '00:00:00'),
(471, 3, 30, 0, 3, 2, 1, 1, 2, 18, 1, 1, '00:00:00'),
(472, 3, 31, 0, 3, 2, 1, 1, 2, 18, 1, 1, '00:00:00'),
(473, 3, 32, 0, 3, 2, 1, 1, 2, 18, 1, 1, '00:00:00'),
(474, 3, 33, 0, 3, 2, 1, 1, 2, 18, 1, 1, '00:00:00'),
(475, 3, 34, 0, 3, 2, 1, 1, 2, 18, 1, 1, '00:00:00'),
(476, 3, 35, 0, 3, 2, 1, 1, 2, 18, 1, 1, '00:00:00'),
(477, 3, 36, 0, 3, 2, 1, 1, 2, 18, 1, 1, '00:00:00'),
(478, 3, 37, 0, 3, 2, 1, 1, 2, 18, 1, 1, '00:00:00'),
(479, 3, 38, 0, 3, 2, 1, 1, 2, 18, 1, 1, '00:00:00'),
(480, 3, 39, 0, 3, 2, 1, 1, 2, 18, 1, 1, '00:00:00'),
(481, 3, 40, 0, 3, 2, 1, 1, 2, 18, 1, 1, '00:00:00'),
(482, 3, 41, 0, 3, 2, 1, 1, 2, 18, 1, 1, '00:00:00'),
(483, 3, 42, 0, 3, 2, 1, 1, 2, 18, 1, 1, '00:00:00'),
(484, 3, 43, 0, 3, 2, 1, 1, 2, 18, 1, 1, '00:00:00'),
(485, 3, 44, 0, 3, 2, 1, 1, 2, 18, 1, 1, '00:00:00'),
(486, 3, 45, 0, 3, 2, 1, 1, 2, 18, 1, 1, '00:00:00'),
(487, 3, 46, 0, 3, 2, 1, 1, 2, 18, 1, 1, '00:00:00'),
(488, 3, 47, 0, 3, 2, 1, 1, 2, 18, 1, 1, '00:00:00'),
(489, 3, 48, 0, 3, 2, 1, 1, 2, 18, 1, 1, '00:00:00'),
(490, 3, 49, 0, 3, 2, 1, 1, 2, 18, 1, 1, '00:00:00'),
(491, 3, 1, 0, 4, 3, 1, 1, 3, 19, 1, 1, '00:00:00'),
(492, 3, 2, 0, 4, 3, 1, 1, 3, 19, 1, 1, '00:00:00'),
(493, 3, 3, 0, 4, 3, 1, 1, 3, 19, 1, 1, '00:00:00'),
(494, 3, 4, 0, 4, 3, 1, 1, 3, 19, 1, 1, '00:00:00'),
(495, 3, 5, 0, 4, 3, 1, 1, 3, 19, 1, 1, '00:00:00'),
(496, 3, 6, 0, 4, 3, 1, 1, 3, 19, 1, 1, '00:00:00'),
(497, 3, 7, 0, 4, 3, 1, 1, 3, 19, 1, 1, '00:00:00'),
(498, 3, 8, 0, 4, 3, 1, 1, 3, 19, 1, 1, '00:00:00'),
(499, 3, 9, 0, 4, 3, 1, 1, 3, 19, 1, 1, '00:00:00'),
(500, 3, 10, 0, 4, 3, 1, 1, 3, 19, 1, 1, '00:00:00'),
(501, 3, 11, 0, 4, 3, 1, 1, 3, 19, 1, 1, '00:00:00'),
(502, 3, 12, 0, 4, 3, 1, 1, 3, 19, 1, 1, '00:00:00'),
(503, 3, 13, 0, 4, 3, 1, 1, 3, 19, 1, 1, '00:00:00'),
(504, 3, 14, 0, 4, 3, 1, 1, 3, 19, 1, 1, '00:00:00'),
(505, 3, 15, 0, 4, 3, 1, 1, 3, 19, 1, 1, '00:00:00'),
(506, 3, 16, 0, 4, 3, 1, 1, 3, 19, 1, 1, '00:00:00'),
(507, 3, 17, 0, 4, 3, 1, 1, 3, 19, 1, 1, '00:00:00'),
(508, 3, 18, 0, 4, 3, 1, 1, 3, 19, 1, 1, '00:00:00'),
(509, 3, 19, 0, 4, 3, 1, 1, 3, 19, 1, 1, '00:00:00'),
(510, 3, 20, 0, 4, 3, 1, 1, 3, 19, 1, 1, '00:00:00'),
(511, 3, 21, 0, 4, 3, 1, 1, 3, 19, 1, 1, '00:00:00'),
(512, 3, 22, 0, 4, 3, 1, 1, 3, 19, 1, 1, '00:00:00'),
(513, 3, 23, 0, 4, 3, 1, 1, 3, 19, 1, 1, '00:00:00'),
(514, 3, 24, 0, 4, 3, 1, 1, 3, 19, 1, 1, '00:00:00'),
(515, 3, 25, 0, 4, 3, 1, 1, 3, 19, 1, 1, '00:00:00'),
(516, 3, 26, 0, 4, 3, 1, 1, 3, 19, 1, 1, '00:00:00'),
(517, 3, 27, 0, 4, 3, 1, 1, 3, 19, 1, 1, '00:00:00'),
(518, 3, 28, 0, 4, 3, 1, 1, 3, 19, 1, 1, '00:00:00'),
(519, 3, 29, 0, 4, 3, 1, 1, 3, 19, 1, 1, '00:00:00'),
(520, 3, 30, 0, 4, 3, 1, 1, 3, 19, 1, 1, '00:00:00'),
(521, 3, 31, 0, 4, 3, 1, 1, 3, 19, 1, 1, '00:00:00'),
(522, 3, 32, 0, 4, 3, 1, 1, 3, 19, 1, 1, '00:00:00'),
(523, 3, 33, 0, 4, 3, 1, 1, 3, 19, 1, 1, '00:00:00'),
(524, 3, 34, 0, 4, 3, 1, 1, 3, 19, 1, 1, '00:00:00'),
(525, 3, 35, 0, 4, 3, 1, 1, 3, 19, 1, 1, '00:00:00'),
(526, 3, 36, 0, 4, 3, 1, 1, 3, 19, 1, 1, '00:00:00'),
(527, 3, 37, 0, 4, 3, 1, 1, 3, 19, 1, 1, '00:00:00'),
(528, 3, 38, 0, 4, 3, 1, 1, 3, 19, 1, 1, '00:00:00'),
(529, 3, 39, 0, 4, 3, 1, 1, 3, 19, 1, 1, '00:00:00'),
(530, 3, 40, 0, 4, 3, 1, 1, 3, 19, 1, 1, '00:00:00'),
(531, 3, 41, 0, 4, 3, 1, 1, 3, 19, 1, 1, '00:00:00'),
(532, 3, 42, 0, 4, 3, 1, 1, 3, 19, 1, 1, '00:00:00'),
(533, 3, 43, 0, 4, 3, 1, 1, 3, 19, 1, 1, '00:00:00'),
(534, 3, 44, 0, 4, 3, 1, 1, 3, 19, 1, 1, '00:00:00'),
(535, 3, 45, 0, 4, 3, 1, 1, 3, 19, 1, 1, '00:00:00'),
(536, 3, 46, 0, 4, 3, 1, 1, 3, 19, 1, 1, '00:00:00'),
(537, 3, 47, 0, 4, 3, 1, 1, 3, 19, 1, 1, '00:00:00'),
(538, 3, 48, 0, 4, 3, 1, 1, 3, 19, 1, 1, '00:00:00'),
(539, 3, 49, 0, 4, 3, 1, 1, 3, 19, 1, 1, '00:00:00'),
(540, 3, 1, 0, 6, 2, 1, 1, 4, 20, 1, 1, '00:00:00'),
(541, 3, 2, 0, 6, 2, 1, 1, 4, 20, 1, 1, '00:00:00'),
(542, 3, 3, 0, 6, 2, 1, 1, 4, 20, 1, 1, '00:00:00'),
(543, 3, 4, 0, 6, 2, 1, 1, 4, 20, 1, 1, '00:00:00'),
(544, 3, 5, 0, 6, 2, 1, 1, 4, 20, 1, 1, '00:00:00'),
(545, 3, 6, 0, 6, 2, 1, 1, 4, 20, 1, 1, '00:00:00'),
(546, 3, 7, 0, 6, 2, 1, 1, 4, 20, 1, 1, '00:00:00'),
(547, 3, 8, 0, 6, 2, 1, 1, 4, 20, 1, 1, '00:00:00'),
(548, 3, 9, 0, 6, 2, 1, 1, 4, 20, 1, 1, '00:00:00'),
(549, 3, 10, 0, 6, 2, 1, 1, 4, 20, 1, 1, '00:00:00'),
(550, 3, 11, 0, 6, 2, 1, 1, 4, 20, 1, 1, '00:00:00'),
(551, 3, 12, 0, 6, 2, 1, 1, 4, 20, 1, 1, '00:00:00'),
(552, 3, 13, 0, 6, 2, 1, 1, 4, 20, 1, 1, '00:00:00'),
(553, 3, 14, 0, 6, 2, 1, 1, 4, 20, 1, 1, '00:00:00'),
(554, 3, 15, 0, 6, 2, 1, 1, 4, 20, 1, 1, '00:00:00'),
(555, 3, 16, 0, 6, 2, 1, 1, 4, 20, 1, 1, '00:00:00'),
(556, 3, 17, 0, 6, 2, 1, 1, 4, 20, 1, 1, '00:00:00'),
(557, 3, 18, 0, 6, 2, 1, 1, 4, 20, 1, 1, '00:00:00'),
(558, 3, 19, 0, 6, 2, 1, 1, 4, 20, 1, 1, '00:00:00'),
(559, 3, 20, 0, 6, 2, 1, 1, 4, 20, 1, 1, '00:00:00'),
(560, 3, 21, 0, 6, 2, 1, 1, 4, 20, 1, 1, '00:00:00'),
(561, 3, 22, 0, 6, 2, 1, 1, 4, 20, 1, 1, '00:00:00'),
(562, 3, 23, 0, 6, 2, 1, 1, 4, 20, 1, 1, '00:00:00'),
(563, 3, 24, 0, 6, 2, 1, 1, 4, 20, 1, 1, '00:00:00'),
(564, 3, 25, 0, 6, 2, 1, 1, 4, 20, 1, 1, '00:00:00'),
(565, 3, 26, 0, 6, 2, 1, 1, 4, 20, 1, 1, '00:00:00'),
(566, 3, 27, 0, 6, 2, 1, 1, 4, 20, 1, 1, '00:00:00'),
(567, 3, 28, 0, 6, 2, 1, 1, 4, 20, 1, 1, '00:00:00'),
(568, 3, 29, 0, 6, 2, 1, 1, 4, 20, 1, 1, '00:00:00'),
(569, 3, 30, 0, 6, 2, 1, 1, 4, 20, 1, 1, '00:00:00'),
(570, 3, 31, 0, 6, 2, 1, 1, 4, 20, 1, 1, '00:00:00'),
(571, 3, 32, 0, 6, 2, 1, 1, 4, 20, 1, 1, '00:00:00'),
(572, 3, 33, 0, 6, 2, 1, 1, 4, 20, 1, 1, '00:00:00'),
(573, 3, 34, 0, 6, 2, 1, 1, 4, 20, 1, 1, '00:00:00'),
(574, 3, 35, 0, 6, 2, 1, 1, 4, 20, 1, 1, '00:00:00'),
(575, 3, 36, 0, 6, 2, 1, 1, 4, 20, 1, 1, '00:00:00'),
(576, 3, 37, 0, 6, 2, 1, 1, 4, 20, 1, 1, '00:00:00'),
(577, 3, 38, 0, 6, 2, 1, 1, 4, 20, 1, 1, '00:00:00'),
(578, 3, 39, 0, 6, 2, 1, 1, 4, 20, 1, 1, '00:00:00'),
(579, 3, 40, 0, 6, 2, 1, 1, 4, 20, 1, 1, '00:00:00'),
(580, 3, 41, 0, 6, 2, 1, 1, 4, 20, 1, 1, '00:00:00'),
(581, 3, 42, 0, 6, 2, 1, 1, 4, 20, 1, 1, '00:00:00'),
(582, 3, 43, 0, 6, 2, 1, 1, 4, 20, 1, 1, '00:00:00'),
(583, 3, 44, 0, 6, 2, 1, 1, 4, 20, 1, 1, '00:00:00'),
(584, 3, 45, 0, 6, 2, 1, 1, 4, 20, 1, 1, '00:00:00'),
(585, 3, 46, 0, 6, 2, 1, 1, 4, 20, 1, 1, '00:00:00'),
(586, 3, 47, 0, 6, 2, 1, 1, 4, 20, 1, 1, '00:00:00'),
(587, 3, 48, 0, 6, 2, 1, 1, 4, 20, 1, 1, '00:00:00'),
(588, 3, 49, 0, 6, 2, 1, 1, 4, 20, 1, 1, '00:00:00'),
(589, 4, 1, 0, 2, 2, 1, 1, 1, 25, 1, 1, '00:00:00'),
(590, 4, 2, 0, 2, 2, 1, 1, 1, 25, 1, 1, '00:00:00'),
(591, 4, 3, 0, 2, 2, 1, 1, 1, 25, 1, 1, '00:00:00'),
(592, 4, 4, 0, 2, 2, 1, 1, 1, 25, 1, 1, '00:00:00'),
(593, 4, 5, 0, 2, 2, 1, 1, 1, 25, 1, 1, '00:00:00'),
(594, 4, 6, 0, 2, 2, 1, 1, 1, 25, 1, 1, '00:00:00'),
(595, 4, 7, 0, 2, 2, 1, 1, 1, 25, 1, 1, '00:00:00'),
(596, 4, 8, 0, 2, 2, 1, 1, 1, 25, 1, 1, '00:00:00'),
(597, 4, 9, 0, 2, 2, 1, 1, 1, 25, 1, 1, '00:00:00'),
(598, 4, 10, 0, 2, 2, 1, 1, 1, 25, 1, 1, '00:00:00'),
(599, 4, 11, 0, 2, 2, 1, 1, 1, 25, 1, 1, '00:00:00'),
(600, 4, 12, 0, 2, 2, 1, 1, 1, 25, 1, 1, '00:00:00'),
(601, 4, 13, 0, 2, 2, 1, 1, 1, 25, 1, 1, '00:00:00'),
(602, 4, 14, 0, 2, 2, 1, 1, 1, 25, 1, 1, '00:00:00'),
(603, 4, 15, 0, 2, 2, 1, 1, 1, 25, 1, 1, '00:00:00'),
(604, 4, 16, 0, 2, 2, 1, 1, 1, 25, 1, 1, '00:00:00'),
(605, 4, 17, 0, 2, 2, 1, 1, 1, 25, 1, 1, '00:00:00'),
(606, 4, 18, 0, 2, 2, 1, 1, 1, 25, 1, 1, '00:00:00'),
(607, 4, 19, 0, 2, 2, 1, 1, 1, 25, 1, 1, '00:00:00'),
(608, 4, 20, 0, 2, 2, 1, 1, 1, 25, 1, 1, '00:00:00'),
(609, 4, 21, 0, 2, 2, 1, 1, 1, 25, 1, 1, '00:00:00'),
(610, 4, 22, 0, 2, 2, 1, 1, 1, 25, 1, 1, '00:00:00'),
(611, 4, 23, 0, 2, 2, 1, 1, 1, 25, 1, 1, '00:00:00'),
(612, 4, 24, 0, 2, 2, 1, 1, 1, 25, 1, 1, '00:00:00'),
(613, 4, 25, 0, 2, 2, 1, 1, 1, 25, 1, 1, '00:00:00'),
(614, 4, 26, 0, 2, 2, 1, 1, 1, 25, 1, 1, '00:00:00'),
(615, 4, 27, 0, 2, 2, 1, 1, 1, 25, 1, 1, '00:00:00'),
(616, 4, 28, 0, 2, 2, 1, 1, 1, 25, 1, 1, '00:00:00'),
(617, 4, 29, 0, 2, 2, 1, 1, 1, 25, 1, 1, '00:00:00'),
(618, 4, 30, 0, 2, 2, 1, 1, 1, 25, 1, 1, '00:00:00'),
(619, 4, 31, 0, 2, 2, 1, 1, 1, 25, 1, 1, '00:00:00'),
(620, 4, 32, 0, 2, 2, 1, 1, 1, 25, 1, 1, '00:00:00'),
(621, 4, 33, 0, 2, 2, 1, 1, 1, 25, 1, 1, '00:00:00'),
(622, 4, 34, 0, 2, 2, 1, 1, 1, 25, 1, 1, '00:00:00'),
(623, 4, 35, 0, 2, 2, 1, 1, 1, 25, 1, 1, '00:00:00'),
(624, 4, 36, 0, 2, 2, 1, 1, 1, 25, 1, 1, '00:00:00'),
(625, 4, 37, 0, 2, 2, 1, 1, 1, 25, 1, 1, '00:00:00'),
(626, 4, 38, 0, 2, 2, 1, 1, 1, 25, 1, 1, '00:00:00'),
(627, 4, 39, 0, 2, 2, 1, 1, 1, 25, 1, 1, '00:00:00'),
(628, 4, 40, 0, 2, 2, 1, 1, 1, 25, 1, 1, '00:00:00'),
(629, 4, 41, 0, 2, 2, 1, 1, 1, 25, 1, 1, '00:00:00'),
(630, 4, 42, 0, 2, 2, 1, 1, 1, 25, 1, 1, '00:00:00'),
(631, 4, 43, 0, 2, 2, 1, 1, 1, 25, 1, 1, '00:00:00'),
(632, 4, 44, 0, 2, 2, 1, 1, 1, 25, 1, 1, '00:00:00'),
(633, 4, 45, 0, 2, 2, 1, 1, 1, 25, 1, 1, '00:00:00'),
(634, 4, 46, 0, 2, 2, 1, 1, 1, 25, 1, 1, '00:00:00'),
(635, 4, 47, 0, 2, 2, 1, 1, 1, 25, 1, 1, '00:00:00'),
(636, 4, 48, 0, 2, 2, 1, 1, 1, 25, 1, 1, '00:00:00'),
(637, 4, 49, 0, 2, 2, 1, 1, 1, 25, 1, 1, '00:00:00'),
(638, 4, 1, 0, 3, 2, 1, 1, 2, 26, 1, 1, '00:00:00'),
(639, 4, 2, 0, 3, 2, 1, 1, 2, 26, 1, 1, '00:00:00'),
(640, 4, 3, 0, 3, 2, 1, 1, 2, 26, 1, 1, '00:00:00'),
(641, 4, 4, 0, 3, 2, 1, 1, 2, 26, 1, 1, '00:00:00'),
(642, 4, 5, 0, 3, 2, 1, 1, 2, 26, 1, 1, '00:00:00'),
(643, 4, 6, 0, 3, 2, 1, 1, 2, 26, 1, 1, '00:00:00'),
(644, 4, 7, 0, 3, 2, 1, 1, 2, 26, 1, 1, '00:00:00'),
(645, 4, 8, 0, 3, 2, 1, 1, 2, 26, 1, 1, '00:00:00'),
(646, 4, 9, 0, 3, 2, 1, 1, 2, 26, 1, 1, '00:00:00'),
(647, 4, 10, 0, 3, 2, 1, 1, 2, 26, 1, 1, '00:00:00'),
(648, 4, 11, 0, 3, 2, 1, 1, 2, 26, 1, 1, '00:00:00'),
(649, 4, 12, 0, 3, 2, 1, 1, 2, 26, 1, 1, '00:00:00'),
(650, 4, 13, 0, 3, 2, 1, 1, 2, 26, 1, 1, '00:00:00'),
(651, 4, 14, 0, 3, 2, 1, 1, 2, 26, 1, 1, '00:00:00'),
(652, 4, 15, 0, 3, 2, 1, 1, 2, 26, 1, 1, '00:00:00'),
(653, 4, 16, 0, 3, 2, 1, 1, 2, 26, 1, 1, '00:00:00'),
(654, 4, 17, 0, 3, 2, 1, 1, 2, 26, 1, 1, '00:00:00'),
(655, 4, 18, 0, 3, 2, 1, 1, 2, 26, 1, 1, '00:00:00'),
(656, 4, 19, 0, 3, 2, 1, 1, 2, 26, 1, 1, '00:00:00'),
(657, 4, 20, 0, 3, 2, 1, 1, 2, 26, 1, 1, '00:00:00'),
(658, 4, 21, 0, 3, 2, 1, 1, 2, 26, 1, 1, '00:00:00'),
(659, 4, 22, 0, 3, 2, 1, 1, 2, 26, 1, 1, '00:00:00'),
(660, 4, 23, 0, 3, 2, 1, 1, 2, 26, 1, 1, '00:00:00'),
(661, 4, 24, 0, 3, 2, 1, 1, 2, 26, 1, 1, '00:00:00'),
(662, 4, 25, 0, 3, 2, 1, 1, 2, 26, 1, 1, '00:00:00'),
(663, 4, 26, 0, 3, 2, 1, 1, 2, 26, 1, 1, '00:00:00'),
(664, 4, 27, 0, 3, 2, 1, 1, 2, 26, 1, 1, '00:00:00'),
(665, 4, 28, 0, 3, 2, 1, 1, 2, 26, 1, 1, '00:00:00'),
(666, 4, 29, 0, 3, 2, 1, 1, 2, 26, 1, 1, '00:00:00'),
(667, 4, 30, 0, 3, 2, 1, 1, 2, 26, 1, 1, '00:00:00'),
(668, 4, 31, 0, 3, 2, 1, 1, 2, 26, 1, 1, '00:00:00'),
(669, 4, 32, 0, 3, 2, 1, 1, 2, 26, 1, 1, '00:00:00'),
(670, 4, 33, 0, 3, 2, 1, 1, 2, 26, 1, 1, '00:00:00'),
(671, 4, 34, 0, 3, 2, 1, 1, 2, 26, 1, 1, '00:00:00'),
(672, 4, 35, 0, 3, 2, 1, 1, 2, 26, 1, 1, '00:00:00'),
(673, 4, 36, 0, 3, 2, 1, 1, 2, 26, 1, 1, '00:00:00'),
(674, 4, 37, 0, 3, 2, 1, 1, 2, 26, 1, 1, '00:00:00'),
(675, 4, 38, 0, 3, 2, 1, 1, 2, 26, 1, 1, '00:00:00'),
(676, 4, 39, 0, 3, 2, 1, 1, 2, 26, 1, 1, '00:00:00'),
(677, 4, 40, 0, 3, 2, 1, 1, 2, 26, 1, 1, '00:00:00'),
(678, 4, 41, 0, 3, 2, 1, 1, 2, 26, 1, 1, '00:00:00'),
(679, 4, 42, 0, 3, 2, 1, 1, 2, 26, 1, 1, '00:00:00'),
(680, 4, 43, 0, 3, 2, 1, 1, 2, 26, 1, 1, '00:00:00'),
(681, 4, 44, 0, 3, 2, 1, 1, 2, 26, 1, 1, '00:00:00'),
(682, 4, 45, 0, 3, 2, 1, 1, 2, 26, 1, 1, '00:00:00'),
(683, 4, 46, 0, 3, 2, 1, 1, 2, 26, 1, 1, '00:00:00'),
(684, 4, 47, 0, 3, 2, 1, 1, 2, 26, 1, 1, '00:00:00'),
(685, 4, 48, 0, 3, 2, 1, 1, 2, 26, 1, 1, '00:00:00'),
(686, 4, 49, 0, 3, 2, 1, 1, 2, 26, 1, 1, '00:00:00'),
(687, 4, 1, 0, 4, 3, 1, 1, 3, 27, 1, 1, '00:00:00'),
(688, 4, 2, 0, 4, 3, 1, 1, 3, 27, 1, 1, '00:00:00'),
(689, 4, 3, 0, 4, 3, 1, 1, 3, 27, 1, 1, '00:00:00'),
(690, 4, 4, 0, 4, 3, 1, 1, 3, 27, 1, 1, '00:00:00'),
(691, 4, 5, 0, 4, 3, 1, 1, 3, 27, 1, 1, '00:00:00'),
(692, 4, 6, 0, 4, 3, 1, 1, 3, 27, 1, 1, '00:00:00'),
(693, 4, 7, 0, 4, 3, 1, 1, 3, 27, 1, 1, '00:00:00'),
(694, 4, 8, 0, 4, 3, 1, 1, 3, 27, 1, 1, '00:00:00'),
(695, 4, 9, 0, 4, 3, 1, 1, 3, 27, 1, 1, '00:00:00'),
(696, 4, 10, 0, 4, 3, 1, 1, 3, 27, 1, 1, '00:00:00'),
(697, 4, 11, 0, 4, 3, 1, 1, 3, 27, 1, 1, '00:00:00'),
(698, 4, 12, 0, 4, 3, 1, 1, 3, 27, 1, 1, '00:00:00'),
(699, 4, 13, 0, 4, 3, 1, 1, 3, 27, 1, 1, '00:00:00'),
(700, 4, 14, 0, 4, 3, 1, 1, 3, 27, 1, 1, '00:00:00'),
(701, 4, 15, 0, 4, 3, 1, 1, 3, 27, 1, 1, '00:00:00'),
(702, 4, 16, 0, 4, 3, 1, 1, 3, 27, 1, 1, '00:00:00'),
(703, 4, 17, 0, 4, 3, 1, 1, 3, 27, 1, 1, '00:00:00'),
(704, 4, 18, 0, 4, 3, 1, 1, 3, 27, 1, 1, '00:00:00'),
(705, 4, 19, 0, 4, 3, 1, 1, 3, 27, 1, 1, '00:00:00'),
(706, 4, 20, 0, 4, 3, 1, 1, 3, 27, 1, 1, '00:00:00'),
(707, 4, 21, 0, 4, 3, 1, 1, 3, 27, 1, 1, '00:00:00'),
(708, 4, 22, 0, 4, 3, 1, 1, 3, 27, 1, 1, '00:00:00'),
(709, 4, 23, 0, 4, 3, 1, 1, 3, 27, 1, 1, '00:00:00'),
(710, 4, 24, 0, 4, 3, 1, 1, 3, 27, 1, 1, '00:00:00'),
(711, 4, 25, 0, 4, 3, 1, 1, 3, 27, 1, 1, '00:00:00'),
(712, 4, 26, 0, 4, 3, 1, 1, 3, 27, 1, 1, '00:00:00'),
(713, 4, 27, 0, 4, 3, 1, 1, 3, 27, 1, 1, '00:00:00'),
(714, 4, 28, 0, 4, 3, 1, 1, 3, 27, 1, 1, '00:00:00'),
(715, 4, 29, 0, 4, 3, 1, 1, 3, 27, 1, 1, '00:00:00'),
(716, 4, 30, 0, 4, 3, 1, 1, 3, 27, 1, 1, '00:00:00'),
(717, 4, 31, 0, 4, 3, 1, 1, 3, 27, 1, 1, '00:00:00'),
(718, 4, 32, 0, 4, 3, 1, 1, 3, 27, 1, 1, '00:00:00'),
(719, 4, 33, 0, 4, 3, 1, 1, 3, 27, 1, 1, '00:00:00'),
(720, 4, 34, 0, 4, 3, 1, 1, 3, 27, 1, 1, '00:00:00'),
(721, 4, 35, 0, 4, 3, 1, 1, 3, 27, 1, 1, '00:00:00'),
(722, 4, 36, 0, 4, 3, 1, 1, 3, 27, 1, 1, '00:00:00'),
(723, 4, 37, 0, 4, 3, 1, 1, 3, 27, 1, 1, '00:00:00'),
(724, 4, 38, 0, 4, 3, 1, 1, 3, 27, 1, 1, '00:00:00'),
(725, 4, 39, 0, 4, 3, 1, 1, 3, 27, 1, 1, '00:00:00'),
(726, 4, 40, 0, 4, 3, 1, 1, 3, 27, 1, 1, '00:00:00'),
(727, 4, 41, 0, 4, 3, 1, 1, 3, 27, 1, 1, '00:00:00'),
(728, 4, 42, 0, 4, 3, 1, 1, 3, 27, 1, 1, '00:00:00'),
(729, 4, 43, 0, 4, 3, 1, 1, 3, 27, 1, 1, '00:00:00'),
(730, 4, 44, 0, 4, 3, 1, 1, 3, 27, 1, 1, '00:00:00'),
(731, 4, 45, 0, 4, 3, 1, 1, 3, 27, 1, 1, '00:00:00'),
(732, 4, 46, 0, 4, 3, 1, 1, 3, 27, 1, 1, '00:00:00'),
(733, 4, 47, 0, 4, 3, 1, 1, 3, 27, 1, 1, '00:00:00'),
(734, 4, 48, 0, 4, 3, 1, 1, 3, 27, 1, 1, '00:00:00'),
(735, 4, 49, 0, 4, 3, 1, 1, 3, 27, 1, 1, '00:00:00'),
(736, 4, 1, 0, 6, 2, 1, 1, 4, 28, 1, 1, '00:00:00'),
(737, 4, 2, 0, 6, 2, 1, 1, 4, 28, 1, 1, '00:00:00'),
(738, 4, 3, 0, 6, 2, 1, 1, 4, 28, 1, 1, '00:00:00'),
(739, 4, 4, 0, 6, 2, 1, 1, 4, 28, 1, 1, '00:00:00'),
(740, 4, 5, 0, 6, 2, 1, 1, 4, 28, 1, 1, '00:00:00'),
(741, 4, 6, 0, 6, 2, 1, 1, 4, 28, 1, 1, '00:00:00'),
(742, 4, 7, 0, 6, 2, 1, 1, 4, 28, 1, 1, '00:00:00'),
(743, 4, 8, 0, 6, 2, 1, 1, 4, 28, 1, 1, '00:00:00'),
(744, 4, 9, 0, 6, 2, 1, 1, 4, 28, 1, 1, '00:00:00'),
(745, 4, 10, 0, 6, 2, 1, 1, 4, 28, 1, 1, '00:00:00'),
(746, 4, 11, 0, 6, 2, 1, 1, 4, 28, 1, 1, '00:00:00'),
(747, 4, 12, 0, 6, 2, 1, 1, 4, 28, 1, 1, '00:00:00'),
(748, 4, 13, 0, 6, 2, 1, 1, 4, 28, 1, 1, '00:00:00'),
(749, 4, 14, 0, 6, 2, 1, 1, 4, 28, 1, 1, '00:00:00'),
(750, 4, 15, 0, 6, 2, 1, 1, 4, 28, 1, 1, '00:00:00'),
(751, 4, 16, 0, 6, 2, 1, 1, 4, 28, 1, 1, '00:00:00'),
(752, 4, 17, 0, 6, 2, 1, 1, 4, 28, 1, 1, '00:00:00'),
(753, 4, 18, 0, 6, 2, 1, 1, 4, 28, 1, 1, '00:00:00'),
(754, 4, 19, 0, 6, 2, 1, 1, 4, 28, 1, 1, '00:00:00'),
(755, 4, 20, 0, 6, 2, 1, 1, 4, 28, 1, 1, '00:00:00'),
(756, 4, 21, 0, 6, 2, 1, 1, 4, 28, 1, 1, '00:00:00'),
(757, 4, 22, 0, 6, 2, 1, 1, 4, 28, 1, 1, '00:00:00'),
(758, 4, 23, 0, 6, 2, 1, 1, 4, 28, 1, 1, '00:00:00'),
(759, 4, 24, 0, 6, 2, 1, 1, 4, 28, 1, 1, '00:00:00'),
(760, 4, 25, 0, 6, 2, 1, 1, 4, 28, 1, 1, '00:00:00'),
(761, 4, 26, 0, 6, 2, 1, 1, 4, 28, 1, 1, '00:00:00'),
(762, 4, 27, 0, 6, 2, 1, 1, 4, 28, 1, 1, '00:00:00'),
(763, 4, 28, 0, 6, 2, 1, 1, 4, 28, 1, 1, '00:00:00'),
(764, 4, 29, 0, 6, 2, 1, 1, 4, 28, 1, 1, '00:00:00'),
(765, 4, 30, 0, 6, 2, 1, 1, 4, 28, 1, 1, '00:00:00'),
(766, 4, 31, 0, 6, 2, 1, 1, 4, 28, 1, 1, '00:00:00'),
(767, 4, 32, 0, 6, 2, 1, 1, 4, 28, 1, 1, '00:00:00'),
(768, 4, 33, 0, 6, 2, 1, 1, 4, 28, 1, 1, '00:00:00'),
(769, 4, 34, 0, 6, 2, 1, 1, 4, 28, 1, 1, '00:00:00'),
(770, 4, 35, 0, 6, 2, 1, 1, 4, 28, 1, 1, '00:00:00'),
(771, 4, 36, 0, 6, 2, 1, 1, 4, 28, 1, 1, '00:00:00'),
(772, 4, 37, 0, 6, 2, 1, 1, 4, 28, 1, 1, '00:00:00'),
(773, 4, 38, 0, 6, 2, 1, 1, 4, 28, 1, 1, '00:00:00'),
(774, 4, 39, 0, 6, 2, 1, 1, 4, 28, 1, 1, '00:00:00'),
(775, 4, 40, 0, 6, 2, 1, 1, 4, 28, 1, 1, '00:00:00'),
(776, 4, 41, 0, 6, 2, 1, 1, 4, 28, 1, 1, '00:00:00'),
(777, 4, 42, 0, 6, 2, 1, 1, 4, 28, 1, 1, '00:00:00'),
(778, 4, 43, 0, 6, 2, 1, 1, 4, 28, 1, 1, '00:00:00'),
(779, 4, 44, 0, 6, 2, 1, 1, 4, 28, 1, 1, '00:00:00'),
(780, 4, 45, 0, 6, 2, 1, 1, 4, 28, 1, 1, '00:00:00'),
(781, 4, 46, 0, 6, 2, 1, 1, 4, 28, 1, 1, '00:00:00'),
(782, 4, 47, 0, 6, 2, 1, 1, 4, 28, 1, 1, '00:00:00'),
(783, 4, 48, 0, 6, 2, 1, 1, 4, 28, 1, 1, '00:00:00'),
(784, 4, 49, 0, 6, 2, 1, 1, 4, 28, 1, 1, '00:00:00'),
(785, 5, 1, 0, 2, 2, 1, 1, 1, 33, 1, 1, '00:00:00'),
(786, 5, 2, 0, 2, 2, 1, 1, 1, 33, 1, 1, '00:00:00'),
(787, 5, 3, 0, 2, 2, 1, 1, 1, 33, 1, 1, '00:00:00'),
(788, 5, 4, 0, 2, 2, 1, 1, 1, 33, 1, 1, '00:00:00'),
(789, 5, 5, 0, 2, 2, 1, 1, 1, 33, 1, 1, '00:00:00'),
(790, 5, 6, 0, 2, 2, 1, 1, 1, 33, 1, 1, '00:00:00'),
(791, 5, 7, 0, 2, 2, 1, 1, 1, 33, 1, 1, '00:00:00'),
(792, 5, 8, 0, 2, 2, 1, 1, 1, 33, 1, 1, '00:00:00'),
(793, 5, 9, 0, 2, 2, 1, 1, 1, 33, 1, 1, '00:00:00'),
(794, 5, 10, 0, 2, 2, 1, 1, 1, 33, 1, 1, '00:00:00'),
(795, 5, 11, 0, 2, 2, 1, 1, 1, 33, 1, 1, '00:00:00'),
(796, 5, 12, 0, 2, 2, 1, 1, 1, 33, 1, 1, '00:00:00'),
(797, 5, 13, 0, 2, 2, 1, 1, 1, 33, 1, 1, '00:00:00'),
(798, 5, 14, 0, 2, 2, 1, 1, 1, 33, 1, 1, '00:00:00'),
(799, 5, 15, 0, 2, 2, 1, 1, 1, 33, 1, 1, '00:00:00'),
(800, 5, 16, 0, 2, 2, 1, 1, 1, 33, 1, 1, '00:00:00'),
(801, 5, 17, 0, 2, 2, 1, 1, 1, 33, 1, 1, '00:00:00'),
(802, 5, 18, 0, 2, 2, 1, 1, 1, 33, 1, 1, '00:00:00'),
(803, 5, 19, 0, 2, 2, 1, 1, 1, 33, 1, 1, '00:00:00'),
(804, 5, 20, 0, 2, 2, 1, 1, 1, 33, 1, 1, '00:00:00'),
(805, 5, 21, 0, 2, 2, 1, 1, 1, 33, 1, 1, '00:00:00'),
(806, 5, 22, 0, 2, 2, 1, 1, 1, 33, 1, 1, '00:00:00'),
(807, 5, 23, 0, 2, 2, 1, 1, 1, 33, 1, 1, '00:00:00'),
(808, 5, 24, 0, 2, 2, 1, 1, 1, 33, 1, 1, '00:00:00'),
(809, 5, 25, 0, 2, 2, 1, 1, 1, 33, 1, 1, '00:00:00'),
(810, 5, 26, 0, 2, 2, 1, 1, 1, 33, 1, 1, '00:00:00'),
(811, 5, 27, 0, 2, 2, 1, 1, 1, 33, 1, 1, '00:00:00'),
(812, 5, 28, 0, 2, 2, 1, 1, 1, 33, 1, 1, '00:00:00'),
(813, 5, 29, 0, 2, 2, 1, 1, 1, 33, 1, 1, '00:00:00'),
(814, 5, 30, 0, 2, 2, 1, 1, 1, 33, 1, 1, '00:00:00'),
(815, 5, 31, 0, 2, 2, 1, 1, 1, 33, 1, 1, '00:00:00'),
(816, 5, 32, 0, 2, 2, 1, 1, 1, 33, 1, 1, '00:00:00'),
(817, 5, 33, 0, 2, 2, 1, 1, 1, 33, 1, 1, '00:00:00'),
(818, 5, 34, 0, 2, 2, 1, 1, 1, 33, 1, 1, '00:00:00'),
(819, 5, 35, 0, 2, 2, 1, 1, 1, 33, 1, 1, '00:00:00'),
(820, 5, 36, 0, 2, 2, 1, 1, 1, 33, 1, 1, '00:00:00'),
(821, 5, 37, 0, 2, 2, 1, 1, 1, 33, 1, 1, '00:00:00'),
(822, 5, 38, 0, 2, 2, 1, 1, 1, 33, 1, 1, '00:00:00'),
(823, 5, 39, 0, 2, 2, 1, 1, 1, 33, 1, 1, '00:00:00'),
(824, 5, 40, 0, 2, 2, 1, 1, 1, 33, 1, 1, '00:00:00'),
(825, 5, 41, 0, 2, 2, 1, 1, 1, 33, 1, 1, '00:00:00'),
(826, 5, 42, 0, 2, 2, 1, 1, 1, 33, 1, 1, '00:00:00'),
(827, 5, 43, 0, 2, 2, 1, 1, 1, 33, 1, 1, '00:00:00'),
(828, 5, 44, 0, 2, 2, 1, 1, 1, 33, 1, 1, '00:00:00'),
(829, 5, 45, 0, 2, 2, 1, 1, 1, 33, 1, 1, '00:00:00'),
(830, 5, 46, 0, 2, 2, 1, 1, 1, 33, 1, 1, '00:00:00'),
(831, 5, 47, 0, 2, 2, 1, 1, 1, 33, 1, 1, '00:00:00'),
(832, 5, 48, 0, 2, 2, 1, 1, 1, 33, 1, 1, '00:00:00'),
(833, 5, 49, 0, 2, 2, 1, 1, 1, 33, 1, 1, '00:00:00'),
(834, 5, 1, 0, 3, 2, 1, 1, 2, 34, 1, 1, '00:00:00'),
(835, 5, 2, 0, 3, 2, 1, 1, 2, 34, 1, 1, '00:00:00'),
(836, 5, 3, 0, 3, 2, 1, 1, 2, 34, 1, 1, '00:00:00'),
(837, 5, 4, 0, 3, 2, 1, 1, 2, 34, 1, 1, '00:00:00'),
(838, 5, 5, 0, 3, 2, 1, 1, 2, 34, 1, 1, '00:00:00'),
(839, 5, 6, 0, 3, 2, 1, 1, 2, 34, 1, 1, '00:00:00'),
(840, 5, 7, 0, 3, 2, 1, 1, 2, 34, 1, 1, '00:00:00'),
(841, 5, 8, 0, 3, 2, 1, 1, 2, 34, 1, 1, '00:00:00'),
(842, 5, 9, 0, 3, 2, 1, 1, 2, 34, 1, 1, '00:00:00'),
(843, 5, 10, 0, 3, 2, 1, 1, 2, 34, 1, 1, '00:00:00'),
(844, 5, 11, 0, 3, 2, 1, 1, 2, 34, 1, 1, '00:00:00'),
(845, 5, 12, 0, 3, 2, 1, 1, 2, 34, 1, 1, '00:00:00'),
(846, 5, 13, 0, 3, 2, 1, 1, 2, 34, 1, 1, '00:00:00'),
(847, 5, 14, 0, 3, 2, 1, 1, 2, 34, 1, 1, '00:00:00'),
(848, 5, 15, 0, 3, 2, 1, 1, 2, 34, 1, 1, '00:00:00'),
(849, 5, 16, 0, 3, 2, 1, 1, 2, 34, 1, 1, '00:00:00'),
(850, 5, 17, 0, 3, 2, 1, 1, 2, 34, 1, 1, '00:00:00'),
(851, 5, 18, 0, 3, 2, 1, 1, 2, 34, 1, 1, '00:00:00'),
(852, 5, 19, 0, 3, 2, 1, 1, 2, 34, 1, 1, '00:00:00'),
(853, 5, 20, 0, 3, 2, 1, 1, 2, 34, 1, 1, '00:00:00'),
(854, 5, 21, 0, 3, 2, 1, 1, 2, 34, 1, 1, '00:00:00'),
(855, 5, 22, 0, 3, 2, 1, 1, 2, 34, 1, 1, '00:00:00'),
(856, 5, 23, 0, 3, 2, 1, 1, 2, 34, 1, 1, '00:00:00'),
(857, 5, 24, 0, 3, 2, 1, 1, 2, 34, 1, 1, '00:00:00'),
(858, 5, 25, 0, 3, 2, 1, 1, 2, 34, 1, 1, '00:00:00'),
(859, 5, 26, 0, 3, 2, 1, 1, 2, 34, 1, 1, '00:00:00'),
(860, 5, 27, 0, 3, 2, 1, 1, 2, 34, 1, 1, '00:00:00'),
(861, 5, 28, 0, 3, 2, 1, 1, 2, 34, 1, 1, '00:00:00'),
(862, 5, 29, 0, 3, 2, 1, 1, 2, 34, 1, 1, '00:00:00'),
(863, 5, 30, 0, 3, 2, 1, 1, 2, 34, 1, 1, '00:00:00'),
(864, 5, 31, 0, 3, 2, 1, 1, 2, 34, 1, 1, '00:00:00'),
(865, 5, 32, 0, 3, 2, 1, 1, 2, 34, 1, 1, '00:00:00'),
(866, 5, 33, 0, 3, 2, 1, 1, 2, 34, 1, 1, '00:00:00'),
(867, 5, 34, 0, 3, 2, 1, 1, 2, 34, 1, 1, '00:00:00'),
(868, 5, 35, 0, 3, 2, 1, 1, 2, 34, 1, 1, '00:00:00'),
(869, 5, 36, 0, 3, 2, 1, 1, 2, 34, 1, 1, '00:00:00'),
(870, 5, 37, 0, 3, 2, 1, 1, 2, 34, 1, 1, '00:00:00'),
(871, 5, 38, 0, 3, 2, 1, 1, 2, 34, 1, 1, '00:00:00'),
(872, 5, 39, 0, 3, 2, 1, 1, 2, 34, 1, 1, '00:00:00'),
(873, 5, 40, 0, 3, 2, 1, 1, 2, 34, 1, 1, '00:00:00'),
(874, 5, 41, 0, 3, 2, 1, 1, 2, 34, 1, 1, '00:00:00'),
(875, 5, 42, 0, 3, 2, 1, 1, 2, 34, 1, 1, '00:00:00'),
(876, 5, 43, 0, 3, 2, 1, 1, 2, 34, 1, 1, '00:00:00'),
(877, 5, 44, 0, 3, 2, 1, 1, 2, 34, 1, 1, '00:00:00'),
(878, 5, 45, 0, 3, 2, 1, 1, 2, 34, 1, 1, '00:00:00'),
(879, 5, 46, 0, 3, 2, 1, 1, 2, 34, 1, 1, '00:00:00'),
(880, 5, 47, 0, 3, 2, 1, 1, 2, 34, 1, 1, '00:00:00'),
(881, 5, 48, 0, 3, 2, 1, 1, 2, 34, 1, 1, '00:00:00'),
(882, 5, 49, 0, 3, 2, 1, 1, 2, 34, 1, 1, '00:00:00'),
(883, 5, 1, 0, 4, 3, 1, 1, 3, 35, 1, 1, '00:00:00'),
(884, 5, 2, 0, 4, 3, 1, 1, 3, 35, 1, 1, '00:00:00'),
(885, 5, 3, 0, 4, 3, 1, 1, 3, 35, 1, 1, '00:00:00'),
(886, 5, 4, 0, 4, 3, 1, 1, 3, 35, 1, 1, '00:00:00'),
(887, 5, 5, 0, 4, 3, 1, 1, 3, 35, 1, 1, '00:00:00'),
(888, 5, 6, 0, 4, 3, 1, 1, 3, 35, 1, 1, '00:00:00'),
(889, 5, 7, 0, 4, 3, 1, 1, 3, 35, 1, 1, '00:00:00'),
(890, 5, 8, 0, 4, 3, 1, 1, 3, 35, 1, 1, '00:00:00'),
(891, 5, 9, 0, 4, 3, 1, 1, 3, 35, 1, 1, '00:00:00'),
(892, 5, 10, 0, 4, 3, 1, 1, 3, 35, 1, 1, '00:00:00'),
(893, 5, 11, 0, 4, 3, 1, 1, 3, 35, 1, 1, '00:00:00'),
(894, 5, 12, 0, 4, 3, 1, 1, 3, 35, 1, 1, '00:00:00'),
(895, 5, 13, 0, 4, 3, 1, 1, 3, 35, 1, 1, '00:00:00'),
(896, 5, 14, 0, 4, 3, 1, 1, 3, 35, 1, 1, '00:00:00'),
(897, 5, 15, 0, 4, 3, 1, 1, 3, 35, 1, 1, '00:00:00'),
(898, 5, 16, 0, 4, 3, 1, 1, 3, 35, 1, 1, '00:00:00'),
(899, 5, 17, 0, 4, 3, 1, 1, 3, 35, 1, 1, '00:00:00'),
(900, 5, 18, 0, 4, 3, 1, 1, 3, 35, 1, 1, '00:00:00'),
(901, 5, 19, 0, 4, 3, 1, 1, 3, 35, 1, 1, '00:00:00'),
(902, 5, 20, 0, 4, 3, 1, 1, 3, 35, 1, 1, '00:00:00'),
(903, 5, 21, 0, 4, 3, 1, 1, 3, 35, 1, 1, '00:00:00'),
(904, 5, 22, 0, 4, 3, 1, 1, 3, 35, 1, 1, '00:00:00'),
(905, 5, 23, 0, 4, 3, 1, 1, 3, 35, 1, 1, '00:00:00'),
(906, 5, 24, 0, 4, 3, 1, 1, 3, 35, 1, 1, '00:00:00'),
(907, 5, 25, 0, 4, 3, 1, 1, 3, 35, 1, 1, '00:00:00'),
(908, 5, 26, 0, 4, 3, 1, 1, 3, 35, 1, 1, '00:00:00'),
(909, 5, 27, 0, 4, 3, 1, 1, 3, 35, 1, 1, '00:00:00'),
(910, 5, 28, 0, 4, 3, 1, 1, 3, 35, 1, 1, '00:00:00'),
(911, 5, 29, 0, 4, 3, 1, 1, 3, 35, 1, 1, '00:00:00'),
(912, 5, 30, 0, 4, 3, 1, 1, 3, 35, 1, 1, '00:00:00'),
(913, 5, 31, 0, 4, 3, 1, 1, 3, 35, 1, 1, '00:00:00'),
(914, 5, 32, 0, 4, 3, 1, 1, 3, 35, 1, 1, '00:00:00'),
(915, 5, 33, 0, 4, 3, 1, 1, 3, 35, 1, 1, '00:00:00'),
(916, 5, 34, 0, 4, 3, 1, 1, 3, 35, 1, 1, '00:00:00'),
(917, 5, 35, 0, 4, 3, 1, 1, 3, 35, 1, 1, '00:00:00'),
(918, 5, 36, 0, 4, 3, 1, 1, 3, 35, 1, 1, '00:00:00'),
(919, 5, 37, 0, 4, 3, 1, 1, 3, 35, 1, 1, '00:00:00'),
(920, 5, 38, 0, 4, 3, 1, 1, 3, 35, 1, 1, '00:00:00'),
(921, 5, 39, 0, 4, 3, 1, 1, 3, 35, 1, 1, '00:00:00'),
(922, 5, 40, 0, 4, 3, 1, 1, 3, 35, 1, 1, '00:00:00'),
(923, 5, 41, 0, 4, 3, 1, 1, 3, 35, 1, 1, '00:00:00'),
(924, 5, 42, 0, 4, 3, 1, 1, 3, 35, 1, 1, '00:00:00'),
(925, 5, 43, 0, 4, 3, 1, 1, 3, 35, 1, 1, '00:00:00'),
(926, 5, 44, 0, 4, 3, 1, 1, 3, 35, 1, 1, '00:00:00'),
(927, 5, 45, 0, 4, 3, 1, 1, 3, 35, 1, 1, '00:00:00'),
(928, 5, 46, 0, 4, 3, 1, 1, 3, 35, 1, 1, '00:00:00'),
(929, 5, 47, 0, 4, 3, 1, 1, 3, 35, 1, 1, '00:00:00'),
(930, 5, 48, 0, 4, 3, 1, 1, 3, 35, 1, 1, '00:00:00'),
(931, 5, 49, 0, 4, 3, 1, 1, 3, 35, 1, 1, '00:00:00'),
(932, 5, 1, 0, 6, 2, 1, 1, 4, 36, 1, 1, '00:00:00'),
(933, 5, 2, 0, 6, 2, 1, 1, 4, 36, 1, 1, '00:00:00'),
(934, 5, 3, 0, 6, 2, 1, 1, 4, 36, 1, 1, '00:00:00'),
(935, 5, 4, 0, 6, 2, 1, 1, 4, 36, 1, 1, '00:00:00'),
(936, 5, 5, 0, 6, 2, 1, 1, 4, 36, 1, 1, '00:00:00'),
(937, 5, 6, 0, 6, 2, 1, 1, 4, 36, 1, 1, '00:00:00'),
(938, 5, 7, 0, 6, 2, 1, 1, 4, 36, 1, 1, '00:00:00'),
(939, 5, 8, 0, 6, 2, 1, 1, 4, 36, 1, 1, '00:00:00'),
(940, 5, 9, 0, 6, 2, 1, 1, 4, 36, 1, 1, '00:00:00'),
(941, 5, 10, 0, 6, 2, 1, 1, 4, 36, 1, 1, '00:00:00'),
(942, 5, 11, 0, 6, 2, 1, 1, 4, 36, 1, 1, '00:00:00'),
(943, 5, 12, 0, 6, 2, 1, 1, 4, 36, 1, 1, '00:00:00'),
(944, 5, 13, 0, 6, 2, 1, 1, 4, 36, 1, 1, '00:00:00'),
(945, 5, 14, 0, 6, 2, 1, 1, 4, 36, 1, 1, '00:00:00'),
(946, 5, 15, 0, 6, 2, 1, 1, 4, 36, 1, 1, '00:00:00'),
(947, 5, 16, 0, 6, 2, 1, 1, 4, 36, 1, 1, '00:00:00'),
(948, 5, 17, 0, 6, 2, 1, 1, 4, 36, 1, 1, '00:00:00'),
(949, 5, 18, 0, 6, 2, 1, 1, 4, 36, 1, 1, '00:00:00'),
(950, 5, 19, 0, 6, 2, 1, 1, 4, 36, 1, 1, '00:00:00'),
(951, 5, 20, 0, 6, 2, 1, 1, 4, 36, 1, 1, '00:00:00'),
(952, 5, 21, 0, 6, 2, 1, 1, 4, 36, 1, 1, '00:00:00'),
(953, 5, 22, 0, 6, 2, 1, 1, 4, 36, 1, 1, '00:00:00'),
(954, 5, 23, 0, 6, 2, 1, 1, 4, 36, 1, 1, '00:00:00'),
(955, 5, 24, 0, 6, 2, 1, 1, 4, 36, 1, 1, '00:00:00'),
(956, 5, 25, 0, 6, 2, 1, 1, 4, 36, 1, 1, '00:00:00'),
(957, 5, 26, 0, 6, 2, 1, 1, 4, 36, 1, 1, '00:00:00'),
(958, 5, 27, 0, 6, 2, 1, 1, 4, 36, 1, 1, '00:00:00'),
(959, 5, 28, 0, 6, 2, 1, 1, 4, 36, 1, 1, '00:00:00'),
(960, 5, 29, 0, 6, 2, 1, 1, 4, 36, 1, 1, '00:00:00'),
(961, 5, 30, 0, 6, 2, 1, 1, 4, 36, 1, 1, '00:00:00'),
(962, 5, 31, 0, 6, 2, 1, 1, 4, 36, 1, 1, '00:00:00'),
(963, 5, 32, 0, 6, 2, 1, 1, 4, 36, 1, 1, '00:00:00'),
(964, 5, 33, 0, 6, 2, 1, 1, 4, 36, 1, 1, '00:00:00'),
(965, 5, 34, 0, 6, 2, 1, 1, 4, 36, 1, 1, '00:00:00'),
(966, 5, 35, 0, 6, 2, 1, 1, 4, 36, 1, 1, '00:00:00'),
(967, 5, 36, 0, 6, 2, 1, 1, 4, 36, 1, 1, '00:00:00');
INSERT INTO `table_centrale` (`id_table`, `date`, `joueur`, `championnat`, `niveau_championnat`, `poule`, `etat_joueur_initial`, `etat_joueur_final`, `equipe_sdstt`, `equipe_adversaire`, `domext`, `rendez_vous`, `horaire_rendez_vous`) VALUES
(968, 5, 37, 0, 6, 2, 1, 1, 4, 36, 1, 1, '00:00:00'),
(969, 5, 38, 0, 6, 2, 1, 1, 4, 36, 1, 1, '00:00:00'),
(970, 5, 39, 0, 6, 2, 1, 1, 4, 36, 1, 1, '00:00:00'),
(971, 5, 40, 0, 6, 2, 1, 1, 4, 36, 1, 1, '00:00:00'),
(972, 5, 41, 0, 6, 2, 1, 1, 4, 36, 1, 1, '00:00:00'),
(973, 5, 42, 0, 6, 2, 1, 1, 4, 36, 1, 1, '00:00:00'),
(974, 5, 43, 0, 6, 2, 1, 1, 4, 36, 1, 1, '00:00:00'),
(975, 5, 44, 0, 6, 2, 1, 1, 4, 36, 1, 1, '00:00:00'),
(976, 5, 45, 0, 6, 2, 1, 1, 4, 36, 1, 1, '00:00:00'),
(977, 5, 46, 0, 6, 2, 1, 1, 4, 36, 1, 1, '00:00:00'),
(978, 5, 47, 0, 6, 2, 1, 1, 4, 36, 1, 1, '00:00:00'),
(979, 5, 48, 0, 6, 2, 1, 1, 4, 36, 1, 1, '00:00:00'),
(980, 5, 49, 0, 6, 2, 1, 1, 4, 36, 1, 1, '00:00:00'),
(981, 6, 1, 0, 2, 2, 1, 1, 1, 41, 1, 1, '00:00:00'),
(982, 6, 2, 0, 2, 2, 1, 1, 1, 41, 1, 1, '00:00:00'),
(983, 6, 3, 0, 2, 2, 1, 1, 1, 41, 1, 1, '00:00:00'),
(984, 6, 4, 0, 2, 2, 1, 1, 1, 41, 1, 1, '00:00:00'),
(985, 6, 5, 0, 2, 2, 1, 1, 1, 41, 1, 1, '00:00:00'),
(986, 6, 6, 0, 2, 2, 1, 1, 1, 41, 1, 1, '00:00:00'),
(987, 6, 7, 0, 2, 2, 1, 1, 1, 41, 1, 1, '00:00:00'),
(988, 6, 8, 0, 2, 2, 1, 1, 1, 41, 1, 1, '00:00:00'),
(989, 6, 9, 0, 2, 2, 1, 1, 1, 41, 1, 1, '00:00:00'),
(990, 6, 10, 0, 2, 2, 1, 1, 1, 41, 1, 1, '00:00:00'),
(991, 6, 11, 0, 2, 2, 1, 1, 1, 41, 1, 1, '00:00:00'),
(992, 6, 12, 0, 2, 2, 1, 1, 1, 41, 1, 1, '00:00:00'),
(993, 6, 13, 0, 2, 2, 1, 1, 1, 41, 1, 1, '00:00:00'),
(994, 6, 14, 0, 2, 2, 1, 1, 1, 41, 1, 1, '00:00:00'),
(995, 6, 15, 0, 2, 2, 1, 1, 1, 41, 1, 1, '00:00:00'),
(996, 6, 16, 0, 2, 2, 1, 1, 1, 41, 1, 1, '00:00:00'),
(997, 6, 17, 0, 2, 2, 1, 1, 1, 41, 1, 1, '00:00:00'),
(998, 6, 18, 0, 2, 2, 1, 1, 1, 41, 1, 1, '00:00:00'),
(999, 6, 19, 0, 2, 2, 1, 1, 1, 41, 1, 1, '00:00:00'),
(1000, 6, 20, 0, 2, 2, 1, 1, 1, 41, 1, 1, '00:00:00'),
(1001, 6, 21, 0, 2, 2, 1, 1, 1, 41, 1, 1, '00:00:00'),
(1002, 6, 22, 0, 2, 2, 1, 1, 1, 41, 1, 1, '00:00:00'),
(1003, 6, 23, 0, 2, 2, 1, 1, 1, 41, 1, 1, '00:00:00'),
(1004, 6, 24, 0, 2, 2, 1, 1, 1, 41, 1, 1, '00:00:00'),
(1005, 6, 25, 0, 2, 2, 1, 1, 1, 41, 1, 1, '00:00:00'),
(1006, 6, 26, 0, 2, 2, 1, 1, 1, 41, 1, 1, '00:00:00'),
(1007, 6, 27, 0, 2, 2, 1, 1, 1, 41, 1, 1, '00:00:00'),
(1008, 6, 28, 0, 2, 2, 1, 1, 1, 41, 1, 1, '00:00:00'),
(1009, 6, 29, 0, 2, 2, 1, 1, 1, 41, 1, 1, '00:00:00'),
(1010, 6, 30, 0, 2, 2, 1, 1, 1, 41, 1, 1, '00:00:00'),
(1011, 6, 31, 0, 2, 2, 1, 1, 1, 41, 1, 1, '00:00:00'),
(1012, 6, 32, 0, 2, 2, 1, 1, 1, 41, 1, 1, '00:00:00'),
(1013, 6, 33, 0, 2, 2, 1, 1, 1, 41, 1, 1, '00:00:00'),
(1014, 6, 34, 0, 2, 2, 1, 1, 1, 41, 1, 1, '00:00:00'),
(1015, 6, 35, 0, 2, 2, 1, 1, 1, 41, 1, 1, '00:00:00'),
(1016, 6, 36, 0, 2, 2, 1, 1, 1, 41, 1, 1, '00:00:00'),
(1017, 6, 37, 0, 2, 2, 1, 1, 1, 41, 1, 1, '00:00:00'),
(1018, 6, 38, 0, 2, 2, 1, 1, 1, 41, 1, 1, '00:00:00'),
(1019, 6, 39, 0, 2, 2, 1, 1, 1, 41, 1, 1, '00:00:00'),
(1020, 6, 40, 0, 2, 2, 1, 1, 1, 41, 1, 1, '00:00:00'),
(1021, 6, 41, 0, 2, 2, 1, 1, 1, 41, 1, 1, '00:00:00'),
(1022, 6, 42, 0, 2, 2, 1, 1, 1, 41, 1, 1, '00:00:00'),
(1023, 6, 43, 0, 2, 2, 1, 1, 1, 41, 1, 1, '00:00:00'),
(1024, 6, 44, 0, 2, 2, 1, 1, 1, 41, 1, 1, '00:00:00'),
(1025, 6, 45, 0, 2, 2, 1, 1, 1, 41, 1, 1, '00:00:00'),
(1026, 6, 46, 0, 2, 2, 1, 1, 1, 41, 1, 1, '00:00:00'),
(1027, 6, 47, 0, 2, 2, 1, 1, 1, 41, 1, 1, '00:00:00'),
(1028, 6, 48, 0, 2, 2, 1, 1, 1, 41, 1, 1, '00:00:00'),
(1029, 6, 49, 0, 2, 2, 1, 1, 1, 41, 1, 1, '00:00:00'),
(1030, 6, 1, 0, 3, 2, 1, 1, 2, 42, 1, 1, '00:00:00'),
(1031, 6, 2, 0, 3, 2, 1, 1, 2, 42, 1, 1, '00:00:00'),
(1032, 6, 3, 0, 3, 2, 1, 1, 2, 42, 1, 1, '00:00:00'),
(1033, 6, 4, 0, 3, 2, 1, 1, 2, 42, 1, 1, '00:00:00'),
(1034, 6, 5, 0, 3, 2, 1, 1, 2, 42, 1, 1, '00:00:00'),
(1035, 6, 6, 0, 3, 2, 1, 1, 2, 42, 1, 1, '00:00:00'),
(1036, 6, 7, 0, 3, 2, 1, 1, 2, 42, 1, 1, '00:00:00'),
(1037, 6, 8, 0, 3, 2, 1, 1, 2, 42, 1, 1, '00:00:00'),
(1038, 6, 9, 0, 3, 2, 1, 1, 2, 42, 1, 1, '00:00:00'),
(1039, 6, 10, 0, 3, 2, 1, 1, 2, 42, 1, 1, '00:00:00'),
(1040, 6, 11, 0, 3, 2, 1, 1, 2, 42, 1, 1, '00:00:00'),
(1041, 6, 12, 0, 3, 2, 1, 1, 2, 42, 1, 1, '00:00:00'),
(1042, 6, 13, 0, 3, 2, 1, 1, 2, 42, 1, 1, '00:00:00'),
(1043, 6, 14, 0, 3, 2, 1, 1, 2, 42, 1, 1, '00:00:00'),
(1044, 6, 15, 0, 3, 2, 1, 1, 2, 42, 1, 1, '00:00:00'),
(1045, 6, 16, 0, 3, 2, 1, 1, 2, 42, 1, 1, '00:00:00'),
(1046, 6, 17, 0, 3, 2, 1, 1, 2, 42, 1, 1, '00:00:00'),
(1047, 6, 18, 0, 3, 2, 1, 1, 2, 42, 1, 1, '00:00:00'),
(1048, 6, 19, 0, 3, 2, 1, 1, 2, 42, 1, 1, '00:00:00'),
(1049, 6, 20, 0, 3, 2, 1, 1, 2, 42, 1, 1, '00:00:00'),
(1050, 6, 21, 0, 3, 2, 1, 1, 2, 42, 1, 1, '00:00:00'),
(1051, 6, 22, 0, 3, 2, 1, 1, 2, 42, 1, 1, '00:00:00'),
(1052, 6, 23, 0, 3, 2, 1, 1, 2, 42, 1, 1, '00:00:00'),
(1053, 6, 24, 0, 3, 2, 1, 1, 2, 42, 1, 1, '00:00:00'),
(1054, 6, 25, 0, 3, 2, 1, 1, 2, 42, 1, 1, '00:00:00'),
(1055, 6, 26, 0, 3, 2, 1, 1, 2, 42, 1, 1, '00:00:00'),
(1056, 6, 27, 0, 3, 2, 1, 1, 2, 42, 1, 1, '00:00:00'),
(1057, 6, 28, 0, 3, 2, 1, 1, 2, 42, 1, 1, '00:00:00'),
(1058, 6, 29, 0, 3, 2, 1, 1, 2, 42, 1, 1, '00:00:00'),
(1059, 6, 30, 0, 3, 2, 1, 1, 2, 42, 1, 1, '00:00:00'),
(1060, 6, 31, 0, 3, 2, 1, 1, 2, 42, 1, 1, '00:00:00'),
(1061, 6, 32, 0, 3, 2, 1, 1, 2, 42, 1, 1, '00:00:00'),
(1062, 6, 33, 0, 3, 2, 1, 1, 2, 42, 1, 1, '00:00:00'),
(1063, 6, 34, 0, 3, 2, 1, 1, 2, 42, 1, 1, '00:00:00'),
(1064, 6, 35, 0, 3, 2, 1, 1, 2, 42, 1, 1, '00:00:00'),
(1065, 6, 36, 0, 3, 2, 1, 1, 2, 42, 1, 1, '00:00:00'),
(1066, 6, 37, 0, 3, 2, 1, 1, 2, 42, 1, 1, '00:00:00'),
(1067, 6, 38, 0, 3, 2, 1, 1, 2, 42, 1, 1, '00:00:00'),
(1068, 6, 39, 0, 3, 2, 1, 1, 2, 42, 1, 1, '00:00:00'),
(1069, 6, 40, 0, 3, 2, 1, 1, 2, 42, 1, 1, '00:00:00'),
(1070, 6, 41, 0, 3, 2, 1, 1, 2, 42, 1, 1, '00:00:00'),
(1071, 6, 42, 0, 3, 2, 1, 1, 2, 42, 1, 1, '00:00:00'),
(1072, 6, 43, 0, 3, 2, 1, 1, 2, 42, 1, 1, '00:00:00'),
(1073, 6, 44, 0, 3, 2, 1, 1, 2, 42, 1, 1, '00:00:00'),
(1074, 6, 45, 0, 3, 2, 1, 1, 2, 42, 1, 1, '00:00:00'),
(1075, 6, 46, 0, 3, 2, 1, 1, 2, 42, 1, 1, '00:00:00'),
(1076, 6, 47, 0, 3, 2, 1, 1, 2, 42, 1, 1, '00:00:00'),
(1077, 6, 48, 0, 3, 2, 1, 1, 2, 42, 1, 1, '00:00:00'),
(1078, 6, 49, 0, 3, 2, 1, 1, 2, 42, 1, 1, '00:00:00'),
(1079, 6, 1, 0, 4, 3, 1, 1, 3, 43, 1, 1, '00:00:00'),
(1080, 6, 2, 0, 4, 3, 1, 1, 3, 43, 1, 1, '00:00:00'),
(1081, 6, 3, 0, 4, 3, 1, 1, 3, 43, 1, 1, '00:00:00'),
(1082, 6, 4, 0, 4, 3, 1, 1, 3, 43, 1, 1, '00:00:00'),
(1083, 6, 5, 0, 4, 3, 1, 1, 3, 43, 1, 1, '00:00:00'),
(1084, 6, 6, 0, 4, 3, 1, 1, 3, 43, 1, 1, '00:00:00'),
(1085, 6, 7, 0, 4, 3, 1, 1, 3, 43, 1, 1, '00:00:00'),
(1086, 6, 8, 0, 4, 3, 1, 1, 3, 43, 1, 1, '00:00:00'),
(1087, 6, 9, 0, 4, 3, 1, 1, 3, 43, 1, 1, '00:00:00'),
(1088, 6, 10, 0, 4, 3, 1, 1, 3, 43, 1, 1, '00:00:00'),
(1089, 6, 11, 0, 4, 3, 1, 1, 3, 43, 1, 1, '00:00:00'),
(1090, 6, 12, 0, 4, 3, 1, 1, 3, 43, 1, 1, '00:00:00'),
(1091, 6, 13, 0, 4, 3, 1, 1, 3, 43, 1, 1, '00:00:00'),
(1092, 6, 14, 0, 4, 3, 1, 1, 3, 43, 1, 1, '00:00:00'),
(1093, 6, 15, 0, 4, 3, 1, 1, 3, 43, 1, 1, '00:00:00'),
(1094, 6, 16, 0, 4, 3, 1, 1, 3, 43, 1, 1, '00:00:00'),
(1095, 6, 17, 0, 4, 3, 1, 1, 3, 43, 1, 1, '00:00:00'),
(1096, 6, 18, 0, 4, 3, 1, 1, 3, 43, 1, 1, '00:00:00'),
(1097, 6, 19, 0, 4, 3, 1, 1, 3, 43, 1, 1, '00:00:00'),
(1098, 6, 20, 0, 4, 3, 1, 1, 3, 43, 1, 1, '00:00:00'),
(1099, 6, 21, 0, 4, 3, 1, 1, 3, 43, 1, 1, '00:00:00'),
(1100, 6, 22, 0, 4, 3, 1, 1, 3, 43, 1, 1, '00:00:00'),
(1101, 6, 23, 0, 4, 3, 1, 1, 3, 43, 1, 1, '00:00:00'),
(1102, 6, 24, 0, 4, 3, 1, 1, 3, 43, 1, 1, '00:00:00'),
(1103, 6, 25, 0, 4, 3, 1, 1, 3, 43, 1, 1, '00:00:00'),
(1104, 6, 26, 0, 4, 3, 1, 1, 3, 43, 1, 1, '00:00:00'),
(1105, 6, 27, 0, 4, 3, 1, 1, 3, 43, 1, 1, '00:00:00'),
(1106, 6, 28, 0, 4, 3, 1, 1, 3, 43, 1, 1, '00:00:00'),
(1107, 6, 29, 0, 4, 3, 1, 1, 3, 43, 1, 1, '00:00:00'),
(1108, 6, 30, 0, 4, 3, 1, 1, 3, 43, 1, 1, '00:00:00'),
(1109, 6, 31, 0, 4, 3, 1, 1, 3, 43, 1, 1, '00:00:00'),
(1110, 6, 32, 0, 4, 3, 1, 1, 3, 43, 1, 1, '00:00:00'),
(1111, 6, 33, 0, 4, 3, 1, 1, 3, 43, 1, 1, '00:00:00'),
(1112, 6, 34, 0, 4, 3, 1, 1, 3, 43, 1, 1, '00:00:00'),
(1113, 6, 35, 0, 4, 3, 1, 1, 3, 43, 1, 1, '00:00:00'),
(1114, 6, 36, 0, 4, 3, 1, 1, 3, 43, 1, 1, '00:00:00'),
(1115, 6, 37, 0, 4, 3, 1, 1, 3, 43, 1, 1, '00:00:00'),
(1116, 6, 38, 0, 4, 3, 1, 1, 3, 43, 1, 1, '00:00:00'),
(1117, 6, 39, 0, 4, 3, 1, 1, 3, 43, 1, 1, '00:00:00'),
(1118, 6, 40, 0, 4, 3, 1, 1, 3, 43, 1, 1, '00:00:00'),
(1119, 6, 41, 0, 4, 3, 1, 1, 3, 43, 1, 1, '00:00:00'),
(1120, 6, 42, 0, 4, 3, 1, 1, 3, 43, 1, 1, '00:00:00'),
(1121, 6, 43, 0, 4, 3, 1, 1, 3, 43, 1, 1, '00:00:00'),
(1122, 6, 44, 0, 4, 3, 1, 1, 3, 43, 1, 1, '00:00:00'),
(1123, 6, 45, 0, 4, 3, 1, 1, 3, 43, 1, 1, '00:00:00'),
(1124, 6, 46, 0, 4, 3, 1, 1, 3, 43, 1, 1, '00:00:00'),
(1125, 6, 47, 0, 4, 3, 1, 1, 3, 43, 1, 1, '00:00:00'),
(1126, 6, 48, 0, 4, 3, 1, 1, 3, 43, 1, 1, '00:00:00'),
(1127, 6, 49, 0, 4, 3, 1, 1, 3, 43, 1, 1, '00:00:00'),
(1128, 6, 1, 0, 6, 2, 1, 1, 4, 44, 1, 1, '00:00:00'),
(1129, 6, 2, 0, 6, 2, 1, 1, 4, 44, 1, 1, '00:00:00'),
(1130, 6, 3, 0, 6, 2, 1, 1, 4, 44, 1, 1, '00:00:00'),
(1131, 6, 4, 0, 6, 2, 1, 1, 4, 44, 1, 1, '00:00:00'),
(1132, 6, 5, 0, 6, 2, 1, 1, 4, 44, 1, 1, '00:00:00'),
(1133, 6, 6, 0, 6, 2, 1, 1, 4, 44, 1, 1, '00:00:00'),
(1134, 6, 7, 0, 6, 2, 1, 1, 4, 44, 1, 1, '00:00:00'),
(1135, 6, 8, 0, 6, 2, 1, 1, 4, 44, 1, 1, '00:00:00'),
(1136, 6, 9, 0, 6, 2, 1, 1, 4, 44, 1, 1, '00:00:00'),
(1137, 6, 10, 0, 6, 2, 1, 1, 4, 44, 1, 1, '00:00:00'),
(1138, 6, 11, 0, 6, 2, 1, 1, 4, 44, 1, 1, '00:00:00'),
(1139, 6, 12, 0, 6, 2, 1, 1, 4, 44, 1, 1, '00:00:00'),
(1140, 6, 13, 0, 6, 2, 1, 1, 4, 44, 1, 1, '00:00:00'),
(1141, 6, 14, 0, 6, 2, 1, 1, 4, 44, 1, 1, '00:00:00'),
(1142, 6, 15, 0, 6, 2, 1, 1, 4, 44, 1, 1, '00:00:00'),
(1143, 6, 16, 0, 6, 2, 1, 1, 4, 44, 1, 1, '00:00:00'),
(1144, 6, 17, 0, 6, 2, 1, 1, 4, 44, 1, 1, '00:00:00'),
(1145, 6, 18, 0, 6, 2, 1, 1, 4, 44, 1, 1, '00:00:00'),
(1146, 6, 19, 0, 6, 2, 1, 1, 4, 44, 1, 1, '00:00:00'),
(1147, 6, 20, 0, 6, 2, 1, 1, 4, 44, 1, 1, '00:00:00'),
(1148, 6, 21, 0, 6, 2, 1, 1, 4, 44, 1, 1, '00:00:00'),
(1149, 6, 22, 0, 6, 2, 1, 1, 4, 44, 1, 1, '00:00:00'),
(1150, 6, 23, 0, 6, 2, 1, 1, 4, 44, 1, 1, '00:00:00'),
(1151, 6, 24, 0, 6, 2, 1, 1, 4, 44, 1, 1, '00:00:00'),
(1152, 6, 25, 0, 6, 2, 1, 1, 4, 44, 1, 1, '00:00:00'),
(1153, 6, 26, 0, 6, 2, 1, 1, 4, 44, 1, 1, '00:00:00'),
(1154, 6, 27, 0, 6, 2, 1, 1, 4, 44, 1, 1, '00:00:00'),
(1155, 6, 28, 0, 6, 2, 1, 1, 4, 44, 1, 1, '00:00:00'),
(1156, 6, 29, 0, 6, 2, 1, 1, 4, 44, 1, 1, '00:00:00'),
(1157, 6, 30, 0, 6, 2, 1, 1, 4, 44, 1, 1, '00:00:00'),
(1158, 6, 31, 0, 6, 2, 1, 1, 4, 44, 1, 1, '00:00:00'),
(1159, 6, 32, 0, 6, 2, 1, 1, 4, 44, 1, 1, '00:00:00'),
(1160, 6, 33, 0, 6, 2, 1, 1, 4, 44, 1, 1, '00:00:00'),
(1161, 6, 34, 0, 6, 2, 1, 1, 4, 44, 1, 1, '00:00:00'),
(1162, 6, 35, 0, 6, 2, 1, 1, 4, 44, 1, 1, '00:00:00'),
(1163, 6, 36, 0, 6, 2, 1, 1, 4, 44, 1, 1, '00:00:00'),
(1164, 6, 37, 0, 6, 2, 1, 1, 4, 44, 1, 1, '00:00:00'),
(1165, 6, 38, 0, 6, 2, 1, 1, 4, 44, 1, 1, '00:00:00'),
(1166, 6, 39, 0, 6, 2, 1, 1, 4, 44, 1, 1, '00:00:00'),
(1167, 6, 40, 0, 6, 2, 1, 1, 4, 44, 1, 1, '00:00:00'),
(1168, 6, 41, 0, 6, 2, 1, 1, 4, 44, 1, 1, '00:00:00'),
(1169, 6, 42, 0, 6, 2, 1, 1, 4, 44, 1, 1, '00:00:00'),
(1170, 6, 43, 0, 6, 2, 1, 1, 4, 44, 1, 1, '00:00:00'),
(1171, 6, 44, 0, 6, 2, 1, 1, 4, 44, 1, 1, '00:00:00'),
(1172, 6, 45, 0, 6, 2, 1, 1, 4, 44, 1, 1, '00:00:00'),
(1173, 6, 46, 0, 6, 2, 1, 1, 4, 44, 1, 1, '00:00:00'),
(1174, 6, 47, 0, 6, 2, 1, 1, 4, 44, 1, 1, '00:00:00'),
(1175, 6, 48, 0, 6, 2, 1, 1, 4, 44, 1, 1, '00:00:00'),
(1176, 6, 49, 0, 6, 2, 1, 1, 4, 44, 1, 1, '00:00:00'),
(1177, 7, 1, 0, 2, 2, 1, 1, 1, 49, 1, 1, '00:00:00'),
(1178, 7, 2, 0, 2, 2, 1, 1, 1, 49, 1, 1, '00:00:00'),
(1179, 7, 3, 0, 2, 2, 1, 1, 1, 49, 1, 1, '00:00:00'),
(1180, 7, 4, 0, 2, 2, 1, 1, 1, 49, 1, 1, '00:00:00'),
(1181, 7, 5, 0, 2, 2, 1, 1, 1, 49, 1, 1, '00:00:00'),
(1182, 7, 6, 0, 2, 2, 1, 1, 1, 49, 1, 1, '00:00:00'),
(1183, 7, 7, 0, 2, 2, 1, 1, 1, 49, 1, 1, '00:00:00'),
(1184, 7, 8, 0, 2, 2, 1, 1, 1, 49, 1, 1, '00:00:00'),
(1185, 7, 9, 0, 2, 2, 1, 1, 1, 49, 1, 1, '00:00:00'),
(1186, 7, 10, 0, 2, 2, 1, 1, 1, 49, 1, 1, '00:00:00'),
(1187, 7, 11, 0, 2, 2, 1, 1, 1, 49, 1, 1, '00:00:00'),
(1188, 7, 12, 0, 2, 2, 1, 1, 1, 49, 1, 1, '00:00:00'),
(1189, 7, 13, 0, 2, 2, 1, 1, 1, 49, 1, 1, '00:00:00'),
(1190, 7, 14, 0, 2, 2, 1, 1, 1, 49, 1, 1, '00:00:00'),
(1191, 7, 15, 0, 2, 2, 1, 1, 1, 49, 1, 1, '00:00:00'),
(1192, 7, 16, 0, 2, 2, 1, 1, 1, 49, 1, 1, '00:00:00'),
(1193, 7, 17, 0, 2, 2, 1, 1, 1, 49, 1, 1, '00:00:00'),
(1194, 7, 18, 0, 2, 2, 1, 1, 1, 49, 1, 1, '00:00:00'),
(1195, 7, 19, 0, 2, 2, 1, 1, 1, 49, 1, 1, '00:00:00'),
(1196, 7, 20, 0, 2, 2, 1, 1, 1, 49, 1, 1, '00:00:00'),
(1197, 7, 21, 0, 2, 2, 1, 1, 1, 49, 1, 1, '00:00:00'),
(1198, 7, 22, 0, 2, 2, 1, 1, 1, 49, 1, 1, '00:00:00'),
(1199, 7, 23, 0, 2, 2, 1, 1, 1, 49, 1, 1, '00:00:00'),
(1200, 7, 24, 0, 2, 2, 1, 1, 1, 49, 1, 1, '00:00:00'),
(1201, 7, 25, 0, 2, 2, 1, 1, 1, 49, 1, 1, '00:00:00'),
(1202, 7, 26, 0, 2, 2, 1, 1, 1, 49, 1, 1, '00:00:00'),
(1203, 7, 27, 0, 2, 2, 1, 1, 1, 49, 1, 1, '00:00:00'),
(1204, 7, 28, 0, 2, 2, 1, 1, 1, 49, 1, 1, '00:00:00'),
(1205, 7, 29, 0, 2, 2, 1, 1, 1, 49, 1, 1, '00:00:00'),
(1206, 7, 30, 0, 2, 2, 1, 1, 1, 49, 1, 1, '00:00:00'),
(1207, 7, 31, 0, 2, 2, 1, 1, 1, 49, 1, 1, '00:00:00'),
(1208, 7, 32, 0, 2, 2, 1, 1, 1, 49, 1, 1, '00:00:00'),
(1209, 7, 33, 0, 2, 2, 1, 1, 1, 49, 1, 1, '00:00:00'),
(1210, 7, 34, 0, 2, 2, 1, 1, 1, 49, 1, 1, '00:00:00'),
(1211, 7, 35, 0, 2, 2, 1, 1, 1, 49, 1, 1, '00:00:00'),
(1212, 7, 36, 0, 2, 2, 1, 1, 1, 49, 1, 1, '00:00:00'),
(1213, 7, 37, 0, 2, 2, 1, 1, 1, 49, 1, 1, '00:00:00'),
(1214, 7, 38, 0, 2, 2, 1, 1, 1, 49, 1, 1, '00:00:00'),
(1215, 7, 39, 0, 2, 2, 1, 1, 1, 49, 1, 1, '00:00:00'),
(1216, 7, 40, 0, 2, 2, 1, 1, 1, 49, 1, 1, '00:00:00'),
(1217, 7, 41, 0, 2, 2, 1, 1, 1, 49, 1, 1, '00:00:00'),
(1218, 7, 42, 0, 2, 2, 1, 1, 1, 49, 1, 1, '00:00:00'),
(1219, 7, 43, 0, 2, 2, 1, 1, 1, 49, 1, 1, '00:00:00'),
(1220, 7, 44, 0, 2, 2, 1, 1, 1, 49, 1, 1, '00:00:00'),
(1221, 7, 45, 0, 2, 2, 1, 1, 1, 49, 1, 1, '00:00:00'),
(1222, 7, 46, 0, 2, 2, 1, 1, 1, 49, 1, 1, '00:00:00'),
(1223, 7, 47, 0, 2, 2, 1, 1, 1, 49, 1, 1, '00:00:00'),
(1224, 7, 48, 0, 2, 2, 1, 1, 1, 49, 1, 1, '00:00:00'),
(1225, 7, 49, 0, 2, 2, 1, 1, 1, 49, 1, 1, '00:00:00'),
(1226, 7, 1, 0, 3, 2, 1, 1, 2, 50, 1, 1, '00:00:00'),
(1227, 7, 2, 0, 3, 2, 1, 1, 2, 50, 1, 1, '00:00:00'),
(1228, 7, 3, 0, 3, 2, 1, 1, 2, 50, 1, 1, '00:00:00'),
(1229, 7, 4, 0, 3, 2, 1, 1, 2, 50, 1, 1, '00:00:00'),
(1230, 7, 5, 0, 3, 2, 1, 1, 2, 50, 1, 1, '00:00:00'),
(1231, 7, 6, 0, 3, 2, 1, 1, 2, 50, 1, 1, '00:00:00'),
(1232, 7, 7, 0, 3, 2, 1, 1, 2, 50, 1, 1, '00:00:00'),
(1233, 7, 8, 0, 3, 2, 1, 1, 2, 50, 1, 1, '00:00:00'),
(1234, 7, 9, 0, 3, 2, 1, 1, 2, 50, 1, 1, '00:00:00'),
(1235, 7, 10, 0, 3, 2, 1, 1, 2, 50, 1, 1, '00:00:00'),
(1236, 7, 11, 0, 3, 2, 1, 1, 2, 50, 1, 1, '00:00:00'),
(1237, 7, 12, 0, 3, 2, 1, 1, 2, 50, 1, 1, '00:00:00'),
(1238, 7, 13, 0, 3, 2, 1, 1, 2, 50, 1, 1, '00:00:00'),
(1239, 7, 14, 0, 3, 2, 1, 1, 2, 50, 1, 1, '00:00:00'),
(1240, 7, 15, 0, 3, 2, 1, 1, 2, 50, 1, 1, '00:00:00'),
(1241, 7, 16, 0, 3, 2, 1, 1, 2, 50, 1, 1, '00:00:00'),
(1242, 7, 17, 0, 3, 2, 1, 1, 2, 50, 1, 1, '00:00:00'),
(1243, 7, 18, 0, 3, 2, 1, 1, 2, 50, 1, 1, '00:00:00'),
(1244, 7, 19, 0, 3, 2, 1, 1, 2, 50, 1, 1, '00:00:00'),
(1245, 7, 20, 0, 3, 2, 1, 1, 2, 50, 1, 1, '00:00:00'),
(1246, 7, 21, 0, 3, 2, 1, 1, 2, 50, 1, 1, '00:00:00'),
(1247, 7, 22, 0, 3, 2, 1, 1, 2, 50, 1, 1, '00:00:00'),
(1248, 7, 23, 0, 3, 2, 1, 1, 2, 50, 1, 1, '00:00:00'),
(1249, 7, 24, 0, 3, 2, 1, 1, 2, 50, 1, 1, '00:00:00'),
(1250, 7, 25, 0, 3, 2, 1, 1, 2, 50, 1, 1, '00:00:00'),
(1251, 7, 26, 0, 3, 2, 1, 1, 2, 50, 1, 1, '00:00:00'),
(1252, 7, 27, 0, 3, 2, 1, 1, 2, 50, 1, 1, '00:00:00'),
(1253, 7, 28, 0, 3, 2, 1, 1, 2, 50, 1, 1, '00:00:00'),
(1254, 7, 29, 0, 3, 2, 1, 1, 2, 50, 1, 1, '00:00:00'),
(1255, 7, 30, 0, 3, 2, 1, 1, 2, 50, 1, 1, '00:00:00'),
(1256, 7, 31, 0, 3, 2, 1, 1, 2, 50, 1, 1, '00:00:00'),
(1257, 7, 32, 0, 3, 2, 1, 1, 2, 50, 1, 1, '00:00:00'),
(1258, 7, 33, 0, 3, 2, 1, 1, 2, 50, 1, 1, '00:00:00'),
(1259, 7, 34, 0, 3, 2, 1, 1, 2, 50, 1, 1, '00:00:00'),
(1260, 7, 35, 0, 3, 2, 1, 1, 2, 50, 1, 1, '00:00:00'),
(1261, 7, 36, 0, 3, 2, 1, 1, 2, 50, 1, 1, '00:00:00'),
(1262, 7, 37, 0, 3, 2, 1, 1, 2, 50, 1, 1, '00:00:00'),
(1263, 7, 38, 0, 3, 2, 1, 1, 2, 50, 1, 1, '00:00:00'),
(1264, 7, 39, 0, 3, 2, 1, 1, 2, 50, 1, 1, '00:00:00'),
(1265, 7, 40, 0, 3, 2, 1, 1, 2, 50, 1, 1, '00:00:00'),
(1266, 7, 41, 0, 3, 2, 1, 1, 2, 50, 1, 1, '00:00:00'),
(1267, 7, 42, 0, 3, 2, 1, 1, 2, 50, 1, 1, '00:00:00'),
(1268, 7, 43, 0, 3, 2, 1, 1, 2, 50, 1, 1, '00:00:00'),
(1269, 7, 44, 0, 3, 2, 1, 1, 2, 50, 1, 1, '00:00:00'),
(1270, 7, 45, 0, 3, 2, 1, 1, 2, 50, 1, 1, '00:00:00'),
(1271, 7, 46, 0, 3, 2, 1, 1, 2, 50, 1, 1, '00:00:00'),
(1272, 7, 47, 0, 3, 2, 1, 1, 2, 50, 1, 1, '00:00:00'),
(1273, 7, 48, 0, 3, 2, 1, 1, 2, 50, 1, 1, '00:00:00'),
(1274, 7, 49, 0, 3, 2, 1, 1, 2, 50, 1, 1, '00:00:00'),
(1275, 7, 1, 0, 4, 3, 1, 1, 3, 51, 1, 1, '00:00:00'),
(1276, 7, 2, 0, 4, 3, 1, 1, 3, 51, 1, 1, '00:00:00'),
(1277, 7, 3, 0, 4, 3, 1, 1, 3, 51, 1, 1, '00:00:00'),
(1278, 7, 4, 0, 4, 3, 1, 1, 3, 51, 1, 1, '00:00:00'),
(1279, 7, 5, 0, 4, 3, 1, 1, 3, 51, 1, 1, '00:00:00'),
(1280, 7, 6, 0, 4, 3, 1, 1, 3, 51, 1, 1, '00:00:00'),
(1281, 7, 7, 0, 4, 3, 1, 1, 3, 51, 1, 1, '00:00:00'),
(1282, 7, 8, 0, 4, 3, 1, 1, 3, 51, 1, 1, '00:00:00'),
(1283, 7, 9, 0, 4, 3, 1, 1, 3, 51, 1, 1, '00:00:00'),
(1284, 7, 10, 0, 4, 3, 1, 1, 3, 51, 1, 1, '00:00:00'),
(1285, 7, 11, 0, 4, 3, 1, 1, 3, 51, 1, 1, '00:00:00'),
(1286, 7, 12, 0, 4, 3, 1, 1, 3, 51, 1, 1, '00:00:00'),
(1287, 7, 13, 0, 4, 3, 1, 1, 3, 51, 1, 1, '00:00:00'),
(1288, 7, 14, 0, 4, 3, 1, 1, 3, 51, 1, 1, '00:00:00'),
(1289, 7, 15, 0, 4, 3, 1, 1, 3, 51, 1, 1, '00:00:00'),
(1290, 7, 16, 0, 4, 3, 1, 1, 3, 51, 1, 1, '00:00:00'),
(1291, 7, 17, 0, 4, 3, 1, 1, 3, 51, 1, 1, '00:00:00'),
(1292, 7, 18, 0, 4, 3, 1, 1, 3, 51, 1, 1, '00:00:00'),
(1293, 7, 19, 0, 4, 3, 1, 1, 3, 51, 1, 1, '00:00:00'),
(1294, 7, 20, 0, 4, 3, 1, 1, 3, 51, 1, 1, '00:00:00'),
(1295, 7, 21, 0, 4, 3, 1, 1, 3, 51, 1, 1, '00:00:00'),
(1296, 7, 22, 0, 4, 3, 1, 1, 3, 51, 1, 1, '00:00:00'),
(1297, 7, 23, 0, 4, 3, 1, 1, 3, 51, 1, 1, '00:00:00'),
(1298, 7, 24, 0, 4, 3, 1, 1, 3, 51, 1, 1, '00:00:00'),
(1299, 7, 25, 0, 4, 3, 1, 1, 3, 51, 1, 1, '00:00:00'),
(1300, 7, 26, 0, 4, 3, 1, 1, 3, 51, 1, 1, '00:00:00'),
(1301, 7, 27, 0, 4, 3, 1, 1, 3, 51, 1, 1, '00:00:00'),
(1302, 7, 28, 0, 4, 3, 1, 1, 3, 51, 1, 1, '00:00:00'),
(1303, 7, 29, 0, 4, 3, 1, 1, 3, 51, 1, 1, '00:00:00'),
(1304, 7, 30, 0, 4, 3, 1, 1, 3, 51, 1, 1, '00:00:00'),
(1305, 7, 31, 0, 4, 3, 1, 1, 3, 51, 1, 1, '00:00:00'),
(1306, 7, 32, 0, 4, 3, 1, 1, 3, 51, 1, 1, '00:00:00'),
(1307, 7, 33, 0, 4, 3, 1, 1, 3, 51, 1, 1, '00:00:00'),
(1308, 7, 34, 0, 4, 3, 1, 1, 3, 51, 1, 1, '00:00:00'),
(1309, 7, 35, 0, 4, 3, 1, 1, 3, 51, 1, 1, '00:00:00'),
(1310, 7, 36, 0, 4, 3, 1, 1, 3, 51, 1, 1, '00:00:00'),
(1311, 7, 37, 0, 4, 3, 1, 1, 3, 51, 1, 1, '00:00:00'),
(1312, 7, 38, 0, 4, 3, 1, 1, 3, 51, 1, 1, '00:00:00'),
(1313, 7, 39, 0, 4, 3, 1, 1, 3, 51, 1, 1, '00:00:00'),
(1314, 7, 40, 0, 4, 3, 1, 1, 3, 51, 1, 1, '00:00:00'),
(1315, 7, 41, 0, 4, 3, 1, 1, 3, 51, 1, 1, '00:00:00'),
(1316, 7, 42, 0, 4, 3, 1, 1, 3, 51, 1, 1, '00:00:00'),
(1317, 7, 43, 0, 4, 3, 1, 1, 3, 51, 1, 1, '00:00:00'),
(1318, 7, 44, 0, 4, 3, 1, 1, 3, 51, 1, 1, '00:00:00'),
(1319, 7, 45, 0, 4, 3, 1, 1, 3, 51, 1, 1, '00:00:00'),
(1320, 7, 46, 0, 4, 3, 1, 1, 3, 51, 1, 1, '00:00:00'),
(1321, 7, 47, 0, 4, 3, 1, 1, 3, 51, 1, 1, '00:00:00'),
(1322, 7, 48, 0, 4, 3, 1, 1, 3, 51, 1, 1, '00:00:00'),
(1323, 7, 49, 0, 4, 3, 1, 1, 3, 51, 1, 1, '00:00:00'),
(1324, 7, 1, 0, 6, 2, 1, 1, 4, 52, 1, 1, '00:00:00'),
(1325, 7, 2, 0, 6, 2, 1, 1, 4, 52, 1, 1, '00:00:00'),
(1326, 7, 3, 0, 6, 2, 1, 1, 4, 52, 1, 1, '00:00:00'),
(1327, 7, 4, 0, 6, 2, 1, 1, 4, 52, 1, 1, '00:00:00'),
(1328, 7, 5, 0, 6, 2, 1, 1, 4, 52, 1, 1, '00:00:00'),
(1329, 7, 6, 0, 6, 2, 1, 1, 4, 52, 1, 1, '00:00:00'),
(1330, 7, 7, 0, 6, 2, 1, 1, 4, 52, 1, 1, '00:00:00'),
(1331, 7, 8, 0, 6, 2, 1, 1, 4, 52, 1, 1, '00:00:00'),
(1332, 7, 9, 0, 6, 2, 1, 1, 4, 52, 1, 1, '00:00:00'),
(1333, 7, 10, 0, 6, 2, 1, 1, 4, 52, 1, 1, '00:00:00'),
(1334, 7, 11, 0, 6, 2, 1, 1, 4, 52, 1, 1, '00:00:00'),
(1335, 7, 12, 0, 6, 2, 1, 1, 4, 52, 1, 1, '00:00:00'),
(1336, 7, 13, 0, 6, 2, 1, 1, 4, 52, 1, 1, '00:00:00'),
(1337, 7, 14, 0, 6, 2, 1, 1, 4, 52, 1, 1, '00:00:00'),
(1338, 7, 15, 0, 6, 2, 1, 1, 4, 52, 1, 1, '00:00:00'),
(1339, 7, 16, 0, 6, 2, 1, 1, 4, 52, 1, 1, '00:00:00'),
(1340, 7, 17, 0, 6, 2, 1, 1, 4, 52, 1, 1, '00:00:00'),
(1341, 7, 18, 0, 6, 2, 1, 1, 4, 52, 1, 1, '00:00:00'),
(1342, 7, 19, 0, 6, 2, 1, 1, 4, 52, 1, 1, '00:00:00'),
(1343, 7, 20, 0, 6, 2, 1, 1, 4, 52, 1, 1, '00:00:00'),
(1344, 7, 21, 0, 6, 2, 1, 1, 4, 52, 1, 1, '00:00:00'),
(1345, 7, 22, 0, 6, 2, 1, 1, 4, 52, 1, 1, '00:00:00'),
(1346, 7, 23, 0, 6, 2, 1, 1, 4, 52, 1, 1, '00:00:00'),
(1347, 7, 24, 0, 6, 2, 1, 1, 4, 52, 1, 1, '00:00:00'),
(1348, 7, 25, 0, 6, 2, 1, 1, 4, 52, 1, 1, '00:00:00'),
(1349, 7, 26, 0, 6, 2, 1, 1, 4, 52, 1, 1, '00:00:00'),
(1350, 7, 27, 0, 6, 2, 1, 1, 4, 52, 1, 1, '00:00:00'),
(1351, 7, 28, 0, 6, 2, 1, 1, 4, 52, 1, 1, '00:00:00'),
(1352, 7, 29, 0, 6, 2, 1, 1, 4, 52, 1, 1, '00:00:00'),
(1353, 7, 30, 0, 6, 2, 1, 1, 4, 52, 1, 1, '00:00:00'),
(1354, 7, 31, 0, 6, 2, 1, 1, 4, 52, 1, 1, '00:00:00'),
(1355, 7, 32, 0, 6, 2, 1, 1, 4, 52, 1, 1, '00:00:00'),
(1356, 7, 33, 0, 6, 2, 1, 1, 4, 52, 1, 1, '00:00:00'),
(1357, 7, 34, 0, 6, 2, 1, 1, 4, 52, 1, 1, '00:00:00'),
(1358, 7, 35, 0, 6, 2, 1, 1, 4, 52, 1, 1, '00:00:00'),
(1359, 7, 36, 0, 6, 2, 1, 1, 4, 52, 1, 1, '00:00:00'),
(1360, 7, 37, 0, 6, 2, 1, 1, 4, 52, 1, 1, '00:00:00'),
(1361, 7, 38, 0, 6, 2, 1, 1, 4, 52, 1, 1, '00:00:00'),
(1362, 7, 39, 0, 6, 2, 1, 1, 4, 52, 1, 1, '00:00:00'),
(1363, 7, 40, 0, 6, 2, 1, 1, 4, 52, 1, 1, '00:00:00'),
(1364, 7, 41, 0, 6, 2, 1, 1, 4, 52, 1, 1, '00:00:00'),
(1365, 7, 42, 0, 6, 2, 1, 1, 4, 52, 1, 1, '00:00:00'),
(1366, 7, 43, 0, 6, 2, 1, 1, 4, 52, 1, 1, '00:00:00'),
(1367, 7, 44, 0, 6, 2, 1, 1, 4, 52, 1, 1, '00:00:00'),
(1368, 7, 45, 0, 6, 2, 1, 1, 4, 52, 1, 1, '00:00:00'),
(1369, 7, 46, 0, 6, 2, 1, 1, 4, 52, 1, 1, '00:00:00'),
(1370, 7, 47, 0, 6, 2, 1, 1, 4, 52, 1, 1, '00:00:00'),
(1371, 7, 48, 0, 6, 2, 1, 1, 4, 52, 1, 1, '00:00:00'),
(1372, 7, 49, 0, 6, 2, 1, 1, 4, 52, 1, 1, '00:00:00');

-- --------------------------------------------------------

--
-- Structure de la table `table_championnat`
--

CREATE TABLE `table_championnat` (
  `id_championnat` int(11) NOT NULL,
  `nom_championnat` varchar(255) NOT NULL,
  `divers_championnat` varchar(255) NOT NULL
) ENGINE=InnoDB DEFAULT CHARSET=utf8;

--
-- Déchargement des données de la table `table_championnat`
--

INSERT INTO `table_championnat` (`id_championnat`, `nom_championnat`, `divers_championnat`) VALUES
(1, 'jeunes', 'championnat jeunes'),
(2, 'séniors', 'championnat séniors');

-- --------------------------------------------------------

--
-- Structure de la table `table_clubs_a`
--

CREATE TABLE `table_clubs_a` (
  `id_club_A` int(11) NOT NULL,
  `nom_club_A` varchar(255) NOT NULL,
  `acronyme_club_A` varchar(11) NOT NULL,
  `horaire` time NOT NULL,
  `mail_club_A` varchar(255) NOT NULL,
  `adresse_club_A` varchar(255) NOT NULL,
  `code_postal_club_A` int(11) NOT NULL,
  `ville_club_A` varchar(255) NOT NULL,
  `tel_club_A` varchar(255) NOT NULL,
  `site_club_A` varchar(255) NOT NULL
) ENGINE=InnoDB DEFAULT CHARSET=utf8;

--
-- Déchargement des données de la table `table_clubs_a`
--

INSERT INTO `table_clubs_a` (`id_club_A`, `nom_club_A`, `acronyme_club_A`, `horaire`, `mail_club_A`, `adresse_club_A`, `code_postal_club_A`, `ville_club_A`, `tel_club_A`, `site_club_A`) VALUES
(1, 'NON DÉFINI', 'NON DÉFINI', '00:00:00', '', '', 0, '', '', ''),
(2, 'EXEMPT', 'EXEMPT', '00:00:00', '', '', 0, '', '', ''),
(3, 'GUIPAVAS', 'GDR', '14:00:00', 'sylvie.delacroix29@gmail.com', 'sportif europe\nrue commandant challe', 29490, 'GUIPAVAS', '06.79.53.89.13', ''),
(4, 'LANDERNEAU', 'LTT', '14:00:00', 'le-helloco.anne-sophie@orange.fr', 'salle de tennis de table\nrue st ernel\nprès de la piscine - salle cose\n', 29800, 'LANDERNEAU', '06 82 19 70 84', ''),
(5, 'ST-POL DE LEON ', 'ESK ST-POL ', '14:00:00', '', 'salle jean riou\nrue du collège', 29250, 'ST POL DE LEON ', '', ''),
(6, 'TT ABERS', 'TT ABERS', '14:00:00', '', 'streat kichen à landéda ', 29870, 'LANNILIS ', '', ''),
(7, 'PPC KERHUONNAIS ', 'PPC KERHUON', '14:00:00', '', 'salle de tennis de table\n7 rue jean zay\n', 29480, 'LE RELECQ KERHUON ', '', ''),
(8, 'TTC BREST RECOUVRANCE ', 'TTCBR', '14:00:00', '', 'Salle spécifique tennis de tabl\n2 rue Laurent Le Gendre\n', 29200, 'BREST', '', ''),
(9, 'LEGION ST-PIERRE BREST ', 'LSP', '14:00:00', '', 'LEGION ST-PIERRE DE BREST\n3 route des 4 Pompes', 29200, 'BREST', '', ''),
(10, 'TT GOUESNOU ', 'TT GOUESNOU', '15:00:00', '', 'Salle Spécifique\nEspace Charles HUON\nRue du Gymnase', 29850, 'GOUESNOU', '', ''),
(11, 'SAINT-RENAN TT ', 'SAINT-RENAN', '14:00:00', '', 'Complexe Sportif de LOKOURNAN\nPrès du Camping\nRoute de l\'Aber', 29290, 'SAINT RENAN', '', ''),
(12, 'TT LOC MARIA-PLOUZANE ', 'TT LOC MARI', '14:00:00', '', 'Salle Omnisports Keralauraurent\nRoute de Pen Ar Menez\n', 29280, 'LOCMARIA PLOUZANE ', '', ''),
(13, 'ASC GUICLAN TT ', 'ASC GUICLAN', '14:00:00', '', 'Terrain des Sports\nRoute de Guern', 29410, 'GUICLAN ', '', ''),
(14, 'TT LANDIVISIAU ', 'TT LANDIVIS', '14:00:00', '', 'SALLE DE KERVANOUS\nBD DE LA REPUBLIQUE\nPRES DU CENTRE LECLERC\n', 29400, 'LANDIVISIAU', '', ''),
(15, 'TT LOPERHET ', 'TT LOPERHET', '14:00:00', '', 'Salle Omnisports\nALLEE DU TRIMARAN\nCOADIC VIHAN\n', 29470, 'LOPERHET', '', ''),
(16, 'TT LE FOLGOET-LESNEVEN ', 'TT LE FOLGO', '14:00:00', '', 'salle du Trégor\ncomplexe sportif\nroute de brest\n', 29260, 'LE FOLGOET ', '', ''),
(17, 'PC PLABENNEC ', 'PC PLABENNE', '14:00:00', '', 'Salle Spé de Tennis de Table\nComplexe Louis GOASDUF\n', 29860, 'PLABENNEC', '', ''),
(18, 'AL PLOUZANE', '', '14:00:00', '', 'castel nevez\r\nrue du 8 mai 1945', 29280, 'PLOUZANE', '', ''),
(19, 'MORLAIX SAINT MARTIN', '', '14:00:00', '', 'Rue de tunès\r\nancienne école du Binigou', 29600, 'SAINT MARTIN DES CHAMPS', '', ''),
(20, 'CTT PLOUIGNEAU', '', '14:00:00', '', 'Salle Omnisports\r\nComplexe Joseph URIEN', 29610, 'PLOUIGNEAU ', '', ''),
(21, 'PPC CLEDER', '', '14:00:00', '', 'Salle Spécifique\r\n16 rue du Pont Jégu', 29233, 'CLEDER ', '', ''),
(22, 'BODILIS PLOUGAR TT', '', '00:00:00', '', 'Salle Multifonctions\r\nParking de l\'école\r\nRue de l\'école', 29400, 'BODILIS ', '', ''),
(23, 'TTAL HUELGOAT-PLOUYE ', '', '14:00:00', '', 'Gymnase\r\nPlace de la Mairie', 29690, 'HUELGOAT ', '', '');

-- --------------------------------------------------------

--
-- Structure de la table `table_date`
--

CREATE TABLE `table_date` (
  `id_date` int(11) NOT NULL,
  `nom_date` date NOT NULL,
  `journee_date` int(11) NOT NULL,
  `phase_date` int(11) NOT NULL
) ENGINE=InnoDB DEFAULT CHARSET=utf8;

--
-- Déchargement des données de la table `table_date`
--

INSERT INTO `table_date` (`id_date`, `nom_date`, `journee_date`, `phase_date`) VALUES
(1, '2021-10-02', 1, 1),
(2, '2021-10-16', 2, 1),
(3, '2021-10-23', 3, 1),
(4, '2021-11-06', 4, 1),
(5, '2021-11-13', 5, 1),
(6, '2021-11-27', 6, 1),
(7, '2021-12-11', 7, 1);

-- --------------------------------------------------------

--
-- Structure de la table `table_domext`
--

CREATE TABLE `table_domext` (
  `id_domext` int(11) NOT NULL,
  `nom_domext` varchar(255) NOT NULL,
  `horaire_domext` time NOT NULL,
  `divers_domext` varchar(255) NOT NULL
) ENGINE=InnoDB DEFAULT CHARSET=utf8;

--
-- Déchargement des données de la table `table_domext`
--

INSERT INTO `table_domext` (`id_domext`, `nom_domext`, `horaire_domext`, `divers_domext`) VALUES
(1, 'domicile', '13:30:00', 'à la maison'),
(2, 'l\'extérieur', '14:00:00', 'pas à la maison');

-- --------------------------------------------------------

--
-- Structure de la table `table_equipes`
--

CREATE TABLE `table_equipes` (
  `id_equipe` int(11) NOT NULL,
  `nom_equipe` varchar(255) NOT NULL,
  `divers_equipe` varchar(255) NOT NULL
) ENGINE=InnoDB DEFAULT CHARSET=utf8;

--
-- Déchargement des données de la table `table_equipes`
--

INSERT INTO `table_equipes` (`id_equipe`, `nom_equipe`, `divers_equipe`) VALUES
(1, 'équipe 1', ''),
(2, 'équipe 2', ''),
(3, 'équipe 3', ''),
(4, 'équipe 4', '');

-- --------------------------------------------------------

--
-- Structure de la table `table_etats_joueurs_final`
--

CREATE TABLE `table_etats_joueurs_final` (
  `id_etat_joueur` int(11) NOT NULL,
  `nom_etat_joueur` varchar(255) NOT NULL,
  `disponibilite_etat_joueur` tinyint(1) NOT NULL DEFAULT 0,
  `divers_etat_joueur` varchar(255) NOT NULL
) ENGINE=InnoDB DEFAULT CHARSET=utf8;

--
-- Déchargement des données de la table `table_etats_joueurs_final`
--

INSERT INTO `table_etats_joueurs_final` (`id_etat_joueur`, `nom_etat_joueur`, `disponibilite_etat_joueur`, `divers_etat_joueur`) VALUES
(1, 'non défini', 0, 'non défini'),
(3, 'absent justifié', 0, 'absence valable'),
(4, 'absent non justifié', 0, 'pas de motif valable'),
(10, 'joue', 0, 'le joueur a joué'),
(11, 'remplaçant', 0, 'remplaçant');

-- --------------------------------------------------------

--
-- Structure de la table `table_etats_joueurs_init`
--

CREATE TABLE `table_etats_joueurs_init` (
  `id_etat_joueur` int(11) NOT NULL,
  `nom_etat_joueur` varchar(255) NOT NULL,
  `disponibilite_etat_joueur` tinyint(1) NOT NULL DEFAULT 0,
  `divers_etat_joueur` varchar(255) NOT NULL
) ENGINE=InnoDB DEFAULT CHARSET=utf8;

--
-- Déchargement des données de la table `table_etats_joueurs_init`
--

INSERT INTO `table_etats_joueurs_init` (`id_etat_joueur`, `nom_etat_joueur`, `disponibilite_etat_joueur`, `divers_etat_joueur`) VALUES
(1, 'non défini', 0, 'non défini'),
(2, 'présent', 1, 'le joueur est présent'),
(3, 'absent ', 0, 'le joueur est absent'),
(4, 'oui, si besoin', 0, 'oui, si besoin');

-- --------------------------------------------------------

--
-- Structure de la table `table_joueurs`
--

CREATE TABLE `table_joueurs` (
  `id_joueur` int(11) NOT NULL,
  `nom_joueur` varchar(255) NOT NULL,
  `prenom_joueur` varchar(255) NOT NULL,
  `classement` int(11) NOT NULL,
  `mail_1_joueur` varchar(255) NOT NULL,
  `mail_2_joueur` varchar(255) NOT NULL,
  `tel_1_joueur` varchar(255) NOT NULL,
  `tel_2_joueur` varchar(255) NOT NULL,
  `divers_joueur` varchar(255) NOT NULL
) ENGINE=InnoDB DEFAULT CHARSET=utf8;

--
-- Déchargement des données de la table `table_joueurs`
--

INSERT INTO `table_joueurs` (`id_joueur`, `nom_joueur`, `prenom_joueur`, `classement`, `mail_1_joueur`, `mail_2_joueur`, `tel_1_joueur`, `tel_2_joueur`, `divers_joueur`) VALUES
(1, 'CADALEN', 'Sacha', 582, 'julien.cadalen@free.fr', '', '--', '0661857136', ''),
(2, 'CONQ', 'Enzo', 613, 'regsab@laposte.net', '', '--', '--', ''),
(3, 'FABREGUES', 'Charly', 505, 'david.fabregues12@orange.fr', '', '--', '--', ''),
(4, 'FAUJOUR', 'Ewan', 552, 'lamourodile@gmail.com', '', '0298203855', '--', ''),
(5, 'GOUEZ', 'Arno', 582, 'isa.treb@orange.fr', '', '--', '0617070209', ''),
(6, 'HALLEGOUET', 'Ines', 630, 'pascalhallegouet@gmail.com', '', '0298853674', '--', ''),
(7, 'LE ROY', 'Alexandre', 525, 'patrickkleroy@gmail.com', '', '--', '--', ''),
(8, 'LE ROY', 'Florian', 509, 'patrickkleroy@gmail.com', '', '--', '--', ''),
(9, 'LEAL-BROCARD', 'Gwenole', 712, 'lesivy@gmail.com', '', '--', '--', ''),
(10, 'MARHADOUR', 'Neouss', 500, 'scianlp@gmail.com', '', '--', '--', ''),
(11, 'MOAL LAGADEC', 'Victorien', 533, 'jr.moal@free.fr', '', '--', '--', ''),
(12, 'MOALIC', 'Ethan', 500, 'marina200582@aol.com', '', '--', '0663553892', ''),
(13, 'PERREAU', 'Lemmy', 500, 'sophie.perreau@gmail.com', '', '--', '--', ''),
(14, 'QUERE', 'Tess', 500, 'cynseite@hotmail.fr', '', '--', '--', ''),
(15, 'ROIGNANT-MORVAN', 'Ewen', 562, 'frederic.roignant@orange.fr', 'contact.roignant@gmail.com', '--', '--', ''),
(16, 'SCHAFF', 'Axel', 620, 'nicolassc@free.fr', '', '--', '0637911228', ''),
(17, 'SIMON', 'Shyrel', 500, 'rozenn.simon2706@gmail.com', '', '--', '--', ''),
(18, 'VIENNOT', 'Paul', 699, 'nicolas.viennot.sdstt@gmail.com', 'myriam2931@yahoo.fr', '--', '0687179129', ''),
(19, 'VIENNOT', 'Audrey', 608, 'nicolas.viennot.sdstt@gmail.com', 'myriam2931@yahoo.fr', '--', '0687179129', '');

-- --------------------------------------------------------

--
-- Structure de la table `table_joueur_etat_provisoire`
--

CREATE TABLE `table_joueur_etat_provisoire` (
  `id` int(11) NOT NULL,
  `id_date` int(11) NOT NULL,
  `id_etat_initial` int(11) NOT NULL,
  `id_etat_final` int(11) NOT NULL
) ENGINE=InnoDB DEFAULT CHARSET=utf8;

--
-- Déchargement des données de la table `table_joueur_etat_provisoire`
--

INSERT INTO `table_joueur_etat_provisoire` (`id`, `id_date`, `id_etat_initial`, `id_etat_final`) VALUES
(1, 1, 2, 1),
(2, 2, 2, 1),
(3, 3, 2, 1),
(4, 4, 2, 1),
(5, 5, 2, 1),
(6, 6, 2, 1),
(7, 7, 2, 1);

-- --------------------------------------------------------

--
-- Structure de la table `table_niveaux`
--

CREATE TABLE `table_niveaux` (
  `id_niveau` int(11) NOT NULL,
  `nom_niveau` varchar(255) NOT NULL,
  `divers_niveau` varchar(255) NOT NULL
) ENGINE=InnoDB DEFAULT CHARSET=utf8;

--
-- Déchargement des données de la table `table_niveaux`
--

INSERT INTO `table_niveaux` (`id_niveau`, `nom_niveau`, `divers_niveau`) VALUES
(1, 'non défini', 'non défini'),
(2, 'D1', 'départementale 1'),
(3, 'D2', 'départementale 2'),
(4, 'D3', 'départementale 3'),
(5, 'D4', 'départementale 4'),
(6, 'plateau ben/poussin', 'plateau benjamins/poussins');

-- --------------------------------------------------------

--
-- Structure de la table `table_poule`
--

CREATE TABLE `table_poule` (
  `id_poule` int(11) NOT NULL,
  `nom_poule` varchar(255) NOT NULL,
  `divers_poule` varchar(255) NOT NULL
) ENGINE=InnoDB DEFAULT CHARSET=utf8;

--
-- Déchargement des données de la table `table_poule`
--

INSERT INTO `table_poule` (`id_poule`, `nom_poule`, `divers_poule`) VALUES
(1, 'non défini', 'non défini'),
(2, 'A', 'poule A'),
(3, 'B', 'poule B'),
(4, 'C', 'poule C'),
(5, 'D', 'poule D'),
(6, 'E', 'poule E'),
(7, 'F', 'poule F'),
(8, 'G', 'poule G'),
(9, 'H', 'poule H');

-- --------------------------------------------------------

--
-- Structure de la table `table_rendez_vous`
--

CREATE TABLE `table_rendez_vous` (
  `id_rendez_vous` int(11) NOT NULL,
  `lieu_rendez_vous` varchar(255) NOT NULL,
  `divers_rendez_vous` varchar(255) NOT NULL
) ENGINE=InnoDB DEFAULT CHARSET=utf8;

--
-- Déchargement des données de la table `table_rendez_vous`
--

INSERT INTO `table_rendez_vous` (`id_rendez_vous`, `lieu_rendez_vous`, `divers_rendez_vous`) VALUES
(1, 'non défini', 'non défini'),
(2, ' sur place', 'extérieur'),
(3, 'rendez vous à la salle', ' à la salle');

--
-- Index pour les tables déchargées
--

--
-- Index pour la table `table_adversaire`
--
ALTER TABLE `table_adversaire`
  ADD PRIMARY KEY (`id_adversaire`);

--
-- Index pour la table `table_centrale`
--
ALTER TABLE `table_centrale`
  ADD PRIMARY KEY (`id_table`);

--
-- Index pour la table `table_championnat`
--
ALTER TABLE `table_championnat`
  ADD PRIMARY KEY (`id_championnat`);

--
-- Index pour la table `table_clubs_a`
--
ALTER TABLE `table_clubs_a`
  ADD PRIMARY KEY (`id_club_A`);

--
-- Index pour la table `table_date`
--
ALTER TABLE `table_date`
  ADD PRIMARY KEY (`id_date`);

--
-- Index pour la table `table_domext`
--
ALTER TABLE `table_domext`
  ADD PRIMARY KEY (`id_domext`);

--
-- Index pour la table `table_equipes`
--
ALTER TABLE `table_equipes`
  ADD PRIMARY KEY (`id_equipe`);

--
-- Index pour la table `table_etats_joueurs_final`
--
ALTER TABLE `table_etats_joueurs_final`
  ADD PRIMARY KEY (`id_etat_joueur`);

--
-- Index pour la table `table_etats_joueurs_init`
--
ALTER TABLE `table_etats_joueurs_init`
  ADD PRIMARY KEY (`id_etat_joueur`);

--
-- Index pour la table `table_joueurs`
--
ALTER TABLE `table_joueurs`
  ADD PRIMARY KEY (`id_joueur`);

--
-- Index pour la table `table_joueur_etat_provisoire`
--
ALTER TABLE `table_joueur_etat_provisoire`
  ADD PRIMARY KEY (`id`);

--
-- Index pour la table `table_niveaux`
--
ALTER TABLE `table_niveaux`
  ADD PRIMARY KEY (`id_niveau`);

--
-- Index pour la table `table_poule`
--
ALTER TABLE `table_poule`
  ADD PRIMARY KEY (`id_poule`);

--
-- Index pour la table `table_rendez_vous`
--
ALTER TABLE `table_rendez_vous`
  ADD PRIMARY KEY (`id_rendez_vous`);

--
-- AUTO_INCREMENT pour les tables déchargées
--

--
-- AUTO_INCREMENT pour la table `table_adversaire`
--
ALTER TABLE `table_adversaire`
  MODIFY `id_adversaire` int(11) NOT NULL AUTO_INCREMENT, AUTO_INCREMENT=821;

--
-- AUTO_INCREMENT pour la table `table_centrale`
--
ALTER TABLE `table_centrale`
  MODIFY `id_table` int(11) NOT NULL AUTO_INCREMENT, AUTO_INCREMENT=1373;

--
-- AUTO_INCREMENT pour la table `table_championnat`
--
ALTER TABLE `table_championnat`
  MODIFY `id_championnat` int(11) NOT NULL AUTO_INCREMENT, AUTO_INCREMENT=3;

--
-- AUTO_INCREMENT pour la table `table_clubs_a`
--
ALTER TABLE `table_clubs_a`
  MODIFY `id_club_A` int(11) NOT NULL AUTO_INCREMENT, AUTO_INCREMENT=24;

--
-- AUTO_INCREMENT pour la table `table_date`
--
ALTER TABLE `table_date`
  MODIFY `id_date` int(11) NOT NULL AUTO_INCREMENT, AUTO_INCREMENT=8;

--
-- AUTO_INCREMENT pour la table `table_domext`
--
ALTER TABLE `table_domext`
  MODIFY `id_domext` int(11) NOT NULL AUTO_INCREMENT, AUTO_INCREMENT=3;

--
-- AUTO_INCREMENT pour la table `table_equipes`
--
ALTER TABLE `table_equipes`
  MODIFY `id_equipe` int(11) NOT NULL AUTO_INCREMENT, AUTO_INCREMENT=11;

--
-- AUTO_INCREMENT pour la table `table_etats_joueurs_final`
--
ALTER TABLE `table_etats_joueurs_final`
  MODIFY `id_etat_joueur` int(11) NOT NULL AUTO_INCREMENT, AUTO_INCREMENT=12;

--
-- AUTO_INCREMENT pour la table `table_etats_joueurs_init`
--
ALTER TABLE `table_etats_joueurs_init`
  MODIFY `id_etat_joueur` int(11) NOT NULL AUTO_INCREMENT, AUTO_INCREMENT=5;

--
-- AUTO_INCREMENT pour la table `table_joueurs`
--
ALTER TABLE `table_joueurs`
  MODIFY `id_joueur` int(11) NOT NULL AUTO_INCREMENT, AUTO_INCREMENT=20;

--
-- AUTO_INCREMENT pour la table `table_joueur_etat_provisoire`
--
ALTER TABLE `table_joueur_etat_provisoire`
  MODIFY `id` int(11) NOT NULL AUTO_INCREMENT, AUTO_INCREMENT=8;

--
-- AUTO_INCREMENT pour la table `table_niveaux`
--
ALTER TABLE `table_niveaux`
  MODIFY `id_niveau` int(11) NOT NULL AUTO_INCREMENT, AUTO_INCREMENT=7;

--
-- AUTO_INCREMENT pour la table `table_poule`
--
ALTER TABLE `table_poule`
  MODIFY `id_poule` int(11) NOT NULL AUTO_INCREMENT, AUTO_INCREMENT=10;

--
-- AUTO_INCREMENT pour la table `table_rendez_vous`
--
ALTER TABLE `table_rendez_vous`
  MODIFY `id_rendez_vous` int(11) NOT NULL AUTO_INCREMENT, AUTO_INCREMENT=4;
COMMIT;

/*!40101 SET CHARACTER_SET_CLIENT=@OLD_CHARACTER_SET_CLIENT */;
/*!40101 SET CHARACTER_SET_RESULTS=@OLD_CHARACTER_SET_RESULTS */;
/*!40101 SET COLLATION_CONNECTION=@OLD_COLLATION_CONNECTION */;
